"Station Name","CHAMPION AGDM"
"Province","ALBERTA"
"Latitude","50.28"
"Longitude","-113.35"
"Elevation","1006.00"
"Climate Identifier","3031480"
"WMO Identifier","71217"
"TC Identifier","XCP"
"All times are specified in Local Standard Time (LST). Add 1 hour to adjust for Daylight Saving Time where and when it is observed."

"Legend"
"E","Estimated"
"M","Missing"
"NA","Not Available"

"Date/Time","Year","Month","Day","Time","Temp (°C)","Temp Flag","Dew Point Temp (°C)","Dew Point Temp Flag","Rel Hum (%)","Rel Hum Flag","Wind Dir (10s deg)","Wind Dir Flag","Wind Spd (km/h)","Wind Spd Flag","Visibility (km)","Visibility Flag","Stn Press (kPa)","Stn Press Flag","Hmdx","Hmdx Flag","Wind Chill","Wind Chill Flag","Weather"
"2014-04-01 00:00","2014","04","01","00:00","-6.8","","-7.3","","96","","35","","6","","","","","M","","","-10","","NA"
"2014-04-01 01:00","2014","04","01","01:00","-7.0","","-7.6","","96","","36","","8","","","","","M","","","-11","","NA"
"2014-04-01 02:00","2014","04","01","02:00","-7.4","","-8.0","","95","","34","","9","","","","","M","","","-12","","NA"
"2014-04-01 03:00","2014","04","01","03:00","-7.4","","-8.0","","95","","35","","7","","","","","M","","","-11","","NA"
"2014-04-01 04:00","2014","04","01","04:00","-7.6","","-8.1","","96","","34","","9","","","","","M","","","-12","","NA"
"2014-04-01 05:00","2014","04","01","05:00","-7.6","","-8.1","","96","","32","","9","","","","","M","","","-12","","NA"
"2014-04-01 06:00","2014","04","01","06:00","-7.5","","-8.1","","96","","34","","6","","","","","M","","","-11","","NA"
"2014-04-01 07:00","2014","04","01","07:00","-7.1","","-7.7","","95","","35","","3","","","","","M","","","-9","","NA"
"2014-04-01 08:00","2014","04","01","08:00","-6.1","","-6.8","","95","","33","","5","","","","","M","","","-9","","NA"
"2014-04-01 09:00","2014","04","01","09:00","-5.6","","-6.2","","95","","28","","4","","","","","M","","","-7","","NA"
"2014-04-01 10:00","2014","04","01","10:00","-4.3","","-4.9","","95","","27","","1","","","","","M","","","-5","","NA"
"2014-04-01 11:00","2014","04","01","11:00","-3.5","","-4.6","","92","","25","","6","","","","","M","","","-6","","NA"
"2014-04-01 12:00","2014","04","01","12:00","-2.1","","-4.1","","86","","19","","5","","","","","M","","","-4","","NA"
"2014-04-01 13:00","2014","04","01","13:00","-1.3","","-3.9","","83","","16","","7","","","","","M","","","-4","","NA"
"2014-04-01 14:00","2014","04","01","14:00","-1.1","","-4.3","","78","","15","","9","","","","","M","","","-4","","NA"
"2014-04-01 15:00","2014","04","01","15:00","-0.7","","-4.1","","78","","18","","7","","","","","M","","","-3","","NA"
"2014-04-01 16:00","2014","04","01","16:00","-0.4","","-3.5","","80","","12","","8","","","","","M","","","-3","","NA"
"2014-04-01 17:00","2014","04","01","17:00","-0.4","","-3.1","","82","","11","","12","","","","","M","","","-4","","NA"
"2014-04-01 18:00","2014","04","01","18:00","-0.2","","-3.0","","81","","11","","12","","","","","M","","","-4","","NA"
"2014-04-01 19:00","2014","04","01","19:00","-1.2","","-2.7","","90","","11","","14","","","","","M","","","-6","","NA"
"2014-04-01 20:00","2014","04","01","20:00","-1.7","","-2.8","","92","","13","","10","","","","","M","","","-5","","NA"
"2014-04-01 21:00","2014","04","01","21:00","-1.7","","-2.6","","94","","12","","15","","","","","M","","","-7","","NA"
"2014-04-01 22:00","2014","04","01","22:00","-1.9","","-2.6","","95","","13","","12","","","","","M","","","-6","","NA"
"2014-04-01 23:00","2014","04","01","23:00","-2.1","","-2.8","","95","","12","","14","","","","","M","","","-7","","NA"
"2014-04-02 00:00","2014","04","02","00:00","-2.7","","-3.1","","97","","11","","11","","","","","M","","","-7","","NA"
"2014-04-02 01:00","2014","04","02","01:00","-2.9","","-3.2","","98","","11","","10","","","","","M","","","-7","","NA"
"2014-04-02 02:00","2014","04","02","02:00","-4.8","","-5.1","","97","","11","","10","","","","","M","","","-9","","NA"
"2014-04-02 03:00","2014","04","02","03:00","-6.4","","-6.7","","98","","9","","11","","","","","M","","","-11","","NA"
"2014-04-02 04:00","2014","04","02","04:00","-5.6","","-5.8","","98","","10","","6","","","","","M","","","-8","","NA"
"2014-04-02 05:00","2014","04","02","05:00","-6.2","","-6.4","","98","","12","","6","","","","","M","","","-9","","NA"
"2014-04-02 06:00","2014","04","02","06:00","-5.9","","-6.2","","98","","10","","5","","","","","M","","","-8","","NA"
"2014-04-02 07:00","2014","04","02","07:00","-4.0","","-4.3","","98","","9","","4","","","","","M","","","-6","","NA"
"2014-04-02 08:00","2014","04","02","08:00","-2.5","","-2.8","","97","","8","","4","","","","","M","","","-4","","NA"
"2014-04-02 09:00","2014","04","02","09:00","-0.7","","-1.7","","93","","13","","2","","","","","M","","","-1","","NA"
"2014-04-02 10:00","2014","04","02","10:00","-1.1","","-2.2","","92","","32","","7","","","","","M","","","-4","","NA"
"2014-04-02 11:00","2014","04","02","11:00","1.0","","-1.7","","82","","30","","7","","","","","M","","","","","NA"
"2014-04-02 12:00","2014","04","02","12:00","2.8","","-1.7","","72","","25","","8","","","","","M","","","","","NA"
"2014-04-02 13:00","2014","04","02","13:00","2.7","","-1.8","","72","","28","","8","","","","","M","","","","","NA"
"2014-04-02 14:00","2014","04","02","14:00","3.6","","-1.6","","69","","5","","7","","","","","M","","","","","NA"
"2014-04-02 15:00","2014","04","02","15:00","4.7","","-1.5","","64","","6","","8","","","","","M","","","","","NA"
"2014-04-02 16:00","2014","04","02","16:00","5.8","","-1.9","","58","","11","","7","","","","","M","","","","","NA"
"2014-04-02 17:00","2014","04","02","17:00","3.6","","-2.7","","63","","4","","7","","","","","M","","","","","NA"
"2014-04-02 18:00","2014","04","02","18:00","1.9","","-0.8","","82","","34","","13","","","","","M","","","","","NA"
"2014-04-02 19:00","2014","04","02","19:00","-0.7","","-2.1","","90","","36","","27","","","","","M","","","-7","","NA"
"2014-04-02 20:00","2014","04","02","20:00","-1.8","","-2.9","","92","","36","","25","","","","","M","","","-8","","NA"
"2014-04-02 21:00","2014","04","02","21:00","-1.7","","-3.0","","91","","35","","22","","","","","M","","","-8","","NA"
"2014-04-02 22:00","2014","04","02","22:00","-2.6","","-4.2","","88","","35","","26","","","","","M","","","-9","","NA"
"2014-04-02 23:00","2014","04","02","23:00","-3.1","","-4.3","","92","","34","","13","","","","","M","","","-8","","NA"
"2014-04-03 00:00","2014","04","03","00:00","-3.2","","-4.5","","91","","33","","15","","","","","M","","","-8","","NA"
"2014-04-03 01:00","2014","04","03","01:00","-3.6","","-4.8","","91","","35","","14","","","","","M","","","-9","","NA"
"2014-04-03 02:00","2014","04","03","02:00","-4.2","","-5.0","","94","","1","","12","","","","","M","","","-9","","NA"
"2014-04-03 03:00","2014","04","03","03:00","-5.0","","-5.6","","96","","36","","13","","","","","M","","","-10","","NA"
"2014-04-03 04:00","2014","04","03","04:00","-4.9","","-5.5","","96","","1","","11","","","","","M","","","-9","","NA"
"2014-04-03 05:00","2014","04","03","05:00","-4.9","","-5.6","","95","","2","","9","","","","","M","","","-9","","NA"
"2014-04-03 06:00","2014","04","03","06:00","-4.9","","-5.5","","95","","5","","7","","","","","M","","","-8","","NA"
"2014-04-03 07:00","2014","04","03","07:00","-4.9","","-5.5","","95","","7","","9","","","","","M","","","-9","","NA"
"2014-04-03 08:00","2014","04","03","08:00","-4.0","","-4.9","","94","","10","","8","","","","","M","","","-7","","NA"
"2014-04-03 09:00","2014","04","03","09:00","-3.2","","-4.4","","91","","11","","12","","","","","M","","","-8","","NA"
"2014-04-03 10:00","2014","04","03","10:00","-2.7","","-4.2","","90","","12","","16","","","","","M","","","-8","","NA"
"2014-04-03 11:00","2014","04","03","11:00","-2.1","","-3.7","","89","","12","","16","","","","","M","","","-7","","NA"
"2014-04-03 12:00","2014","04","03","12:00","-1.7","","-3.1","","90","","13","","19","","","","","M","","","-7","","NA"
"2014-04-03 13:00","2014","04","03","13:00","-0.4","","-2.7","","84","","15","","19","","","","","M","","","-6","","NA"
"2014-04-03 14:00","2014","04","03","14:00","0.5","","-1.9","","84","","12","","18","","","","","M","","","","","NA"
"2014-04-03 15:00","2014","04","03","15:00","1.2","","-1.1","","85","","12","","21","","","","","M","","","","","NA"
"2014-04-03 16:00","2014","04","03","16:00","2.1","","-0.6","","82","","11","","21","","","","","M","","","","","NA"
"2014-04-03 17:00","2014","04","03","17:00","2.4","","-0.2","","83","","11","","22","","","","","M","","","","","NA"
"2014-04-03 18:00","2014","04","03","18:00","1.3","","-0.5","","88","","11","","20","","","","","M","","","","","NA"
"2014-04-03 19:00","2014","04","03","19:00","0.0","","-1.1","","92","","10","","14","","","","","M","","","-4","","NA"
"2014-04-03 20:00","2014","04","03","20:00","-0.2","","-1.2","","93","","10","","15","","","","","M","","","-5","","NA"
"2014-04-03 21:00","2014","04","03","21:00","-0.7","","-1.4","","95","","9","","13","","","","","M","","","-5","","NA"
"2014-04-03 22:00","2014","04","03","22:00","-1.3","","-1.8","","97","","11","","10","","","","","M","","","-5","","NA"
"2014-04-03 23:00","2014","04","03","23:00","-2.1","","-2.3","","98","","12","","7","","","","","M","","","-5","","NA"
"2014-04-04 00:00","2014","04","04","00:00","-1.1","","-1.6","","97","","21","","10","","","","","M","","","-5","","NA"
"2014-04-04 01:00","2014","04","04","01:00","1.2","","-2.6","","76","","20","","18","","","","","M","","","","","NA"
"2014-04-04 02:00","2014","04","04","02:00","1.4","","-3.1","","72","","21","","16","","","","","M","","","","","NA"
"2014-04-04 03:00","2014","04","04","03:00","0.6","","-3.4","","74","","24","","8","","","","","M","","","","","NA"
"2014-04-04 04:00","2014","04","04","04:00","1.0","","-3.9","","70","","22","","10","","","","","M","","","","","NA"
"2014-04-04 05:00","2014","04","04","05:00","0.8","","-3.9","","71","","20","","13","","","","","M","","","","","NA"
"2014-04-04 06:00","2014","04","04","06:00","0.6","","-3.1","","76","","19","","14","","","","","M","","","","","NA"
"2014-04-04 07:00","2014","04","04","07:00","1.1","","-2.2","","78","","21","","18","","","","","M","","","","","NA"
"2014-04-04 08:00","2014","04","04","08:00","2.1","","-1.8","","76","","20","","10","","","","","M","","","","","NA"
"2014-04-04 09:00","2014","04","04","09:00","4.4","","-0.9","","69","","21","","14","","","","","M","","","","","NA"
"2014-04-04 10:00","2014","04","04","10:00","6.7","","-0.6","","60","","26","","29","","","","","M","","","","","NA"
"2014-04-04 11:00","2014","04","04","11:00","9.1","","0.1","","53","","24","","30","","","","","M","","","","","NA"
"2014-04-04 12:00","2014","04","04","12:00","10.3","","-2.3","","41","","25","","28","","","","","M","","","","","NA"
"2014-04-04 13:00","2014","04","04","13:00","11.1","","-1.6","","41","","23","","25","","","","","M","","","","","NA"
"2014-04-04 14:00","2014","04","04","14:00","11.9","","-3.3","","35","","20","","19","","","","","M","","","","","NA"
"2014-04-04 15:00","2014","04","04","15:00","12.0","","-4.7","","31","","25","","22","","","","","M","","","","","NA"
"2014-04-04 16:00","2014","04","04","16:00","10.5","","-5.0","","33","","25","","21","","","","","M","","","","","NA"
"2014-04-04 17:00","2014","04","04","17:00","8.0","","-1.9","","50","","22","","18","","","","","M","","","","","NA"
"2014-04-04 18:00","2014","04","04","18:00","9.7","","-3.0","","41","","24","","9","","","","","M","","","","","NA"
"2014-04-04 19:00","2014","04","04","19:00","6.0","","-3.9","","49","","25","","11","","","","","M","","","","","NA"
"2014-04-04 20:00","2014","04","04","20:00","3.5","","-4.0","","58","","24","","11","","","","","M","","","","","NA"
"2014-04-04 21:00","2014","04","04","21:00","0.9","","-3.7","","71","","29","","13","","","","","M","","","","","NA"
"2014-04-04 22:00","2014","04","04","22:00","-0.4","","-3.6","","79","","29","","14","","","","","M","","","-5","","NA"
"2014-04-04 23:00","2014","04","04","23:00","-0.1","","-3.8","","77","","29","","16","","","","","M","","","-5","","NA"
"2014-04-05 00:00","2014","04","05","00:00","-2.1","","-4.3","","85","","30","","12","","","","","M","","","-6","","NA"
"2014-04-05 01:00","2014","04","05","01:00","-2.8","","-4.9","","85","","11","","2","","","","","M","","","-4","","NA"
"2014-04-05 02:00","2014","04","05","02:00","-1.7","","-4.6","","80","","27","","10","","","","","M","","","-5","","NA"
"2014-04-05 03:00","2014","04","05","03:00","-2.8","","-5.3","","83","","27","","10","","","","","M","","","-7","","NA"
"2014-04-05 04:00","2014","04","05","04:00","-3.7","","-5.7","","86","","29","","12","","","","","M","","","-8","","NA"
"2014-04-05 05:00","2014","04","05","05:00","-3.8","","-5.8","","86","","29","","12","","","","","M","","","-8","","NA"
"2014-04-05 06:00","2014","04","05","06:00","-3.6","","-6.6","","80","","27","","14","","","","","M","","","-9","","NA"
"2014-04-05 07:00","2014","04","05","07:00","-1.0","","-4.3","","78","","32","","11","","","","","M","","","-5","","NA"
"2014-04-05 08:00","2014","04","05","08:00","1.9","","-2.5","","72","","9","","1","","","","","M","","","","","NA"
"2014-04-05 09:00","2014","04","05","09:00","6.0","","-1.9","","57","","17","","2","","","","","M","","","","","NA"
"2014-04-05 10:00","2014","04","05","10:00","8.3","","-3.2","","44","","18","","3","","","","","M","","","","","NA"
"2014-04-05 11:00","2014","04","05","11:00","9.4","","-4.8","","36","","1","","5","","","","","M","","","","","NA"
"2014-04-05 12:00","2014","04","05","12:00","10.8","","-7.3","","27","","26","","16","","","","","M","","","","","NA"
"2014-04-05 13:00","2014","04","05","13:00","11.2","","-5.6","","30","","28","","19","","","","","M","","","","","NA"
"2014-04-05 14:00","2014","04","05","14:00","10.8","","-5.6","","31","","26","","23","","","","","M","","","","","NA"
"2014-04-05 15:00","2014","04","05","15:00","11.7","","-7.2","","26","","28","","22","","","","","M","","","","","NA"
"2014-04-05 16:00","2014","04","05","16:00","11.5","","-6.1","","29","","26","","24","","","","","M","","","","","NA"
"2014-04-05 17:00","2014","04","05","17:00","10.2","","-5.1","","34","","26","","21","","","","","M","","","","","NA"
"2014-04-05 18:00","2014","04","05","18:00","8.6","","-2.4","","46","","24","","17","","","","","M","","","","","NA"
"2014-04-05 19:00","2014","04","05","19:00","4.5","","-3.3","","57","","27","","14","","","","","M","","","","","NA"
"2014-04-05 20:00","2014","04","05","20:00","1.7","","-4.0","","66","","26","","18","","","","","M","","","","","NA"
"2014-04-05 21:00","2014","04","05","21:00","-0.6","","-3.9","","78","","25","","9","","","","","M","","","-4","","NA"
"2014-04-05 22:00","2014","04","05","22:00","-0.9","","-3.8","","80","","28","","15","","","","","M","","","-6","","NA"
"2014-04-05 23:00","2014","04","05","23:00","-1.9","","-4.5","","83","","25","","8","","","","","M","","","-5","","NA"
"2014-04-06 00:00","2014","04","06","00:00","-2.0","","-5.0","","80","","29","","9","","","","","M","","","-5","","NA"
"2014-04-06 01:00","2014","04","06","01:00","-0.6","","-5.7","","68","","28","","7","","","","","M","","","-3","","NA"
"2014-04-06 02:00","2014","04","06","02:00","-2.2","","-5.9","","76","","25","","7","","","","","M","","","-5","","NA"
"2014-04-06 03:00","2014","04","06","03:00","-0.8","","-5.5","","71","","","M","0","","","","","M","","","","","NA"
"2014-04-06 04:00","2014","04","06","04:00","-1.4","","-5.9","","72","","17","","8","","","","","M","","","-4","","NA"
"2014-04-06 05:00","2014","04","06","05:00","-1.1","","-4.1","","80","","2","","4","","","","","M","","","-2","","NA"
"2014-04-06 06:00","2014","04","06","06:00","-1.6","","-4.5","","81","","","M","0","","","","","M","","","","","NA"
"2014-04-06 07:00","2014","04","06","07:00","-0.7","","-3.1","","84","","28","","4","","","","","M","","","-2","","NA"
"2014-04-06 08:00","2014","04","06","08:00","2.5","","-2.3","","70","","32","","18","","","","","M","","","","","NA"
"2014-04-06 09:00","2014","04","06","09:00","7.0","","-0.2","","60","","32","","17","","","","","M","","","","","NA"
"2014-04-06 10:00","2014","04","06","10:00","10.5","","-3.9","","36","","29","","26","","","","","M","","","","","NA"
"2014-04-06 11:00","2014","04","06","11:00","11.2","","-3.8","","35","","33","","24","","","","","M","","","","","NA"
"2014-04-06 12:00","2014","04","06","12:00","10.4","","-1.6","","43","","1","","23","","","","","M","","","","","NA"
"2014-04-06 13:00","2014","04","06","13:00","9.5","","-3.5","","40","","35","","17","","","","","M","","","","","NA"
"2014-04-06 14:00","2014","04","06","14:00","9.6","","-1.9","","44","","36","","23","","","","","M","","","","","NA"
"2014-04-06 15:00","2014","04","06","15:00","10.7","","-2.9","","38","","2","","11","","","","","M","","","","","NA"
"2014-04-06 16:00","2014","04","06","16:00","10.4","","-3.1","","38","","3","","11","","","","","M","","","","","NA"
"2014-04-06 17:00","2014","04","06","17:00","11.3","","-5.1","","31","","1","","2","","","","","M","","","","","NA"
"2014-04-06 18:00","2014","04","06","18:00","8.5","","-2.2","","47","","10","","7","","","","","M","","","","","NA"
"2014-04-06 19:00","2014","04","06","19:00","4.2","","-1.8","","65","","11","","6","","","","","M","","","","","NA"
"2014-04-06 20:00","2014","04","06","20:00","4.5","","-4.5","","52","","14","","10","","","","","M","","","","","NA"
"2014-04-06 21:00","2014","04","06","21:00","1.9","","-4.2","","64","","27","","15","","","","","M","","","","","NA"
"2014-04-06 22:00","2014","04","06","22:00","-0.3","","-3.8","","77","","29","","14","","","","","M","","","-5","","NA"
"2014-04-06 23:00","2014","04","06","23:00","-0.2","","-4.5","","73","","31","","17","","","","","M","","","-5","","NA"
"2014-04-07 00:00","2014","04","07","00:00","-0.2","","-5.9","","66","","31","","19","","","","","M","","","-5","","NA"
"2014-04-07 01:00","2014","04","07","01:00","-1.1","","-5.8","","70","","32","","16","","","","","M","","","-6","","NA"
"2014-04-07 02:00","2014","04","07","02:00","-0.1","","-6.3","","63","","32","","15","","","","","M","","","-5","","NA"
"2014-04-07 03:00","2014","04","07","03:00","-3.0","","-6.1","","79","","26","","10","","","","","M","","","-7","","NA"
"2014-04-07 04:00","2014","04","07","04:00","-4.5","","-6.3","","87","","19","","4","","","","","M","","","-6","","NA"
"2014-04-07 05:00","2014","04","07","05:00","-5.1","","-7.1","","86","","10","","6","","","","","M","","","-8","","NA"
"2014-04-07 06:00","2014","04","07","06:00","-4.0","","-6.8","","81","","8","","4","","","","","M","","","-6","","NA"
"2014-04-07 07:00","2014","04","07","07:00","-1.7","","-4.6","","81","","7","","4","","","","","M","","","-3","","NA"
"2014-04-07 08:00","2014","04","07","08:00","2.1","","-3.2","","68","","15","","4","","","","","M","","","","","NA"
"2014-04-07 09:00","2014","04","07","09:00","7.1","","-3.1","","48","","17","","6","","","","","M","","","","","NA"
"2014-04-07 10:00","2014","04","07","10:00","10.4","","-4.4","","35","","22","","12","","","","","M","","","","","NA"
"2014-04-07 11:00","2014","04","07","11:00","13.5","","-4.2","","29","","25","","4","","","","","M","","","","","NA"
"2014-04-07 12:00","2014","04","07","12:00","15.4","","-3.3","","27","","27","","4","","","","","M","","","","","NA"
"2014-04-07 13:00","2014","04","07","13:00","16.9","","-2.4","","27","","18","","7","","","","","M","","","","","NA"
"2014-04-07 14:00","2014","04","07","14:00","18.0","","-1.0","","28","","28","","29","","","","","M","","","","","NA"
"2014-04-07 15:00","2014","04","07","15:00","18.2","","-3.1","","23","","28","","22","","","","","M","","","","","NA"
"2014-04-07 16:00","2014","04","07","16:00","17.5","","-2.4","","26","","26","","28","","","","","M","","","","","NA"
"2014-04-07 17:00","2014","04","07","17:00","14.4","","1.6","","42","","27","","10","","","","","M","","","","","NA"
"2014-04-07 18:00","2014","04","07","18:00","13.9","","-1.3","","35","","25","","19","","","","","M","","","","","NA"
"2014-04-07 19:00","2014","04","07","19:00","10.0","","0.0","","50","","25","","19","","","","","M","","","","","NA"
"2014-04-07 20:00","2014","04","07","20:00","7.3","","-0.3","","59","","24","","20","","","","","M","","","","","NA"
"2014-04-07 21:00","2014","04","07","21:00","5.1","","-0.7","","66","","25","","17","","","","","M","","","","","NA"
"2014-04-07 22:00","2014","04","07","22:00","6.9","","-0.7","","58","","24","","18","","","","","M","","","","","NA"
"2014-04-07 23:00","2014","04","07","23:00","6.6","","-1.3","","57","","25","","18","","","","","M","","","","","NA"
"2014-04-08 00:00","2014","04","08","00:00","5.7","","-1.3","","61","","24","","18","","","","","M","","","","","NA"
"2014-04-08 01:00","2014","04","08","01:00","4.3","","-1.5","","66","","26","","17","","","","","M","","","","","NA"
"2014-04-08 02:00","2014","04","08","02:00","6.8","","-2.0","","53","","26","","20","","","","","M","","","","","NA"
"2014-04-08 03:00","2014","04","08","03:00","7.1","","-1.2","","56","","24","","21","","","","","M","","","","","NA"
"2014-04-08 04:00","2014","04","08","04:00","9.0","","-0.9","","50","","24","","26","","","","","M","","","","","NA"
"2014-04-08 05:00","2014","04","08","05:00","7.9","","0.1","","58","","22","","27","","","","","M","","","","","NA"
"2014-04-08 06:00","2014","04","08","06:00","5.6","","-0.1","","66","","20","","18","","","","","M","","","","","NA"
"2014-04-08 07:00","2014","04","08","07:00","6.7","","-0.6","","60","","25","","16","","","","","M","","","","","NA"
"2014-04-08 08:00","2014","04","08","08:00","8.0","","0.4","","59","","24","","24","","","","","M","","","","","NA"
"2014-04-08 09:00","2014","04","08","09:00","13.9","","-1.3","","35","","23","","22","","","","","M","","","","","NA"
"2014-04-08 10:00","2014","04","08","10:00","14.9","","-2.6","","30","","25","","37","","","","","M","","","","","NA"
"2014-04-08 11:00","2014","04","08","11:00","17.2","","-1.7","","27","","22","","27","","","","","M","","","","","NA"
"2014-04-08 12:00","2014","04","08","12:00","18.9","","-1.4","","25","","19","","21","","","","","M","","","","","NA"
"2014-04-08 13:00","2014","04","08","13:00","20.9","","-2.1","","21","","27","","26","","","","","M","","","","","NA"
"2014-04-08 14:00","2014","04","08","14:00","21.3","","-2.8","","20","","27","","29","","","","","M","","","","","NA"
"2014-04-08 15:00","2014","04","08","15:00","21.7","","-4.5","","17","","26","","26","","","","","M","","","","","NA"
"2014-04-08 16:00","2014","04","08","16:00","19.0","","-2.9","","22","","26","","32","","","","","M","","","","","NA"
"2014-04-08 17:00","2014","04","08","17:00","19.7","","-3.6","","21","","26","","33","","","","","M","","","","","NA"
"2014-04-08 18:00","2014","04","08","18:00","17.1","","-3.7","","24","","26","","34","","","","","M","","","","","NA"
"2014-04-08 19:00","2014","04","08","19:00","13.2","","-3.7","","31","","22","","11","","","","","M","","","","","NA"
"2014-04-08 20:00","2014","04","08","20:00","12.7","","-3.6","","32","","24","","27","","","","","M","","","","","NA"
"2014-04-08 21:00","2014","04","08","21:00","12.1","","-1.4","","39","","26","","31","","","","","M","","","","","NA"
"2014-04-08 22:00","2014","04","08","22:00","11.8","","-0.1","","44","","24","","24","","","","","M","","","","","NA"
"2014-04-08 23:00","2014","04","08","23:00","11.3","","0.0","","46","","23","","24","","","","","M","","","","","NA"
"2014-04-09 00:00","2014","04","09","00:00","10.4","","1.2","","53","","27","","22","","","","","M","","","","","NA"
"2014-04-09 01:00","2014","04","09","01:00","8.7","","1.8","","62","","26","","18","","","","","M","","","","","NA"
"2014-04-09 02:00","2014","04","09","02:00","4.4","","-1.1","","67","","1","","49","","","","","M","","","","","NA"
"2014-04-09 03:00","2014","04","09","03:00","0.6","","-0.2","","94","","36","","51","","","","","M","","","","","NA"
"2014-04-09 04:00","2014","04","09","04:00","0.2","","-0.2","","98","","1","","35","","","","","M","","","","","NA"
"2014-04-09 05:00","2014","04","09","05:00","0.1","","-0.2","","98","","35","","14","","","","","M","","","","","NA"
"2014-04-09 06:00","2014","04","09","06:00","0.0","","-0.2","","98","","27","","16","","","","","M","","","-5","","NA"
"2014-04-09 07:00","2014","04","09","07:00","0.3","","-0.2","","96","","29","","15","","","","","M","","","","","NA"
"2014-04-09 08:00","2014","04","09","08:00","1.5","","0.2","","91","","21","","14","","","","","M","","","","","NA"
"2014-04-09 09:00","2014","04","09","09:00","1.7","","0.0","","89","","22","","18","","","","","M","","","","","NA"
"2014-04-09 10:00","2014","04","09","10:00","3.8","","1.7","","86","","22","","30","","","","","M","","","","","NA"
"2014-04-09 11:00","2014","04","09","11:00","5.2","","2.1","","81","","22","","30","","","","","M","","","","","NA"
"2014-04-09 12:00","2014","04","09","12:00","6.7","","0.6","","65","","21","","37","","","","","M","","","","","NA"
"2014-04-09 13:00","2014","04","09","13:00","9.4","","0.6","","54","","22","","33","","","","","M","","","","","NA"
"2014-04-09 14:00","2014","04","09","14:00","11.9","","-6.5","","27","","27","","36","","","","","M","","","","","NA"
"2014-04-09 15:00","2014","04","09","15:00","11.7","","-8.1","","24","","29","","36","","","","","M","","","","","NA"
"2014-04-09 16:00","2014","04","09","16:00","11.3","","-7.0","","27","","28","","31","","","","","M","","","","","NA"
"2014-04-09 17:00","2014","04","09","17:00","11.1","","-6.2","","29","","27","","33","","","","","M","","","","","NA"
"2014-04-09 18:00","2014","04","09","18:00","9.8","","-6.5","","31","","28","","31","","","","","M","","","","","NA"
"2014-04-09 19:00","2014","04","09","19:00","6.5","","-5.9","","41","","30","","19","","","","","M","","","","","NA"
"2014-04-09 20:00","2014","04","09","20:00","0.7","","-5.4","","64","","28","","13","","","","","M","","","","","NA"
"2014-04-09 21:00","2014","04","09","21:00","-0.9","","-5.2","","73","","31","","15","","","","","M","","","-6","","NA"
"2014-04-09 22:00","2014","04","09","22:00","-0.5","","-5.2","","71","","31","","16","","","","","M","","","-5","","NA"
"2014-04-09 23:00","2014","04","09","23:00","-0.6","","-5.6","","69","","31","","14","","","","","M","","","-5","","NA"
"2014-04-10 00:00","2014","04","10","00:00","-1.1","","-5.7","","71","","31","","14","","","","","M","","","-6","","NA"
"2014-04-10 01:00","2014","04","10","01:00","0.0","","-6.2","","63","","31","","16","","","","","M","","","-5","","NA"
"2014-04-10 02:00","2014","04","10","02:00","-2.3","","-6.6","","72","","31","","11","","","","","M","","","-6","","NA"
"2014-04-10 03:00","2014","04","10","03:00","-2.4","","-7.0","","71","","31","","12","","","","","M","","","-7","","NA"
"2014-04-10 04:00","2014","04","10","04:00","-1.8","","-7.3","","66","","31","","13","","","","","M","","","-6","","NA"
"2014-04-10 05:00","2014","04","10","05:00","-4.4","","-7.6","","79","","29","","5","","","","","M","","","-7","","NA"
"2014-04-10 06:00","2014","04","10","06:00","-2.9","","-6.6","","76","","21","","6","","","","","M","","","-5","","NA"
"2014-04-10 07:00","2014","04","10","07:00","-0.9","","-4.9","","74","","7","","3","","","","","M","","","-2","","NA"
"2014-04-10 08:00","2014","04","10","08:00","1.9","","-4.7","","62","","10","","6","","","","","M","","","","","NA"
"2014-04-10 09:00","2014","04","10","09:00","4.7","","-4.8","","50","","14","","8","","","","","M","","","","","NA"
"2014-04-10 10:00","2014","04","10","10:00","9.5","","-5.8","","34","","21","","12","","","","","M","","","","","NA"
"2014-04-10 11:00","2014","04","10","11:00","11.8","","-6.5","","27","","28","","12","","","","","M","","","","","NA"
"2014-04-10 12:00","2014","04","10","12:00","13.5","","-7.1","","23","","32","","21","","","","","M","","","","","NA"
"2014-04-10 13:00","2014","04","10","13:00","14.9","","-7.6","","20","","28","","22","","","","","M","","","","","NA"
"2014-04-10 14:00","2014","04","10","14:00","15.3","","-8.6","","18","","30","","34","","","","","M","","","","","NA"
"2014-04-10 15:00","2014","04","10","15:00","15.3","","-8.3","","19","","30","","21","","","","","M","","","","","NA"
"2014-04-10 16:00","2014","04","10","16:00","15.9","","-7.8","","19","","28","","28","","","","","M","","","","","NA"
"2014-04-10 17:00","2014","04","10","17:00","15.0","","-7.4","","21","","32","","17","","","","","M","","","","","NA"
"2014-04-10 18:00","2014","04","10","18:00","13.7","","-5.5","","26","","29","","28","","","","","M","","","","","NA"
"2014-04-10 19:00","2014","04","10","19:00","9.3","","-4.1","","39","","28","","19","","","","","M","","","","","NA"
"2014-04-10 20:00","2014","04","10","20:00","4.4","","-3.7","","56","","30","","17","","","","","M","","","","","NA"
"2014-04-10 21:00","2014","04","10","21:00","2.9","","-3.8","","62","","30","","16","","","","","M","","","","","NA"
"2014-04-10 22:00","2014","04","10","22:00","3.3","","-4.1","","58","","32","","20","","","","","M","","","","","NA"
"2014-04-10 23:00","2014","04","10","23:00","3.6","","-4.6","","55","","31","","16","","","","","M","","","","","NA"
"2014-04-11 00:00","2014","04","11","00:00","2.9","","-4.7","","57","","31","","11","","","","","M","","","","","NA"
"2014-04-11 01:00","2014","04","11","01:00","-1.2","","-3.8","","82","","10","","4","","","","","M","","","-3","","NA"
"2014-04-11 02:00","2014","04","11","02:00","-0.8","","-3.4","","82","","31","","3","","","","","M","","","-2","","NA"
"2014-04-11 03:00","2014","04","11","03:00","0.4","","-2.9","","79","","3","","3","","","","","M","","","","","NA"
"2014-04-11 04:00","2014","04","11","04:00","2.6","","-3.0","","66","","27","","4","","","","","M","","","","","NA"
"2014-04-11 05:00","2014","04","11","05:00","1.6","","-3.1","","71","","4","","2","","","","","M","","","","","NA"
"2014-04-11 06:00","2014","04","11","06:00","5.8","","-1.0","","62","","22","","21","","","","","M","","","","","NA"
"2014-04-11 07:00","2014","04","11","07:00","6.0","","-1.5","","59","","22","","23","","","","","M","","","","","NA"
"2014-04-11 08:00","2014","04","11","08:00","7.1","","-1.6","","54","","22","","19","","","","","M","","","","","NA"
"2014-04-11 09:00","2014","04","11","09:00","9.9","","-1.5","","45","","23","","21","","","","","M","","","","","NA"
"2014-04-11 10:00","2014","04","11","10:00","13.5","","-3.7","","30","","29","","20","","","","","M","","","","","NA"
"2014-04-11 11:00","2014","04","11","11:00","15.6","","-4.3","","25","","28","","31","","","","","M","","","","","NA"
"2014-04-11 12:00","2014","04","11","12:00","15.1","","-4.6","","25","","28","","34","","","","","M","","","","","NA"
"2014-04-11 13:00","2014","04","11","13:00","16.1","","-4.4","","24","","27","","27","","","","","M","","","","","NA"
"2014-04-11 14:00","2014","04","11","14:00","7.9","","2.1","","67","","2","","25","","","","","M","","","","","NA"
"2014-04-11 15:00","2014","04","11","15:00","9.7","","0.3","","52","","2","","16","","","","","M","","","","","NA"
"2014-04-11 16:00","2014","04","11","16:00","11.6","","-2.9","","36","","1","","24","","","","","M","","","","","NA"
"2014-04-11 17:00","2014","04","11","17:00","4.2","","1.5","","83","","34","","43","","","","","M","","","","","NA"
"2014-04-11 18:00","2014","04","11","18:00","3.7","","1.5","","86","","34","","29","","","","","M","","","","","NA"
"2014-04-11 19:00","2014","04","11","19:00","3.2","","1.8","","91","","33","","26","","","","","M","","","","","NA"
"2014-04-11 20:00","2014","04","11","20:00","2.1","","1.0","","92","","34","","20","","","","","M","","","","","NA"
"2014-04-11 21:00","2014","04","11","21:00","1.8","","0.7","","92","","31","","19","","","","","M","","","","","NA"
"2014-04-11 22:00","2014","04","11","22:00","1.6","","0.7","","94","","30","","19","","","","","M","","","","","NA"
"2014-04-11 23:00","2014","04","11","23:00","1.0","","0.1","","94","","31","","19","","","","","M","","","","","NA"
"2014-04-12 00:00","2014","04","12","00:00","0.9","","-0.1","","93","","32","","19","","","","","M","","","","","NA"
"2014-04-12 01:00","2014","04","12","01:00","0.4","","-1.4","","88","","1","","26","","","","","M","","","","","NA"
"2014-04-12 02:00","2014","04","12","02:00","-1.6","","-3.7","","85","","1","","35","","","","","M","","","-9","","NA"
"2014-04-12 03:00","2014","04","12","03:00","-2.7","","-5.2","","83","","36","","42","","","","","M","","","-11","","NA"
"2014-04-12 04:00","2014","04","12","04:00","-3.5","","-6.1","","82","","36","","36","","","","","M","","","-12","","NA"
"2014-04-12 05:00","2014","04","12","05:00","-4.1","","-5.7","","89","","36","","30","","","","","M","","","-12","","NA"
"2014-04-12 06:00","2014","04","12","06:00","-4.5","","-5.6","","92","","35","","26","","","","","M","","","-12","","NA"
"2014-04-12 07:00","2014","04","12","07:00","-4.4","","-6.1","","88","","36","","27","","","","","M","","","-12","","NA"
"2014-04-12 08:00","2014","04","12","08:00","-4.5","","-7.1","","82","","36","","30","","","","","M","","","-12","","NA"
"2014-04-12 09:00","2014","04","12","09:00","-4.2","","-6.6","","83","","36","","25","","","","","M","","","-11","","NA"
"2014-04-12 10:00","2014","04","12","10:00","-4.1","","-7.5","","77","","35","","30","","","","","M","","","-12","","NA"
"2014-04-12 11:00","2014","04","12","11:00","-3.9","","-6.7","","81","","35","","26","","","","","M","","","-11","","NA"
"2014-04-12 12:00","2014","04","12","12:00","-3.5","","-6.9","","77","","35","","23","","","","","M","","","-10","","NA"
"2014-04-12 13:00","2014","04","12","13:00","-2.4","","-6.8","","72","","36","","21","","","","","M","","","-8","","NA"
"2014-04-12 14:00","2014","04","12","14:00","-2.3","","-6.5","","73","","35","","19","","","","","M","","","-8","","NA"
"2014-04-12 15:00","2014","04","12","15:00","-0.7","","-6.4","","65","","33","","19","","","","","M","","","-6","","NA"
"2014-04-12 16:00","2014","04","12","16:00","-1.2","","-8.0","","60","","32","","13","","","","","M","","","-5","","NA"
"2014-04-12 17:00","2014","04","12","17:00","0.7","","-8.1","","52","","36","","15","","","","","M","","","","","NA"
"2014-04-12 18:00","2014","04","12","18:00","0.2","","-9.3","","49","","36","","12","","","","","M","","","","","NA"
"2014-04-12 19:00","2014","04","12","19:00","-1.1","","-8.7","","56","","32","","5","","","","","M","","","-3","","NA"
"2014-04-12 20:00","2014","04","12","20:00","-4.4","","-9.3","","69","","33","","5","","","","","M","","","-7","","NA"
"2014-04-12 21:00","2014","04","12","21:00","-6.4","","-8.5","","85","","27","","12","","","","","M","","","-12","","NA"
"2014-04-12 22:00","2014","04","12","22:00","-7.8","","-8.9","","92","","27","","10","","","","","M","","","-13","","NA"
"2014-04-12 23:00","2014","04","12","23:00","-7.7","","-9.3","","88","","26","","10","","","","","M","","","-13","","NA"
"2014-04-13 00:00","2014","04","13","00:00","-7.9","","-9.3","","90","","27","","10","","","","","M","","","-13","","NA"
"2014-04-13 01:00","2014","04","13","01:00","-8.4","","-9.4","","92","","27","","12","","","","","M","","","-14","","NA"
"2014-04-13 02:00","2014","04","13","02:00","-8.6","","-9.9","","90","","29","","5","","","","","M","","","-11","","NA"
"2014-04-13 03:00","2014","04","13","03:00","-9.1","","-10.6","","89","","","M","0","","","","","M","","","","","NA"
"2014-04-13 04:00","2014","04","13","04:00","-9.0","","-9.8","","94","","","M","1","","","","","M","","","-10","","NA"
"2014-04-13 05:00","2014","04","13","05:00","-10.1","","-11.1","","92","","32","","5","","","","","M","","","-13","","NA"
"2014-04-13 06:00","2014","04","13","06:00","-5.5","","-7.9","","83","","32","","17","","","","","M","","","-12","","NA"
"2014-04-13 07:00","2014","04","13","07:00","-4.6","","-6.8","","85","","31","","19","","","","","M","","","-11","","NA"
"2014-04-13 08:00","2014","04","13","08:00","-1.6","","-6.5","","69","","32","","19","","","","","M","","","-7","","NA"
"2014-04-13 09:00","2014","04","13","09:00","1.1","","-6.5","","57","","33","","18","","","","","M","","","","","NA"
"2014-04-13 10:00","2014","04","13","10:00","3.1","","-11.9","","32","","34","","20","","","","","M","","","","","NA"
"2014-04-13 11:00","2014","04","13","11:00","3.3","","-10.6","","35","","36","","23","","","","","M","","","","","NA"
"2014-04-13 12:00","2014","04","13","12:00","5.2","","-11.7","","28","","33","","17","","","","","M","","","","","NA"
"2014-04-13 13:00","2014","04","13","13:00","5.6","","-11.6","","28","","33","","15","","","","","M","","","","","NA"
"2014-04-13 14:00","2014","04","13","14:00","6.6","","-11.2","","27","","34","","21","","","","","M","","","","","NA"
"2014-04-13 15:00","2014","04","13","15:00","7.1","","-11.1","","26","","35","","12","","","","","M","","","","","NA"
"2014-04-13 16:00","2014","04","13","16:00","7.0","","-11.1","","26","","1","","7","","","","","M","","","","","NA"
"2014-04-13 17:00","2014","04","13","17:00","6.9","","-10.1","","29","","9","","5","","","","","M","","","","","NA"
"2014-04-13 18:00","2014","04","13","18:00","5.4","","-9.8","","32","","4","","11","","","","","M","","","","","NA"
"2014-04-13 19:00","2014","04","13","19:00","2.2","","-8.1","","46","","9","","15","","","","","M","","","","","NA"
"2014-04-13 20:00","2014","04","13","20:00","-3.4","","-8.1","","70","","7","","11","","","","","M","","","-8","","NA"
"2014-04-13 21:00","2014","04","13","21:00","-4.5","","-8.2","","75","","8","","9","","","","","M","","","-8","","NA"
"2014-04-13 22:00","2014","04","13","22:00","-5.5","","-8.7","","78","","10","","11","","","","","M","","","-10","","NA"
"2014-04-13 23:00","2014","04","13","23:00","-6.0","","-8.4","","83","","10","","6","","","","","M","","","-9","","NA"
"2014-04-14 00:00","2014","04","14","00:00","-7.3","","-9.3","","85","","7","","8","","","","","M","","","-11","","NA"
"2014-04-14 01:00","2014","04","14","01:00","-7.0","","-9.5","","82","","9","","8","","","","","M","","","-11","","NA"
"2014-04-14 02:00","2014","04","14","02:00","-6.6","","-9.5","","80","","9","","4","","","","","M","","","-9","","NA"
"2014-04-14 03:00","2014","04","14","03:00","-7.1","","-10.1","","80","","9","","3","","","","","M","","","-9","","NA"
"2014-04-14 04:00","2014","04","14","04:00","-7.9","","-9.7","","87","","6","","4","","","","","M","","","-10","","NA"
"2014-04-14 05:00","2014","04","14","05:00","-5.9","","-7.9","","86","","","M","1","","","","","M","","","-6","","NA"
"2014-04-14 06:00","2014","04","14","06:00","-6.5","","-8.7","","84","","9","","6","","","","","M","","","-9","","NA"
"2014-04-14 07:00","2014","04","14","07:00","-3.1","","-6.2","","79","","","M","0","","","","","M","","","","","NA"
"2014-04-14 08:00","2014","04","14","08:00","-0.1","","-4.6","","71","","22","","4","","","","","M","","","-1","","NA"
"2014-04-14 09:00","2014","04","14","09:00","4.3","","-4.6","","52","","7","","5","","","","","M","","","","","NA"
"2014-04-14 10:00","2014","04","14","10:00","8.8","","-7.5","","31","","23","","6","","","","","M","","","","","NA"
"2014-04-14 11:00","2014","04","14","11:00","12.0","","-8.8","","22","","24","","7","","","","","M","","","","","NA"
"2014-04-14 12:00","2014","04","14","12:00","13.0","","-14.1","","14","","20","","10","","","","","M","","","","","NA"
"2014-04-14 13:00","2014","04","14","13:00","13.3","","-13.7","","14","","16","","12","","","","","M","","","","","NA"
"2014-04-14 14:00","2014","04","14","14:00","15.1","","-13.5","","13","","18","","10","","","","","M","","","","","NA"
"2014-04-14 15:00","2014","04","14","15:00","14.9","","-12.1","","14","","15","","15","","","","","M","","","","","NA"
"2014-04-14 16:00","2014","04","14","16:00","14.4","","-11.5","","15","","15","","14","","","","","M","","","","","NA"
"2014-04-14 17:00","2014","04","14","17:00","15.3","","-11.1","","15","","14","","16","","","","","M","","","","","NA"
"2014-04-14 18:00","2014","04","14","18:00","14.2","","-8.4","","20","","13","","14","","","","","M","","","","","NA"
"2014-04-14 19:00","2014","04","14","19:00","9.7","","-6.6","","31","","16","","7","","","","","M","","","","","NA"
"2014-04-14 20:00","2014","04","14","20:00","8.1","","-6.7","","34","","28","","8","","","","","M","","","","","NA"
"2014-04-14 21:00","2014","04","14","21:00","5.1","","-3.7","","53","","23","","16","","","","","M","","","","","NA"
"2014-04-14 22:00","2014","04","14","22:00","5.2","","-3.9","","52","","26","","17","","","","","M","","","","","NA"
"2014-04-14 23:00","2014","04","14","23:00","4.7","","-4.0","","53","","23","","19","","","","","M","","","","","NA"
"2014-04-15 00:00","2014","04","15","00:00","4.0","","-4.5","","54","","23","","16","","","","","M","","","","","NA"
"2014-04-15 01:00","2014","04","15","01:00","2.7","","-4.1","","61","","27","","13","","","","","M","","","","","NA"
"2014-04-15 02:00","2014","04","15","02:00","3.2","","-4.3","","58","","31","","14","","","","","M","","","","","NA"
"2014-04-15 03:00","2014","04","15","03:00","2.4","","-3.9","","63","","30","","13","","","","","M","","","","","NA"
"2014-04-15 04:00","2014","04","15","04:00","2.0","","-4.4","","62","","28","","14","","","","","M","","","","","NA"
"2014-04-15 05:00","2014","04","15","05:00","0.9","","-4.4","","68","","28","","11","","","","","M","","","","","NA"
"2014-04-15 06:00","2014","04","15","06:00","2.2","","-4.3","","62","","29","","10","","","","","M","","","","","NA"
"2014-04-15 07:00","2014","04","15","07:00","4.8","","-3.4","","55","","30","","14","","","","","M","","","","","NA"
"2014-04-15 08:00","2014","04","15","08:00","7.8","","-6.0","","37","","34","","17","","","","","M","","","","","NA"
"2014-04-15 09:00","2014","04","15","09:00","9.8","","-5.9","","33","","33","","21","","","","","M","","","","","NA"
"2014-04-15 10:00","2014","04","15","10:00","11.8","","-8.4","","23","","34","","40","","","","","M","","","","","NA"
"2014-04-15 11:00","2014","04","15","11:00","12.1","","-6.6","","27","","33","","41","","","","","M","","","","","NA"
"2014-04-15 12:00","2014","04","15","12:00","11.4","","-8.4","","24","","33","","43","","","","","M","","","","","NA"
"2014-04-15 13:00","2014","04","15","13:00","11.2","","-7.6","","26","","34","","41","","","","","M","","","","","NA"
"2014-04-15 14:00","2014","04","15","14:00","10.0","","-5.1","","34","","35","","35","","","","","M","","","","","NA"
"2014-04-15 15:00","2014","04","15","15:00","8.6","","-5.6","","36","","36","","34","","","","","M","","","","","NA"
"2014-04-15 16:00","2014","04","15","16:00","8.2","","-4.6","","40","","34","","28","","","","","M","","","","","NA"
"2014-04-15 17:00","2014","04","15","17:00","6.3","","-3.0","","51","","35","","30","","","","","M","","","","","NA"
"2014-04-15 18:00","2014","04","15","18:00","5.7","","-1.9","","58","","36","","24","","","","","M","","","","","NA"
"2014-04-15 19:00","2014","04","15","19:00","3.1","","0.9","","86","","30","","14","","","","","M","","","","","NA"
"2014-04-15 20:00","2014","04","15","20:00","1.3","","0.6","","95","","25","","9","","","","","M","","","","","NA"
"2014-04-15 21:00","2014","04","15","21:00","2.1","","1.2","","94","","32","","12","","","","","M","","","","","NA"
"2014-04-15 22:00","2014","04","15","22:00","1.0","","0.4","","96","","33","","17","","","","","M","","","","","NA"
"2014-04-15 23:00","2014","04","15","23:00","0.5","","0.1","","97","","35","","14","","","","","M","","","","","NA"
"2014-04-16 00:00","2014","04","16","00:00","0.2","","0.0","","98","","4","","13","","","","","M","","","","","NA"
"2014-04-16 01:00","2014","04","16","01:00","0.2","","-0.1","","98","","35","","5","","","","","M","","","","","NA"
"2014-04-16 02:00","2014","04","16","02:00","-0.3","","-0.8","","96","","4","","19","","","","","M","","","-5","","NA"
"2014-04-16 03:00","2014","04","16","03:00","-0.7","","-1.5","","94","","36","","24","","","","","M","","","-7","","NA"
"2014-04-16 04:00","2014","04","16","04:00","-1.2","","-1.8","","95","","35","","13","","","","","M","","","-5","","NA"
"2014-04-16 05:00","2014","04","16","05:00","-2.0","","-2.7","","95","","4","","10","","","","","M","","","-6","","NA"
"2014-04-16 06:00","2014","04","16","06:00","-2.5","","-3.1","","95","","7","","6","","","","","M","","","-5","","NA"
"2014-04-16 07:00","2014","04","16","07:00","-2.1","","-2.9","","95","","5","","5","","","","","M","","","-4","","NA"
"2014-04-16 08:00","2014","04","16","08:00","-2.1","","-3.0","","93","","9","","9","","","","","M","","","-6","","NA"
"2014-04-16 09:00","2014","04","16","09:00","-1.1","","-2.6","","90","","12","","12","","","","","M","","","-5","","NA"
"2014-04-16 10:00","2014","04","16","10:00","-0.9","","-2.3","","91","","12","","16","","","","","M","","","-6","","NA"
"2014-04-16 11:00","2014","04","16","11:00","-1.3","","-2.8","","90","","14","","18","","","","","M","","","-7","","NA"
"2014-04-16 12:00","2014","04","16","12:00","-0.7","","-2.0","","91","","14","","18","","","","","M","","","-6","","NA"
"2014-04-16 13:00","2014","04","16","13:00","-0.4","","-2.3","","87","","13","","20","","","","","M","","","-6","","NA"
"2014-04-16 14:00","2014","04","16","14:00","-0.3","","-2.0","","88","","14","","20","","","","","M","","","-6","","NA"
"2014-04-16 15:00","2014","04","16","15:00","-0.2","","-2.0","","87","","14","","21","","","","","M","","","-6","","NA"
"2014-04-16 16:00","2014","04","16","16:00","0.0","","-2.3","","85","","13","","20","","","","","M","","","-5","","NA"
"2014-04-16 17:00","2014","04","16","17:00","0.0","","-1.9","","87","","11","","15","","","","","M","","","-4","","NA"
"2014-04-16 18:00","2014","04","16","18:00","0.1","","-1.3","","90","","11","","14","","","","","M","","","","","NA"
"2014-04-16 19:00","2014","04","16","19:00","-0.3","","-0.9","","96","","11","","10","","","","","M","","","-4","","NA"
"2014-04-16 20:00","2014","04","16","20:00","-0.5","","-0.8","","98","","8","","5","","","","","M","","","-2","","NA"
"2014-04-16 21:00","2014","04","16","21:00","-1.3","","-1.6","","98","","7","","18","","","","","M","","","-7","","NA"
"2014-04-16 22:00","2014","04","16","22:00","-1.5","","-1.8","","98","","9","","17","","","","","M","","","-7","","NA"
"2014-04-16 23:00","2014","04","16","23:00","-1.5","","-1.8","","98","","10","","11","","","","","M","","","-5","","NA"
"2014-04-17 00:00","2014","04","17","00:00","-1.4","","-1.6","","99","","10","","9","","","","","M","","","-5","","NA"
"2014-04-17 01:00","2014","04","17","01:00","-1.4","","-1.5","","99","","10","","6","","","","","M","","","-4","","NA"
"2014-04-17 02:00","2014","04","17","02:00","-1.4","","-1.4","","100","","10","","6","","","","","M","","","-4","","NA"
"2014-04-17 03:00","2014","04","17","03:00","-1.1","","-1.1","","100","","14","","6","","","","","M","","","-3","","NA"
"2014-04-17 04:00","2014","04","17","04:00","-1.7","","-1.7","","","M","15","","7","","","","","M","","","-4","","NA"
"2014-04-17 05:00","2014","04","17","05:00","-1.9","","-1.9","","","M","12","","7","","","","","M","","","-5","","NA"
"2014-04-17 06:00","2014","04","17","06:00","-2.0","","-2.0","","","M","13","","7","","","","","M","","","-5","","NA"
"2014-04-17 07:00","2014","04","17","07:00","-1.7","","-1.7","","","M","12","","10","","","","","M","","","-5","","NA"
"2014-04-17 08:00","2014","04","17","08:00","-1.0","","-1.1","","99","","10","","10","","","","","M","","","-5","","NA"
"2014-04-17 09:00","2014","04","17","09:00","-0.3","","-0.5","","99","","12","","12","","","","","M","","","-4","","NA"
"2014-04-17 10:00","2014","04","17","10:00","0.5","","0.2","","98","","13","","10","","","","","M","","","","","NA"
"2014-04-17 11:00","2014","04","17","11:00","1.9","","1.4","","97","","11","","10","","","","","M","","","","","NA"
"2014-04-17 12:00","2014","04","17","12:00","4.6","","3.1","","90","","12","","7","","","","","M","","","","","NA"
"2014-04-17 13:00","2014","04","17","13:00","8.4","","4.7","","78","","14","","16","","","","","M","","","","","NA"
"2014-04-17 14:00","2014","04","17","14:00","11.3","","3.5","","58","","17","","21","","","","","M","","","","","NA"
"2014-04-17 15:00","2014","04","17","15:00","11.7","","1.0","","48","","19","","16","","","","","M","","","","","NA"
"2014-04-17 16:00","2014","04","17","16:00","12.4","","0.8","","45","","17","","11","","","","","M","","","","","NA"
"2014-04-17 17:00","2014","04","17","17:00","12.5","","0.1","","42","","19","","11","","","","","M","","","","","NA"
"2014-04-17 18:00","2014","04","17","18:00","11.7","","1.3","","49","","13","","7","","","","","M","","","","","NA"
"2014-04-17 19:00","2014","04","17","19:00","8.6","","2.8","","67","","12","","16","","","","","M","","","","","NA"
"2014-04-17 20:00","2014","04","17","20:00","5.3","","2.4","","82","","11","","7","","","","","M","","","","","NA"
"2014-04-17 21:00","2014","04","17","21:00","3.8","","2.1","","89","","9","","10","","","","","M","","","","","NA"
"2014-04-17 22:00","2014","04","17","22:00","2.3","","1.3","","93","","28","","5","","","","","M","","","","","NA"
"2014-04-17 23:00","2014","04","17","23:00","2.1","","1.4","","95","","30","","13","","","","","M","","","","","NA"
"2014-04-18 00:00","2014","04","18","00:00","0.9","","0.4","","97","","29","","16","","","","","M","","","","","NA"
"2014-04-18 01:00","2014","04","18","01:00","0.7","","0.4","","97","","31","","18","","","","","M","","","","","NA"
"2014-04-18 02:00","2014","04","18","02:00","0.8","","0.2","","96","","31","","19","","","","","M","","","","","NA"
"2014-04-18 03:00","2014","04","18","03:00","-0.1","","-0.6","","97","","32","","16","","","","","M","","","-5","","NA"
"2014-04-18 04:00","2014","04","18","04:00","0.1","","-0.2","","98","","32","","13","","","","","M","","","","","NA"
"2014-04-18 05:00","2014","04","18","05:00","-0.1","","-0.2","","100","","34","","9","","","","","M","","","-3","","NA"
"2014-04-18 06:00","2014","04","18","06:00","0.2","","0.2","","100","","32","","11","","","","","M","","","","","NA"
"2014-04-18 07:00","2014","04","18","07:00","1.0","","1.0","","100","","35","","5","","","","","M","","","","","NA"
"2014-04-18 08:00","2014","04","18","08:00","2.0","","1.9","","100","","23","","4","","","","","M","","","","","NA"
"2014-04-18 09:00","2014","04","18","09:00","3.2","","3.1","","99","","31","","11","","","","","M","","","","","NA"
"2014-04-18 10:00","2014","04","18","10:00","5.9","","2.9","","81","","35","","6","","","","","M","","","","","NA"
"2014-04-18 11:00","2014","04","18","11:00","7.9","","2.2","","67","","33","","10","","","","","M","","","","","NA"
"2014-04-18 12:00","2014","04","18","12:00","7.5","","1.7","","66","","32","","13","","","","","M","","","","","NA"
"2014-04-18 13:00","2014","04","18","13:00","7.2","","1.6","","68","","35","","24","","","","","M","","","","","NA"
"2014-04-18 14:00","2014","04","18","14:00","5.6","","0.9","","72","","34","","28","","","","","M","","","","","NA"
"2014-04-18 15:00","2014","04","18","15:00","4.1","","0.6","","78","","34","","24","","","","","M","","","","","NA"
"2014-04-18 16:00","2014","04","18","16:00","2.5","","0.8","","88","","33","","30","","","","","M","","","","","NA"
"2014-04-18 17:00","2014","04","18","17:00","0.7","","0.0","","95","","32","","30","","","","","M","","","","","NA"
"2014-04-18 18:00","2014","04","18","18:00","0.6","","0.1","","97","","32","","24","","","","","M","","","","","NA"
"2014-04-18 19:00","2014","04","18","19:00","0.3","","0.1","","99","","31","","22","","","","","M","","","","","NA"
"2014-04-18 20:00","2014","04","18","20:00","0.4","","0.2","","99","","30","","14","","","","","M","","","","","NA"
"2014-04-18 21:00","2014","04","18","21:00","0.1","","-0.1","","98","","29","","14","","","","","M","","","","","NA"
"2014-04-18 22:00","2014","04","18","22:00","-1.0","","-1.2","","99","","31","","15","","","","","M","","","-6","","NA"
"2014-04-18 23:00","2014","04","18","23:00","-0.4","","-0.8","","97","","27","","1","","","","","M","","","-1","","NA"
"2014-04-19 00:00","2014","04","19","00:00","-1.2","","-1.5","","98","","27","","3","","","","","M","","","-2","","NA"
"2014-04-19 01:00","2014","04","19","01:00","-3.3","","-3.7","","98","","31","","7","","","","","M","","","-6","","NA"
"2014-04-19 02:00","2014","04","19","02:00","-5.0","","-5.0","","100","","27","","8","","","","","M","","","-9","","NA"
"2014-04-19 03:00","2014","04","19","03:00","-5.1","","-5.1","","","M","27","","9","","","","","M","","","-9","","NA"
"2014-04-19 04:00","2014","04","19","04:00","-5.9","","-5.9","","","M","","M","0","","","","","M","","","","","NA"
"2014-04-19 05:00","2014","04","19","05:00","-6.0","","-6.0","","","M","27","","2","","","","","M","","","-7","","NA"
"2014-04-19 06:00","2014","04","19","06:00","-6.4","","-6.5","","99","","27","","1","","","","","M","","","-7","","NA"
"2014-04-19 07:00","2014","04","19","07:00","-2.8","","-2.8","","100","","27","","2","","","","","M","","","-4","","NA"
"2014-04-19 08:00","2014","04","19","08:00","0.9","","0.5","","97","","","M","0","","","","","M","","","","","NA"
"2014-04-19 09:00","2014","04","19","09:00","2.8","","1.6","","92","","15","","5","","","","","M","","","","","NA"
"2014-04-19 10:00","2014","04","19","10:00","5.6","","3.6","","87","","13","","5","","","","","M","","","","","NA"
"2014-04-19 11:00","2014","04","19","11:00","8.9","","1.8","","61","","11","","7","","","","","M","","","","","NA"
"2014-04-19 12:00","2014","04","19","12:00","11.0","","-3.8","","35","","17","","9","","","","","M","","","","","NA"
"2014-04-19 13:00","2014","04","19","13:00","12.4","","-5.0","","29","","16","","13","","","","","M","","","","","NA"
"2014-04-19 14:00","2014","04","19","14:00","13.7","","-6.4","","24","","18","","12","","","","","M","","","","","NA"
"2014-04-19 15:00","2014","04","19","15:00","12.6","","-6.1","","27","","19","","26","","","","","M","","","","","NA"
"2014-04-19 16:00","2014","04","19","16:00","12.8","","-5.9","","27","","17","","26","","","","","M","","","","","NA"
"2014-04-19 17:00","2014","04","19","17:00","12.3","","-6.5","","26","","19","","24","","","","","M","","","","","NA"
"2014-04-19 18:00","2014","04","19","18:00","13.6","","-6.8","","24","","20","","16","","","","","M","","","","","NA"
"2014-04-19 19:00","2014","04","19","19:00","11.9","","-5.4","","29","","23","","27","","","","","M","","","","","NA"
"2014-04-19 20:00","2014","04","19","20:00","10.0","","-5.2","","34","","23","","28","","","","","M","","","","","NA"
"2014-04-19 21:00","2014","04","19","21:00","5.7","","-4.3","","48","","22","","17","","","","","M","","","","","NA"
"2014-04-19 22:00","2014","04","19","22:00","3.8","","-4.5","","54","","26","","10","","","","","M","","","","","NA"
"2014-04-19 23:00","2014","04","19","23:00","1.9","","-4.0","","65","","28","","6","","","","","M","","","","","NA"
"2014-04-20 00:00","2014","04","20","00:00","2.5","","-3.2","","66","","20","","19","","","","","M","","","","","NA"
"2014-04-20 01:00","2014","04","20","01:00","5.0","","-1.6","","62","","21","","20","","","","","M","","","","","NA"
"2014-04-20 02:00","2014","04","20","02:00","5.5","","-1.4","","61","","24","","21","","","","","M","","","","","NA"
"2014-04-20 03:00","2014","04","20","03:00","5.5","","0.2","","69","","30","","23","","","","","M","","","","","NA"
"2014-04-20 04:00","2014","04","20","04:00","4.5","","-0.1","","72","","31","","16","","","","","M","","","","","NA"
"2014-04-20 05:00","2014","04","20","05:00","3.1","","-0.4","","78","","28","","16","","","","","M","","","","","NA"
"2014-04-20 06:00","2014","04","20","06:00","2.8","","-0.6","","78","","27","","17","","","","","M","","","","","NA"
"2014-04-20 07:00","2014","04","20","07:00","5.5","","0.0","","67","","29","","16","","","","","M","","","","","NA"
"2014-04-20 08:00","2014","04","20","08:00","8.8","","0.1","","54","","32","","13","","","","","M","","","","","NA"
"2014-04-20 09:00","2014","04","20","09:00","11.4","","-2.7","","37","","29","","30","","","","","M","","","","","NA"
"2014-04-20 10:00","2014","04","20","10:00","12.6","","-4.2","","31","","31","","22","","","","","M","","","","","NA"
"2014-04-20 11:00","2014","04","20","11:00","13.7","","-5.9","","25","","27","","26","","","","","M","","","","","NA"
"2014-04-20 12:00","2014","04","20","12:00","14.3","","-6.2","","24","","28","","28","","","","","M","","","","","NA"
"2014-04-20 13:00","2014","04","20","13:00","15.6","","-6.7","","21","","28","","25","","","","","M","","","","","NA"
"2014-04-20 14:00","2014","04","20","14:00","15.6","","-6.9","","21","","27","","28","","","","","M","","","","","NA"
"2014-04-20 15:00","2014","04","20","15:00","15.7","","-8.6","","18","","27","","27","","","","","M","","","","","NA"
"2014-04-20 16:00","2014","04","20","16:00","15.6","","-7.6","","19","","27","","28","","","","","M","","","","","NA"
"2014-04-20 17:00","2014","04","20","17:00","14.9","","-7.2","","21","","28","","28","","","","","M","","","","","NA"
"2014-04-20 18:00","2014","04","20","18:00","13.4","","-6.5","","24","","29","","26","","","","","M","","","","","NA"
"2014-04-20 19:00","2014","04","20","19:00","9.7","","-5.4","","34","","26","","16","","","","","M","","","","","NA"
"2014-04-20 20:00","2014","04","20","20:00","5.7","","-4.5","","48","","28","","13","","","","","M","","","","","NA"
"2014-04-20 21:00","2014","04","20","21:00","4.2","","-3.6","","57","","24","","15","","","","","M","","","","","NA"
"2014-04-20 22:00","2014","04","20","22:00","2.8","","-3.8","","62","","24","","19","","","","","M","","","","","NA"
"2014-04-20 23:00","2014","04","20","23:00","0.3","","-4.3","","71","","26","","17","","","","","M","","","","","NA"
"2014-04-21 00:00","2014","04","21","00:00","0.2","","-4.2","","72","","28","","16","","","","","M","","","","","NA"
"2014-04-21 01:00","2014","04","21","01:00","-1.7","","-4.9","","79","","30","","6","","","","","M","","","-4","","NA"
"2014-04-21 02:00","2014","04","21","02:00","-1.8","","-4.7","","80","","21","","3","","","","","M","","","-3","","NA"
"2014-04-21 03:00","2014","04","21","03:00","-1.3","","-4.4","","79","","24","","10","","","","","M","","","-5","","NA"
"2014-04-21 04:00","2014","04","21","04:00","-0.6","","-4.5","","75","","16","","2","","","","","M","","","-1","","NA"
"2014-04-21 05:00","2014","04","21","05:00","-1.5","","-5.2","","76","","12","","5","","","","","M","","","-3","","NA"
"2014-04-21 06:00","2014","04","21","06:00","-1.4","","-4.9","","77","","14","","1","","","","","M","","","-2","","NA"
"2014-04-21 07:00","2014","04","21","07:00","2.8","","-1.4","","74","","3","","2","","","","","M","","","","","NA"
"2014-04-21 08:00","2014","04","21","08:00","4.2","","-0.2","","73","","13","","4","","","","","M","","","","","NA"
"2014-04-21 09:00","2014","04","21","09:00","8.2","","0.4","","58","","12","","7","","","","","M","","","","","NA"
"2014-04-21 10:00","2014","04","21","10:00","10.9","","-4.3","","34","","19","","10","","","","","M","","","","","NA"
"2014-04-21 11:00","2014","04","21","11:00","13.3","","-5.7","","26","","19","","13","","","","","M","","","","","NA"
"2014-04-21 12:00","2014","04","21","12:00","14.6","","-8.7","","19","","18","","13","","","","","M","","","","","NA"
"2014-04-21 13:00","2014","04","21","13:00","16.2","","-12.0","","13","","17","","14","","","","","M","","","","","NA"
"2014-04-21 14:00","2014","04","21","14:00","17.9","","-8.9","","15","","15","","20","","","","","M","","","","","NA"
"2014-04-21 15:00","2014","04","21","15:00","19.0","","-8.9","","14","","17","","20","","","","","M","","","","","NA"
"2014-04-21 16:00","2014","04","21","16:00","18.5","","-9.6","","14","","16","","25","","","","","M","","","","","NA"
"2014-04-21 17:00","2014","04","21","17:00","18.2","","-9.0","","15","","20","","30","","","","","M","","","","","NA"
"2014-04-21 18:00","2014","04","21","18:00","16.2","","-7.2","","19","","20","","24","","","","","M","","","","","NA"
"2014-04-21 19:00","2014","04","21","19:00","14.5","","-6.1","","24","","21","","17","","","","","M","","","","","NA"
"2014-04-21 20:00","2014","04","21","20:00","11.1","","-3.8","","35","","21","","9","","","","","M","","","","","NA"
"2014-04-21 21:00","2014","04","21","21:00","9.8","","-2.1","","43","","3","","10","","","","","M","","","","","NA"
"2014-04-21 22:00","2014","04","21","22:00","9.0","","-0.9","","50","","1","","10","","","","","M","","","","","NA"
"2014-04-21 23:00","2014","04","21","23:00","9.0","","-0.9","","50","","2","","15","","","","","M","","","","","NA"
"2014-04-22 00:00","2014","04","22","00:00","7.7","","-1.4","","53","","36","","10","","","","","M","","","","","NA"
"2014-04-22 01:00","2014","04","22","01:00","5.7","","-2.2","","57","","4","","7","","","","","M","","","","","NA"
"2014-04-22 02:00","2014","04","22","02:00","4.2","","-2.7","","61","","2","","14","","","","","M","","","","","NA"
"2014-04-22 03:00","2014","04","22","03:00","1.5","","-2.6","","74","","32","","11","","","","","M","","","","","NA"
"2014-04-22 04:00","2014","04","22","04:00","3.0","","-1.5","","72","","35","","16","","","","","M","","","","","NA"
"2014-04-22 05:00","2014","04","22","05:00","3.5","","-1.4","","71","","1","","17","","","","","M","","","","","NA"
"2014-04-22 06:00","2014","04","22","06:00","0.6","","-2.7","","78","","29","","5","","","","","M","","","","","NA"
"2014-04-22 07:00","2014","04","22","07:00","4.7","","-0.1","","71","","33","","15","","","","","M","","","","","NA"
"2014-04-22 08:00","2014","04","22","08:00","8.1","","0.5","","59","","30","","16","","","","","M","","","","","NA"
"2014-04-22 09:00","2014","04","22","09:00","13.4","","-2.4","","33","","1","","10","","","","","M","","","","","NA"
"2014-04-22 10:00","2014","04","22","10:00","16.4","","-2.2","","28","","14","","13","","","","","M","","","","","NA"
"2014-04-22 11:00","2014","04","22","11:00","16.8","","-2.3","","27","","13","","12","","","","","M","","","","","NA"
"2014-04-22 12:00","2014","04","22","12:00","18.6","","-1.7","","25","","14","","14","","","","","M","","","","","NA"
"2014-04-22 13:00","2014","04","22","13:00","19.1","","-3.9","","21","","17","","17","","","","","M","","","","","NA"
"2014-04-22 14:00","2014","04","22","14:00","18.5","","-4.8","","20","","18","","12","","","","","M","","","","","NA"
"2014-04-22 15:00","2014","04","22","15:00","17.7","","-4.1","","22","","24","","16","","","","","M","","","","","NA"
"2014-04-22 16:00","2014","04","22","16:00","15.7","","0.7","","36","","26","","33","","","","","M","","","","","NA"
"2014-04-22 17:00","2014","04","22","17:00","13.8","","0.2","","39","","26","","31","","","","","M","","","","","NA"
"2014-04-22 18:00","2014","04","22","18:00","11.1","","2.3","","54","","25","","32","","","","","M","","","","","NA"
"2014-04-22 19:00","2014","04","22","19:00","9.6","","2.9","","63","","28","","20","","","","","M","","","","","NA"
"2014-04-22 20:00","2014","04","22","20:00","7.9","","4.6","","80","","30","","16","","","","","M","","","","","NA"
"2014-04-22 21:00","2014","04","22","21:00","7.7","","2.6","","70","","34","","8","","","","","M","","","","","NA"
"2014-04-22 22:00","2014","04","22","22:00","8.1","","3.8","","74","","6","","3","","","","","M","","","","","NA"
"2014-04-22 23:00","2014","04","22","23:00","6.3","","4.8","","91","","13","","11","","","","","M","","","","","NA"
"2014-04-23 00:00","2014","04","23","00:00","5.8","","3.8","","87","","13","","5","","","","","M","","","","","NA"
"2014-04-23 01:00","2014","04","23","01:00","5.5","","2.4","","80","","22","","4","","","","","M","","","","","NA"
"2014-04-23 02:00","2014","04","23","02:00","5.5","","0.8","","72","","23","","21","","","","","M","","","","","NA"
"2014-04-23 03:00","2014","04","23","03:00","5.0","","0.2","","71","","23","","20","","","","","M","","","","","NA"
"2014-04-23 04:00","2014","04","23","04:00","4.6","","-0.7","","68","","23","","20","","","","","M","","","","","NA"
"2014-04-23 05:00","2014","04","23","05:00","3.0","","-1.9","","70","","22","","19","","","","","M","","","","","NA"
"2014-04-23 06:00","2014","04","23","06:00","1.8","","-2.4","","74","","24","","15","","","","","M","","","","","NA"
"2014-04-23 07:00","2014","04","23","07:00","3.3","","-1.8","","69","","28","","8","","","","","M","","","","","NA"
"2014-04-23 08:00","2014","04","23","08:00","7.0","","-1.2","","56","","28","","6","","","","","M","","","","","NA"
"2014-04-23 09:00","2014","04","23","09:00","9.3","","-3.2","","41","","28","","21","","","","","M","","","","","NA"
"2014-04-23 10:00","2014","04","23","10:00","10.7","","-6.0","","30","","27","","28","","","","","M","","","","","NA"
"2014-04-23 11:00","2014","04","23","11:00","11.3","","-6.6","","28","","30","","24","","","","","M","","","","","NA"
"2014-04-23 12:00","2014","04","23","12:00","11.7","","-7.4","","26","","29","","22","","","","","M","","","","","NA"
"2014-04-23 13:00","2014","04","23","13:00","12.9","","-8.6","","21","","27","","17","","","","","M","","","","","NA"
"2014-04-23 14:00","2014","04","23","14:00","12.3","","-8.6","","22","","25","","22","","","","","M","","","","","NA"
"2014-04-23 15:00","2014","04","23","15:00","11.5","","-5.3","","30","","31","","7","","","","","M","","","","","NA"
"2014-04-23 16:00","2014","04","23","16:00","11.6","","-10.1","","21","","26","","21","","","","","M","","","","","NA"
"2014-04-23 17:00","2014","04","23","17:00","12.5","","-9.0","","21","","28","","36","","","","","M","","","","","NA"
"2014-04-23 18:00","2014","04","23","18:00","9.8","","-0.7","","48","","4","","18","","","","","M","","","","","NA"
"2014-04-23 19:00","2014","04","23","19:00","7.4","","0.3","","60","","9","","10","","","","","M","","","","","NA"
"2014-04-23 20:00","2014","04","23","20:00","5.4","","-1.2","","62","","6","","9","","","","","M","","","","","NA"
"2014-04-23 21:00","2014","04","23","21:00","4.2","","-4.6","","53","","30","","9","","","","","M","","","","","NA"
"2014-04-23 22:00","2014","04","23","22:00","0.3","","-1.7","","87","","36","","14","","","","","M","","","","","NA"
"2014-04-23 23:00","2014","04","23","23:00","1.1","","-0.8","","87","","3","","11","","","","","M","","","","","NA"
"2014-04-24 00:00","2014","04","24","00:00","-1.6","","-2.3","","95","","36","","10","","","","","M","","","-5","","NA"
"2014-04-24 01:00","2014","04","24","01:00","-0.8","","-1.4","","95","","17","","8","","","","","M","","","-4","","NA"
"2014-04-24 02:00","2014","04","24","02:00","-2.6","","-2.8","","99","","","M","0","","","","","M","","","","","NA"
"2014-04-24 03:00","2014","04","24","03:00","-2.9","","-2.9","","100","","17","","3","","","","","M","","","-4","","NA"
"2014-04-24 04:00","2014","04","24","04:00","-3.8","","-4.0","","99","","20","","5","","","","","M","","","-6","","NA"
"2014-04-24 05:00","2014","04","24","05:00","-5.1","","-6.9","","87","","25","","2","","","","","M","","","-6","","NA"
"2014-04-24 06:00","2014","04","24","06:00","-5.3","","-7.8","","82","","33","","3","","","","","M","","","-7","","NA"
"2014-04-24 07:00","2014","04","24","07:00","0.4","","-1.9","","85","","35","","1","","","","","M","","","","","NA"
"2014-04-24 08:00","2014","04","24","08:00","4.4","","-2.0","","63","","11","","4","","","","","M","","","","","NA"
"2014-04-24 09:00","2014","04","24","09:00","7.9","","-6.0","","37","","26","","9","","","","","M","","","","","NA"
"2014-04-24 10:00","2014","04","24","10:00","10.3","","-9.5","","24","","26","","8","","","","","M","","","","","NA"
"2014-04-24 11:00","2014","04","24","11:00","11.4","","-9.6","","22","","22","","7","","","","","M","","","","","NA"
"2014-04-24 12:00","2014","04","24","12:00","12.6","","-8.1","","23","","26","","10","","","","","M","","","","","NA"
"2014-04-24 13:00","2014","04","24","13:00","14.4","","-7.0","","22","","22","","6","","","","","M","","","","","NA"
"2014-04-24 14:00","2014","04","24","14:00","14.2","","-6.6","","23","","19","","10","","","","","M","","","","","NA"
"2014-04-24 15:00","2014","04","24","15:00","13.7","","-5.1","","27","","22","","11","","","","","M","","","","","NA"
"2014-04-24 16:00","2014","04","24","16:00","13.6","","-3.9","","29","","17","","17","","","","","M","","","","","NA"
"2014-04-24 17:00","2014","04","24","17:00","14.1","","-3.8","","29","","19","","11","","","","","M","","","","","NA"
"2014-04-24 18:00","2014","04","24","18:00","12.6","","-4.7","","29","","23","","6","","","","","M","","","","","NA"
"2014-04-24 19:00","2014","04","24","19:00","11.4","","-3.4","","35","","26","","16","","","","","M","","","","","NA"
"2014-04-24 20:00","2014","04","24","20:00","5.9","","-3.0","","53","","29","","6","","","","","M","","","","","NA"
"2014-04-24 21:00","2014","04","24","21:00","5.7","","-1.7","","59","","23","","12","","","","","M","","","","","NA"
"2014-04-24 22:00","2014","04","24","22:00","4.7","","-1.3","","65","","24","","12","","","","","M","","","","","NA"
"2014-04-24 23:00","2014","04","24","23:00","2.3","","-2.4","","71","","24","","4","","","","","M","","","","","NA"
"2014-04-25 00:00","2014","04","25","00:00","1.7","","-1.7","","78","","3","","10","","","","","M","","","","","NA"
"2014-04-25 01:00","2014","04","25","01:00","1.7","","-1.5","","79","","6","","8","","","","","M","","","","","NA"
"2014-04-25 02:00","2014","04","25","02:00","0.7","","-1.6","","85","","5","","8","","","","","M","","","","","NA"
"2014-04-25 03:00","2014","04","25","03:00","0.4","","-1.1","","90","","32","","4","","","","","M","","","","","NA"
"2014-04-25 04:00","2014","04","25","04:00","-2.0","","-2.7","","95","","29","","13","","","","","M","","","-6","","NA"
"2014-04-25 05:00","2014","04","25","05:00","-2.3","","-2.7","","97","","33","","17","","","","","M","","","-8","","NA"
"2014-04-25 06:00","2014","04","25","06:00","0.4","","-0.3","","95","","33","","18","","","","","M","","","","","NA"
"2014-04-25 07:00","2014","04","25","07:00","1.5","","0.4","","92","","33","","11","","","","","M","","","","","NA"
"2014-04-25 08:00","2014","04","25","08:00","2.3","","0.9","","90","","36","","10","","","","","M","","","","","NA"
"2014-04-25 09:00","2014","04","25","09:00","3.9","","0.7","","80","","4","","9","","","","","M","","","","","NA"
"2014-04-25 10:00","2014","04","25","10:00","5.4","","0.6","","71","","7","","6","","","","","M","","","","","NA"
"2014-04-25 11:00","2014","04","25","11:00","6.2","","0.9","","69","","7","","10","","","","","M","","","","","NA"
"2014-04-25 12:00","2014","04","25","12:00","5.5","","1.5","","75","","5","","17","","","","","M","","","","","NA"
"2014-04-25 13:00","2014","04","25","13:00","6.4","","1.0","","69","","6","","14","","","","","M","","","","","NA"
"2014-04-25 14:00","2014","04","25","14:00","7.1","","0.9","","65","","7","","12","","","","","M","","","","","NA"
"2014-04-25 15:00","2014","04","25","15:00","7.6","","0.5","","61","","8","","14","","","","","M","","","","","NA"
"2014-04-25 16:00","2014","04","25","16:00","7.6","","0.7","","62","","6","","17","","","","","M","","","","","NA"
"2014-04-25 17:00","2014","04","25","17:00","6.9","","0.7","","65","","8","","14","","","","","M","","","","","NA"
"2014-04-25 18:00","2014","04","25","18:00","6.4","","0.7","","67","","6","","12","","","","","M","","","","","NA"
"2014-04-25 19:00","2014","04","25","19:00","5.8","","1.0","","71","","4","","19","","","","","M","","","","","NA"
"2014-04-25 20:00","2014","04","25","20:00","4.6","","0.8","","77","","3","","12","","","","","M","","","","","NA"
"2014-04-25 21:00","2014","04","25","21:00","4.1","","0.7","","78","","36","","10","","","","","M","","","","","NA"
"2014-04-25 22:00","2014","04","25","22:00","3.9","","0.7","","80","","2","","11","","","","","M","","","","","NA"
"2014-04-25 23:00","2014","04","25","23:00","4.0","","-0.9","","70","","7","","19","","","","","M","","","","","NA"
"2014-04-26 00:00","2014","04","26","00:00","2.5","","-2.1","","72","","8","","21","","","","","M","","","","","NA"
"2014-04-26 01:00","2014","04","26","01:00","1.3","","-2.1","","78","","8","","16","","","","","M","","","","","NA"
"2014-04-26 02:00","2014","04","26","02:00","0.7","","-2.1","","81","","7","","18","","","","","M","","","","","NA"
"2014-04-26 03:00","2014","04","26","03:00","-0.4","","-2.4","","86","","7","","17","","","","","M","","","-5","","NA"
"2014-04-26 04:00","2014","04","26","04:00","-0.5","","-2.4","","87","","7","","15","","","","","M","","","-5","","NA"
"2014-04-26 05:00","2014","04","26","05:00","-0.5","","-2.3","","88","","29","","3","","","","","M","","","-1","","NA"
"2014-04-26 06:00","2014","04","26","06:00","-0.2","","-2.1","","87","","34","","4","","","","","M","","","-1","","NA"
"2014-04-26 07:00","2014","04","26","07:00","-0.1","","-2.0","","87","","7","","7","","","","","M","","","-3","","NA"
"2014-04-26 08:00","2014","04","26","08:00","-0.4","","-1.1","","95","","5","","9","","","","","M","","","-4","","NA"
"2014-04-26 09:00","2014","04","26","09:00","-0.4","","-1.2","","94","","1","","13","","","","","M","","","-5","","NA"
"2014-04-26 10:00","2014","04","26","10:00","0.8","","-0.4","","92","","1","","16","","","","","M","","","","","NA"
"2014-04-26 11:00","2014","04","26","11:00","0.9","","-0.1","","93","","6","","20","","","","","M","","","","","NA"
"2014-04-26 12:00","2014","04","26","12:00","0.7","","-0.2","","94","","4","","15","","","","","M","","","","","NA"
"2014-04-26 13:00","2014","04","26","13:00","0.4","","-0.2","","96","","1","","12","","","","","M","","","","","NA"
"2014-04-26 14:00","2014","04","26","14:00","0.4","","-0.2","","96","","1","","11","","","","","M","","","","","NA"
"2014-04-26 15:00","2014","04","26","15:00","0.6","","-0.1","","96","","3","","6","","","","","M","","","","","NA"
"2014-04-26 16:00","2014","04","26","16:00","0.3","","-0.2","","97","","5","","8","","","","","M","","","","","NA"
"2014-04-26 17:00","2014","04","26","17:00","0.5","","-0.1","","96","","4","","6","","","","","M","","","","","NA"
"2014-04-26 18:00","2014","04","26","18:00","0.4","","0.0","","97","","5","","7","","","","","M","","","","","NA"
"2014-04-26 19:00","2014","04","26","19:00","0.3","","-0.1","","98","","3","","5","","","","","M","","","","","NA"
"2014-04-26 20:00","2014","04","26","20:00","0.2","","-0.1","","98","","26","","8","","","","","M","","","","","NA"
"2014-04-26 21:00","2014","04","26","21:00","0.0","","-0.2","","99","","29","","4","","","","","M","","","-1","","NA"
"2014-04-26 22:00","2014","04","26","22:00","-1.4","","-1.5","","99","","28","","9","","","","","M","","","-5","","NA"
"2014-04-26 23:00","2014","04","26","23:00","-1.2","","-1.3","","100","","27","","8","","","","","M","","","-4","","NA"
"2014-04-27 00:00","2014","04","27","00:00","-2.0","","-2.1","","100","","22","","2","","","","","M","","","-3","","NA"
"2014-04-27 01:00","2014","04","27","01:00","-4.2","","-4.2","","100","","12","","4","","","","","M","","","-6","","NA"
"2014-04-27 02:00","2014","04","27","02:00","-5.0","","-5.0","","","M","13","","4","","","","","M","","","-7","","NA"
"2014-04-27 03:00","2014","04","27","03:00","-4.8","","-4.8","","","M","14","","8","","","","","M","","","-8","","NA"
"2014-04-27 04:00","2014","04","27","04:00","-5.8","","-6.1","","98","","19","","11","","","","","M","","","-11","","NA"
"2014-04-27 05:00","2014","04","27","05:00","-5.1","","-5.4","","98","","19","","6","","","","","M","","","-8","","NA"
"2014-04-27 06:00","2014","04","27","06:00","-6.7","","-7.2","","96","","5","","7","","","","","M","","","-10","","NA"
"2014-04-27 07:00","2014","04","27","07:00","-2.0","","-2.4","","97","","13","","2","","","","","M","","","-3","","NA"
"2014-04-27 08:00","2014","04","27","08:00","0.7","","-1.0","","88","","26","","4","","","","","M","","","","","NA"
"2014-04-27 09:00","2014","04","27","09:00","3.2","","0.0","","80","","27","","8","","","","","M","","","","","NA"
"2014-04-27 10:00","2014","04","27","10:00","6.7","","1.8","","71","","27","","11","","","","","M","","","","","NA"
"2014-04-27 11:00","2014","04","27","11:00","9.8","","0.8","","54","","28","","15","","","","","M","","","","","NA"
"2014-04-27 12:00","2014","04","27","12:00","11.1","","-5.9","","30","","28","","10","","","","","M","","","","","NA"
"2014-04-27 13:00","2014","04","27","13:00","12.1","","-7.1","","26","","26","","10","","","","","M","","","","","NA"
"2014-04-27 14:00","2014","04","27","14:00","12.9","","-6.7","","25","","26","","9","","","","","M","","","","","NA"
"2014-04-27 15:00","2014","04","27","15:00","13.5","","-7.0","","23","","26","","8","","","","","M","","","","","NA"
"2014-04-27 16:00","2014","04","27","16:00","13.6","","-7.1","","23","","7","","7","","","","","M","","","","","NA"
"2014-04-27 17:00","2014","04","27","17:00","13.7","","-8.7","","20","","26","","15","","","","","M","","","","","NA"
"2014-04-27 18:00","2014","04","27","18:00","13.1","","-8.0","","22","","25","","15","","","","","M","","","","","NA"
"2014-04-27 19:00","2014","04","27","19:00","11.1","","-6.2","","29","","25","","12","","","","","M","","","","","NA"
"2014-04-27 20:00","2014","04","27","20:00","4.0","","-4.0","","56","","27","","12","","","","","M","","","","","NA"
"2014-04-27 21:00","2014","04","27","21:00","1.7","","-3.1","","71","","23","","16","","","","","M","","","","","NA"
"2014-04-27 22:00","2014","04","27","22:00","0.0","","-4.0","","74","","25","","16","","","","","M","","","-5","","NA"
"2014-04-27 23:00","2014","04","27","23:00","-1.5","","-4.4","","81","","26","","15","","","","","M","","","-6","","NA"
"2014-04-28 00:00","2014","04","28","00:00","-1.6","","-4.0","","83","","23","","11","","","","","M","","","-5","","NA"
"2014-04-28 01:00","2014","04","28","01:00","-1.6","","-4.3","","82","","24","","16","","","","","M","","","-7","","NA"
"2014-04-28 02:00","2014","04","28","02:00","-1.6","","-4.3","","82","","25","","17","","","","","M","","","-7","","NA"
"2014-04-28 03:00","2014","04","28","03:00","-2.7","","-5.3","","82","","27","","19","","","","","M","","","-8","","NA"
"2014-04-28 04:00","2014","04","28","04:00","-2.6","","-5.1","","83","","30","","19","","","","","M","","","-8","","NA"
"2014-04-28 05:00","2014","04","28","05:00","0.7","","-3.6","","73","","32","","23","","","","","M","","","","","NA"
"2014-04-28 06:00","2014","04","28","06:00","1.6","","-2.9","","72","","32","","21","","","","","M","","","","","NA"
"2014-04-28 07:00","2014","04","28","07:00","4.1","","-2.4","","63","","32","","24","","","","","M","","","","","NA"
"2014-04-28 08:00","2014","04","28","08:00","6.0","","-0.4","","64","","32","","43","","","","","M","","","","","NA"
"2014-04-28 09:00","2014","04","28","09:00","2.6","","1.2","","91","","31","","36","","","","","M","","","","","NA"
"2014-04-28 10:00","2014","04","28","10:00","1.8","","0.9","","94","","30","","31","","","","","M","","","","","NA"
"2014-04-28 11:00","2014","04","28","11:00","2.5","","1.3","","92","","29","","31","","","","","M","","","","","NA"
"2014-04-28 12:00","2014","04","28","12:00","2.8","","1.6","","92","","30","","19","","","","","M","","","","","NA"
"2014-04-28 13:00","2014","04","28","13:00","5.0","","2.8","","86","","31","","17","","","","","M","","","","","NA"
"2014-04-28 14:00","2014","04","28","14:00","6.2","","4.0","","86","","28","","23","","","","","M","","","","","NA"
"2014-04-28 15:00","2014","04","28","15:00","7.9","","3.9","","76","","27","","22","","","","","M","","","","","NA"
"2014-04-28 16:00","2014","04","28","16:00","8.6","","2.5","","66","","27","","27","","","","","M","","","","","NA"
"2014-04-28 17:00","2014","04","28","17:00","9.2","","1.2","","57","","26","","26","","","","","M","","","","","NA"
"2014-04-28 18:00","2014","04","28","18:00","9.1","","0.1","","53","","28","","26","","","","","M","","","","","NA"
"2014-04-28 19:00","2014","04","28","19:00","7.6","","1.2","","64","","30","","20","","","","","M","","","","","NA"
"2014-04-28 20:00","2014","04","28","20:00","6.8","","0.0","","62","","30","","12","","","","","M","","","","","NA"
"2014-04-28 21:00","2014","04","28","21:00","4.5","","-0.5","","70","","34","","8","","","","","M","","","","","NA"
"2014-04-28 22:00","2014","04","28","22:00","1.1","","-1.4","","83","","30","","17","","","","","M","","","","","NA"
"2014-04-28 23:00","2014","04","28","23:00","0.5","","-1.8","","84","","31","","18","","","","","M","","","","","NA"
"2014-04-29 00:00","2014","04","29","00:00","1.8","","-1.6","","78","","32","","19","","","","","M","","","","","NA"
"2014-04-29 01:00","2014","04","29","01:00","0.9","","-2.4","","79","","32","","19","","","","","M","","","","","NA"
"2014-04-29 02:00","2014","04","29","02:00","0.6","","-3.4","","74","","32","","20","","","","","M","","","","","NA"
"2014-04-29 03:00","2014","04","29","03:00","0.6","","-4.0","","71","","32","","21","","","","","M","","","","","NA"
"2014-04-29 04:00","2014","04","29","04:00","0.7","","-4.4","","69","","32","","23","","","","","M","","","","","NA"
"2014-04-29 05:00","2014","04","29","05:00","0.6","","-4.8","","67","","32","","23","","","","","M","","","","","NA"
"2014-04-29 06:00","2014","04","29","06:00","1.7","","-4.7","","62","","32","","23","","","","","M","","","","","NA"
"2014-04-29 07:00","2014","04","29","07:00","4.0","","-4.2","","55","","32","","24","","","","","M","","","","","NA"
"2014-04-29 08:00","2014","04","29","08:00","6.1","","-4.7","","46","","33","","25","","","","","M","","","","","NA"
"2014-04-29 09:00","2014","04","29","09:00","9.4","","-5.7","","34","","34","","23","","","","","M","","","","","NA"
"2014-04-29 10:00","2014","04","29","10:00","11.8","","-6.1","","28","","36","","18","","","","","M","","","","","NA"
"2014-04-29 11:00","2014","04","29","11:00","13.0","","-7.4","","23","","35","","9","","","","","M","","","","","NA"
"2014-04-29 12:00","2014","04","29","12:00","13.6","","-7.7","","22","","33","","16","","","","","M","","","","","NA"
"2014-04-29 13:00","2014","04","29","13:00","14.4","","-8.4","","20","","32","","6","","","","","M","","","","","NA"
"2014-04-29 14:00","2014","04","29","14:00","15.5","","-10.0","","16","","24","","4","","","","","M","","","","","NA"
"2014-04-29 15:00","2014","04","29","15:00","16.2","","-11.1","","14","","36","","5","","","","","M","","","","","NA"
"2014-04-29 16:00","2014","04","29","16:00","16.4","","-12.0","","13","","35","","7","","","","","M","","","","","NA"
"2014-04-29 17:00","2014","04","29","17:00","16.4","","-11.6","","14","","11","","5","","","","","M","","","","","NA"
"2014-04-29 18:00","2014","04","29","18:00","15.7","","-12.0","","14","","15","","9","","","","","M","","","","","NA"
"2014-04-29 19:00","2014","04","29","19:00","14.0","","-10.7","","17","","13","","4","","","","","M","","","","","NA"
"2014-04-29 20:00","2014","04","29","20:00","9.9","","-7.0","","30","","14","","5","","","","","M","","","","","NA"
"2014-04-29 21:00","2014","04","29","21:00","6.2","","-9.0","","33","","9","","5","","","","","M","","","","","NA"
"2014-04-29 22:00","2014","04","29","22:00","4.9","","-8.2","","38","","12","","3","","","","","M","","","","","NA"
"2014-04-29 23:00","2014","04","29","23:00","4.5","","-7.7","","41","","21","","2","","","","","M","","","","","NA"
"2014-04-30 00:00","2014","04","30","00:00","1.0","","-7.1","","55","","4","","7","","","","","M","","","","","NA"
"2014-04-30 01:00","2014","04","30","01:00","-0.1","","-6.8","","60","","4","","7","","","","","M","","","-3","","NA"
"2014-04-30 02:00","2014","04","30","02:00","0.6","","-6.7","","58","","4","","9","","","","","M","","","","","NA"
"2014-04-30 03:00","2014","04","30","03:00","0.1","","-7.3","","58","","5","","5","","","","","M","","","","","NA"
"2014-04-30 04:00","2014","04","30","04:00","-0.6","","-6.9","","62","","30","","8","","","","","M","","","-3","","NA"
"2014-04-30 05:00","2014","04","30","05:00","-1.7","","-6.8","","68","","1","","8","","","","","M","","","-5","","NA"
"2014-04-30 06:00","2014","04","30","06:00","1.8","","-3.9","","66","","35","","8","","","","","M","","","","","NA"
"2014-04-30 07:00","2014","04","30","07:00","7.3","","-1.9","","52","","1","","9","","","","","M","","","","","NA"
"2014-04-30 08:00","2014","04","30","08:00","","M","-5.5","","29","","8","","7","","","","","M","","","","","NA"
"2014-04-30 09:00","2014","04","30","09:00","13.7","","-5.8","","25","","14","","12","","","","","M","","","","","NA"
"2014-04-30 10:00","2014","04","30","10:00","15.9","","-7.8","","19","","13","","14","","","","","M","","","","","NA"
"2014-04-30 11:00","2014","04","30","11:00","17.5","","-9.4","","15","","17","","14","","","","","M","","","","","NA"
"2014-04-30 12:00","2014","04","30","12:00","18.6","","-8.5","","15","","18","","15","","","","","M","","","","","NA"
"2014-04-30 13:00","2014","04","30","13:00","19.3","","-8.8","","14","","15","","19","","","","","M","","","","","NA"
"2014-04-30 14:00","2014","04","30","14:00","19.2","","-8.4","","15","","15","","16","","","","","M","","","","","NA"
"2014-04-30 15:00","2014","04","30","15:00","20.2","","-7.5","","15","","17","","15","","","","","M","","","","","NA"
"2014-04-30 16:00","2014","04","30","16:00","20.8","","-6.3","","16","","15","","11","","","","","M","","","","","NA"
"2014-04-30 17:00","2014","04","30","17:00","20.6","","-7.0","","15","","15","","13","","","","","M","","","","","NA"
"2014-04-30 18:00","2014","04","30","18:00","19.7","","-5.8","","17","","12","","18","","","","","M","","","","","NA"
"2014-04-30 19:00","2014","04","30","19:00","16.0","","-2.5","","28","","12","","15","","","","","M","","","","","NA"
"2014-04-30 20:00","2014","04","30","20:00","11.5","","-1.6","","40","","11","","7","","","","","M","","","","","NA"
"2014-04-30 21:00","2014","04","30","21:00","9.1","","-3.6","","41","","12","","8","","","","","M","","","","","NA"
"2014-04-30 22:00","2014","04","30","22:00","7.9","","-4.1","","42","","11","","6","","","","","M","","","","","NA"
"2014-04-30 23:00","2014","04","30","23:00","5.3","","-1.6","","61","","","M","0","","","","","M","","","","","NA"
