"Station Name","TRAVERS AGCM"
"Province","ALBERTA"
"Current Station Operator","Government of Alberta"
"Latitude","50.30"
"Longitude","-112.86"
"Elevation","955.00"
"Climate Identifier","3036500"
"WMO Identifier","71848"
"TC Identifier","PTR"
"All times are specified in Local Standard Time (LST). Add 1 hour to adjust for Daylight Saving Time where and when it is observed."

"Legend"
"E","Estimated"
"M","Missing"
"NA","Not Available"

"Date/Time","Year","Month","Day","Time","Temp (°C)","Temp Flag","Dew Point Temp (°C)","Dew Point Temp Flag","Rel Hum (%)","Rel Hum Flag","Wind Dir (10s deg)","Wind Dir Flag","Wind Spd (km/h)","Wind Spd Flag","Visibility (km)","Visibility Flag","Stn Press (kPa)","Stn Press Flag","Hmdx","Hmdx Flag","Wind Chill","Wind Chill Flag","Weather"
"2018-11-01 00:00","2018","11","01","00:00","1.4","","-3.9","","67","","25","","35","","","","","M","","","","","NA"
"2018-11-01 01:00","2018","11","01","01:00","2.6","","-4.0","","62","","31","","31","","","","","M","","","","","NA"
"2018-11-01 02:00","2018","11","01","02:00","2.8","","-2.7","","67","","33","","35","","","","","M","","","","","NA"
"2018-11-01 03:00","2018","11","01","03:00","2.1","","-2.1","","74","","32","","34","","","","","M","","","","","NA"
"2018-11-01 04:00","2018","11","01","04:00","2.1","","-2.0","","74","","31","","35","","","","","M","","","","","NA"
"2018-11-01 05:00","2018","11","01","05:00","2.6","","-2.1","","71","","30","","31","","","","","M","","","","","NA"
"2018-11-01 06:00","2018","11","01","06:00","3.2","","-2.3","","67","","31","","30","","","","","M","","","","","NA"
"2018-11-01 07:00","2018","11","01","07:00","1.8","","-2.6","","73","","32","","20","","","","","M","","","","","NA"
"2018-11-01 08:00","2018","11","01","08:00","2.4","","-2.0","","73","","32","","27","","","","","M","","","","","NA"
"2018-11-01 09:00","2018","11","01","09:00","2.8","","-1.6","","73","","32","","23","","","","","M","","","","","NA"
"2018-11-01 10:00","2018","11","01","10:00","3.6","","-1.5","","69","","33","","25","","","","","M","","","","","NA"
"2018-11-01 11:00","2018","11","01","11:00","4.0","","-1.6","","67","","34","","23","","","","","M","","","","","NA"
"2018-11-01 12:00","2018","11","01","12:00","4.6","","-1.6","","64","","33","","18","","","","","M","","","","","NA"
"2018-11-01 13:00","2018","11","01","13:00","4.6","","-2.0","","62","","34","","13","","","","","M","","","","","NA"
"2018-11-01 14:00","2018","11","01","14:00","4.6","","-2.2","","61","","4","","9","","","","","M","","","","","NA"
"2018-11-01 15:00","2018","11","01","15:00","4.9","","-2.5","","59","","5","","6","","","","","M","","","","","NA"
"2018-11-01 16:00","2018","11","01","16:00","4.4","","-2.5","","61","","12","","2","","","","","M","","","","","NA"
"2018-11-01 17:00","2018","11","01","17:00","3.1","","-2.2","","68","","12","","8","","","","","M","","","","","NA"
"2018-11-01 18:00","2018","11","01","18:00","2.9","","-1.8","","71","","13","","11","","","","","M","","","","","NA"
"2018-11-01 19:00","2018","11","01","19:00","1.8","","-1.5","","79","","14","","17","","","","","M","","","","","NA"
"2018-11-01 20:00","2018","11","01","20:00","1.0","","-2.0","","80","","14","","19","","","","","M","","","","","NA"
"2018-11-01 21:00","2018","11","01","21:00","1.3","","-2.0","","79","","14","","22","","","","","M","","","","","NA"
"2018-11-01 22:00","2018","11","01","22:00","1.0","","-2.1","","80","","14","","21","","","","","M","","","","","NA"
"2018-11-01 23:00","2018","11","01","23:00","1.3","","-1.9","","79","","13","","21","","","","","M","","","","","NA"
"2018-11-02 00:00","2018","11","02","00:00","1.3","","-1.3","","83","","13","","20","","","","","M","","","","","NA"
"2018-11-02 01:00","2018","11","02","01:00","1.3","","-0.2","","90","","12","","21","","","","","M","","","","","NA"
"2018-11-02 02:00","2018","11","02","02:00","1.4","","0.9","","97","","12","","21","","","","","M","","","","","NA"
"2018-11-02 03:00","2018","11","02","03:00","1.2","","1.0","","99","","11","","18","","","","","M","","","","","NA"
"2018-11-02 04:00","2018","11","02","04:00","1.2","","1.2","","100","","12","","22","","","","","M","","","","","NA"
"2018-11-02 05:00","2018","11","02","05:00","1.3","","1.3","","100","","12","","16","","","","","M","","","","","NA"
"2018-11-02 06:00","2018","11","02","06:00","1.4","","1.4","","100","","12","","12","","","","","M","","","","","NA"
"2018-11-02 07:00","2018","11","02","07:00","1.5","","1.5","","100","","9","","13","","","","","M","","","","","NA"
"2018-11-02 08:00","2018","11","02","08:00","1.5","","1.5","","100","","7","","9","","","","","M","","","","","NA"
"2018-11-02 09:00","2018","11","02","09:00","1.9","","1.9","","100","","3","","10","","","","","M","","","","","NA"
"2018-11-02 10:00","2018","11","02","10:00","2.0","","2.0","","100","","36","","12","","","","","M","","","","","NA"
"2018-11-02 11:00","2018","11","02","11:00","2.3","","2.3","","100","","34","","22","","","","","M","","","","","NA"
"2018-11-02 12:00","2018","11","02","12:00","1.6","","1.6","","100","","35","","33","","","","","M","","","","","NA"
"2018-11-02 13:00","2018","11","02","13:00","1.7","","1.1","","96","","34","","39","","","","","M","","","","","NA"
"2018-11-02 14:00","2018","11","02","14:00","1.3","","0.6","","95","","35","","44","","","","","M","","","","","NA"
"2018-11-02 15:00","2018","11","02","15:00","1.7","","-0.2","","87","","34","","42","","","","","M","","","","","NA"
"2018-11-02 16:00","2018","11","02","16:00","1.6","","-0.8","","84","","33","","36","","","","","M","","","","","NA"
"2018-11-02 17:00","2018","11","02","17:00","0.6","","-1.0","","89","","34","","35","","","","","M","","","","","NA"
"2018-11-02 18:00","2018","11","02","18:00","0.7","","-1.1","","88","","35","","28","","","","","M","","","","","NA"
"2018-11-02 19:00","2018","11","02","19:00","0.4","","-1.6","","87","","35","","25","","","","","M","","","","","NA"
"2018-11-02 20:00","2018","11","02","20:00","0.0","","-1.7","","88","","35","","21","","","","","M","","","-5","","NA"
"2018-11-02 21:00","2018","11","02","21:00","0.0","","-1.7","","89","","36","","18","","","","","M","","","-5","","NA"
"2018-11-02 22:00","2018","11","02","22:00","0.0","","-1.8","","88","","34","","17","","","","","M","","","-5","","NA"
"2018-11-02 23:00","2018","11","02","23:00","0.0","","-1.8","","88","","33","","13","","","","","M","","","-4","","NA"
"2018-11-03 00:00","2018","11","03","00:00","-2.3","","-2.8","","96","","27","","18","","","","","M","","","-8","","NA"
"2018-11-03 01:00","2018","11","03","01:00","-1.4","","-2.2","","94","","23","","3","","","","","M","","","-2","","NA"
"2018-11-03 02:00","2018","11","03","02:00","-3.0","","-3.2","","99","","22","","11","","","","","M","","","-7","","NA"
"2018-11-03 03:00","2018","11","03","03:00","-1.6","","-1.8","","98","","21","","11","","","","","M","","","-5","","NA"
"2018-11-03 04:00","2018","11","03","04:00","-3.9","","-3.9","","100","","21","","13","","","","","M","","","-9","","NA"
"2018-11-03 05:00","2018","11","03","05:00","-3.7","","-3.7","","100","","23","","10","","","","","M","","","-8","","NA"
"2018-11-03 06:00","2018","11","03","06:00","-3.1","","-3.1","","100","","20","","12","","","","","M","","","-8","","NA"
"2018-11-03 07:00","2018","11","03","07:00","-2.3","","-2.3","","100","","20","","10","","","","","M","","","-6","","NA"
"2018-11-03 08:00","2018","11","03","08:00","-2.7","","-2.7","","100","","17","","11","","","","","M","","","-7","","NA"
"2018-11-03 09:00","2018","11","03","09:00","-0.7","","-0.7","","100","","15","","8","","","","","M","","","-4","","NA"
"2018-11-03 10:00","2018","11","03","10:00","0.9","","0.9","","100","","16","","9","","","","","M","","","","","NA"
"2018-11-03 11:00","2018","11","03","11:00","5.1","","4.5","","96","","17","","10","","","","","M","","","","","NA"
"2018-11-03 12:00","2018","11","03","12:00","8.3","","1.4","","62","","20","","11","","","","","M","","","","","NA"
"2018-11-03 13:00","2018","11","03","13:00","10.2","","0.6","","51","","21","","8","","","","","M","","","","","NA"
"2018-11-03 14:00","2018","11","03","14:00","12.0","","-1.0","","40","","24","","12","","","","","M","","","","","NA"
"2018-11-03 15:00","2018","11","03","15:00","12.2","","-0.5","","41","","20","","12","","","","","M","","","","","NA"
"2018-11-03 16:00","2018","11","03","16:00","12.3","","-1.9","","37","","22","","11","","","","","M","","","","","NA"
"2018-11-03 17:00","2018","11","03","17:00","5.8","","-2.9","","53","","23","","16","","","","","M","","","","","NA"
"2018-11-03 18:00","2018","11","03","18:00","4.5","","-1.4","","65","","24","","26","","","","","M","","","","","NA"
"2018-11-03 19:00","2018","11","03","19:00","3.7","","-1.9","","67","","23","","25","","","","","M","","","","","NA"
"2018-11-03 20:00","2018","11","03","20:00","2.8","","-1.4","","74","","23","","27","","","","","M","","","","","NA"
"2018-11-03 21:00","2018","11","03","21:00","3.9","","-0.9","","71","","23","","29","","","","","M","","","","","NA"
"2018-11-03 22:00","2018","11","03","22:00","4.1","","-0.9","","70","","23","","22","","","","","M","","","","","NA"
"2018-11-03 23:00","2018","11","03","23:00","5.4","","-1.1","","63","","24","","23","","","","","M","","","","","NA"
"2018-11-04 00:00","2018","11","04","00:00","6.5","","-1.2","","58","","24","","23","","","","","M","","","","","NA"
"2018-11-04 01:00","2018","11","04","01:00","6.8","","-0.8","","58","","23","","22","","","","","M","","","","","NA"
"2018-11-04 02:00","2018","11","04","02:00","8.4","","-0.6","","53","","23","","51","","","","","M","","","","","NA"
"2018-11-04 03:00","2018","11","04","03:00","7.5","","-0.4","","57","","23","","41","","","","","M","","","","","NA"
"2018-11-04 04:00","2018","11","04","04:00","8.0","","-0.7","","54","","22","","39","","","","","M","","","","","NA"
"2018-11-04 05:00","2018","11","04","05:00","7.9","","-1.0","","54","","22","","40","","","","","M","","","","","NA"
"2018-11-04 06:00","2018","11","04","06:00","7.7","","-1.3","","53","","23","","36","","","","","M","","","","","NA"
"2018-11-04 07:00","2018","11","04","07:00","7.9","","-1.7","","51","","23","","37","","","","","M","","","","","NA"
"2018-11-04 08:00","2018","11","04","08:00","8.9","","-2.4","","45","","25","","44","","","","","M","","","","","NA"
"2018-11-04 09:00","2018","11","04","09:00","8.3","","-2.0","","48","","24","","35","","","","","M","","","","","NA"
"2018-11-04 10:00","2018","11","04","10:00","9.6","","-2.2","","43","","24","","37","","","","","M","","","","","NA"
"2018-11-04 11:00","2018","11","04","11:00","10.8","","-2.3","","40","","24","","40","","","","","M","","","","","NA"
"2018-11-04 12:00","2018","11","04","12:00","11.0","","-2.7","","38","","27","","29","","","","","M","","","","","NA"
"2018-11-04 13:00","2018","11","04","13:00","12.7","","-2.9","","34","","28","","28","","","","","M","","","","","NA"
"2018-11-04 14:00","2018","11","04","14:00","13.3","","-5.6","","27","","30","","30","","","","","M","","","","","NA"
"2018-11-04 15:00","2018","11","04","15:00","13.6","","-5.0","","27","","32","","30","","","","","M","","","","","NA"
"2018-11-04 16:00","2018","11","04","16:00","9.7","","-0.9","","48","","35","","24","","","","","M","","","","","NA"
"2018-11-04 17:00","2018","11","04","17:00","6.0","","3.0","","81","","34","","30","","","","","M","","","","","NA"
"2018-11-04 18:00","2018","11","04","18:00","5.6","","2.5","","80","","36","","37","","","","","M","","","","","NA"
"2018-11-04 19:00","2018","11","04","19:00","5.6","","2.7","","81","","33","","31","","","","","M","","","","","NA"
"2018-11-04 20:00","2018","11","04","20:00","3.0","","2.2","","94","","36","","29","","","","","M","","","","","NA"
"2018-11-04 21:00","2018","11","04","21:00","0.9","","0.9","","100","","34","","19","","","","","M","","","","","NA"
"2018-11-04 22:00","2018","11","04","22:00","0.5","","-0.8","","91","","35","","23","","","","","M","","","","","NA"
"2018-11-04 23:00","2018","11","04","23:00","-0.7","","-2.4","","88","","36","","32","","","","","M","","","-8","","NA"
"2018-11-05 00:00","2018","11","05","00:00","-1.7","","-4.6","","81","","35","","35","","","","","M","","","-9","","NA"
"2018-11-05 01:00","2018","11","05","01:00","-2.5","","-5.0","","83","","36","","29","","","","","M","","","-10","","NA"
"2018-11-05 02:00","2018","11","05","02:00","-3.3","","-5.3","","86","","36","","30","","","","","M","","","-11","","NA"
"2018-11-05 03:00","2018","11","05","03:00","-3.5","","-5.8","","84","","36","","31","","","","","M","","","-11","","NA"
"2018-11-05 04:00","2018","11","05","04:00","-3.9","","-5.9","","86","","35","","30","","","","","M","","","-12","","NA"
"2018-11-05 05:00","2018","11","05","05:00","-4.6","","-7.4","","81","","34","","35","","","","","M","","","-13","","NA"
"2018-11-05 06:00","2018","11","05","06:00","-5.0","","-7.6","","82","","35","","31","","","","","M","","","-13","","NA"
"2018-11-05 07:00","2018","11","05","07:00","-5.3","","-8.0","","81","","34","","27","","","","","M","","","-13","","NA"
"2018-11-05 08:00","2018","11","05","08:00","-5.5","","-8.3","","81","","33","","32","","","","","M","","","-14","","NA"
"2018-11-05 09:00","2018","11","05","09:00","-5.4","","-8.1","","81","","34","","25","","","","","M","","","-13","","NA"
"2018-11-05 10:00","2018","11","05","10:00","-5.2","","-8.2","","79","","35","","20","","","","","M","","","-12","","NA"
"2018-11-05 11:00","2018","11","05","11:00","-4.9","","-7.6","","81","","36","","17","","","","","M","","","-11","","NA"
"2018-11-05 12:00","2018","11","05","12:00","-4.5","","-7.3","","80","","35","","19","","","","","M","","","-11","","NA"
"2018-11-05 13:00","2018","11","05","13:00","-3.4","","-7.1","","76","","35","","21","","","","","M","","","-10","","NA"
"2018-11-05 14:00","2018","11","05","14:00","-2.7","","-6.3","","76","","36","","22","","","","","M","","","-9","","NA"
"2018-11-05 15:00","2018","11","05","15:00","-3.0","","-7.5","","71","","1","","21","","","","","M","","","-9","","NA"
"2018-11-05 16:00","2018","11","05","16:00","-3.1","","-8.2","","68","","2","","21","","","","","M","","","-9","","NA"
"2018-11-05 17:00","2018","11","05","17:00","-4.3","","-10.2","","64","","3","","19","","","","","M","","","-10","","NA"
"2018-11-05 18:00","2018","11","05","18:00","-4.4","","-10.3","","63","","1","","15","","","","","M","","","-10","","NA"
"2018-11-05 19:00","2018","11","05","19:00","-4.8","","-10.7","","63","","3","","16","","","","","M","","","-11","","NA"
"2018-11-05 20:00","2018","11","05","20:00","-5.2","","-10.9","","65","","2","","14","","","","","M","","","-11","","NA"
"2018-11-05 21:00","2018","11","05","21:00","-5.6","","-10.2","","70","","1","","15","","","","","M","","","-11","","NA"
"2018-11-05 22:00","2018","11","05","22:00","-5.9","","-9.7","","74","","36","","14","","","","","M","","","-11","","NA"
"2018-11-05 23:00","2018","11","05","23:00","-6.1","","-9.3","","78","","36","","14","","","","","M","","","-12","","NA"
"2018-11-06 00:00","2018","11","06","00:00","-6.5","","-9.4","","80","","3","","13","","","","","M","","","-12","","NA"
"2018-11-06 01:00","2018","11","06","01:00","-7.1","","-9.8","","81","","4","","14","","","","","M","","","-13","","NA"
"2018-11-06 02:00","2018","11","06","02:00","-8.4","","-10.0","","88","","8","","11","","","","","M","","","-14","","NA"
"2018-11-06 03:00","2018","11","06","03:00","-9.6","","-11.0","","90","","7","","11","","","","","M","","","-15","","NA"
"2018-11-06 04:00","2018","11","06","04:00","-9.8","","-11.0","","91","","4","","6","","","","","M","","","-13","","NA"
"2018-11-06 05:00","2018","11","06","05:00","-9.7","","-11.0","","90","","0","","1","","","","","M","","","-10","","NA"
"2018-11-06 06:00","2018","11","06","06:00","-9.4","","-10.8","","90","","1","","3","","","","","M","","","-11","","NA"
"2018-11-06 07:00","2018","11","06","07:00","-9.3","","-10.6","","90","","4","","4","","","","","M","","","-12","","NA"
"2018-11-06 08:00","2018","11","06","08:00","-9.1","","-10.5","","90","","35","","5","","","","","M","","","-12","","NA"
"2018-11-06 09:00","2018","11","06","09:00","-9.1","","-10.5","","89","","8","","5","","","","","M","","","-12","","NA"
"2018-11-06 10:00","2018","11","06","10:00","-9.1","","-10.5","","89","","6","","7","","","","","M","","","-13","","NA"
"2018-11-06 11:00","2018","11","06","11:00","-8.2","","-10.0","","87","","9","","2","","","","","M","","","-9","","NA"
"2018-11-06 12:00","2018","11","06","12:00","-6.7","","-10.1","","77","","34","","3","","","","","M","","","-8","","NA"
"2018-11-06 13:00","2018","11","06","13:00","-6.8","","-10.5","","75","","5","","8","","","","","M","","","-11","","NA"
"2018-11-06 14:00","2018","11","06","14:00","-6.7","","-11.0","","72","","1","","7","","","","","M","","","-10","","NA"
"2018-11-06 15:00","2018","11","06","15:00","-6.7","","-10.9","","72","","1","","11","","","","","M","","","-12","","NA"
"2018-11-06 16:00","2018","11","06","16:00","-7.0","","-9.5","","83","","1","","12","","","","","M","","","-12","","NA"
"2018-11-06 17:00","2018","11","06","17:00","-7.3","","-9.3","","86","","36","","10","","","","","M","","","-12","","NA"
"2018-11-06 18:00","2018","11","06","18:00","-7.3","","-8.7","","90","","1","","15","","","","","M","","","-13","","NA"
"2018-11-06 19:00","2018","11","06","19:00","-8.0","","-9.6","","89","","36","","9","","","","","M","","","-13","","NA"
"2018-11-06 20:00","2018","11","06","20:00","-7.9","","-9.2","","90","","35","","9","","","","","M","","","-12","","NA"
"2018-11-06 21:00","2018","11","06","21:00","-7.9","","-9.0","","92","","35","","9","","","","","M","","","-12","","NA"
"2018-11-06 22:00","2018","11","06","22:00","-8.4","","-9.6","","91","","36","","12","","","","","M","","","-14","","NA"
"2018-11-06 23:00","2018","11","06","23:00","-8.6","","-9.3","","94","","34","","7","","","","","M","","","-12","","NA"
"2018-11-07 00:00","2018","11","07","00:00","-8.7","","-9.6","","93","","1","","11","","","","","M","","","-14","","NA"
"2018-11-07 01:00","2018","11","07","01:00","-9.1","","-10.0","","93","","2","","8","","","","","M","","","-13","","NA"
"2018-11-07 02:00","2018","11","07","02:00","-9.4","","-10.5","","91","","36","","6","","","","","M","","","-13","","NA"
"2018-11-07 03:00","2018","11","07","03:00","-9.2","","-10.0","","94","","33","","3","","","","","M","","","-11","","NA"
"2018-11-07 04:00","2018","11","07","04:00","-8.9","","-9.8","","93","","32","","4","","","","","M","","","-11","","NA"
"2018-11-07 05:00","2018","11","07","05:00","-9.4","","-10.3","","93","","36","","3","","","","","M","","","-11","","NA"
"2018-11-07 06:00","2018","11","07","06:00","-10.2","","-10.6","","96","","","","0","","","","","M","","","","","NA"
"2018-11-07 07:00","2018","11","07","07:00","-9.3","","-9.9","","95","","25","","4","","","","","M","","","-12","","NA"
"2018-11-07 08:00","2018","11","07","08:00","-9.1","","-10.1","","93","","26","","2","","","","","M","","","-10","","NA"
"2018-11-07 09:00","2018","11","07","09:00","-8.4","","-9.4","","92","","","","0","","","","","M","","","","","NA"
"2018-11-07 10:00","2018","11","07","10:00","-8.0","","-9.7","","88","","35","","5","","","","","M","","","-11","","NA"
"2018-11-07 11:00","2018","11","07","11:00","-7.3","","-10.1","","81","","30","","10","","","","","M","","","-12","","NA"
"2018-11-07 12:00","2018","11","07","12:00","-6.7","","-10.1","","77","","28","","11","","","","","M","","","-12","","NA"
"2018-11-07 13:00","2018","11","07","13:00","-5.9","","-9.5","","76","","28","","11","","","","","M","","","-11","","NA"
"2018-11-07 14:00","2018","11","07","14:00","-5.7","","-9.3","","76","","25","","14","","","","","M","","","-11","","NA"
"2018-11-07 15:00","2018","11","07","15:00","-5.6","","-9.2","","76","","25","","14","","","","","M","","","-11","","NA"
"2018-11-07 16:00","2018","11","07","16:00","-6.6","","-9.5","","79","","24","","17","","","","","M","","","-13","","NA"
"2018-11-07 17:00","2018","11","07","17:00","-9.4","","-11.2","","87","","25","","19","","","","","M","","","-17","","NA"
"2018-11-07 18:00","2018","11","07","18:00","-10.3","","-11.5","","91","","25","","21","","","","","M","","","-18","","NA"
"2018-11-07 19:00","2018","11","07","19:00","-10.5","","-12.0","","89","","27","","22","","","","","M","","","-19","","NA"
"2018-11-07 20:00","2018","11","07","20:00","-10.5","","-12.4","","86","","27","","21","","","","","M","","","-19","","NA"
"2018-11-07 21:00","2018","11","07","21:00","-10.8","","-12.6","","86","","27","","21","","","","","M","","","-19","","NA"
"2018-11-07 22:00","2018","11","07","22:00","-9.2","","-11.7","","82","","26","","27","","","","","M","","","-18","","NA"
"2018-11-07 23:00","2018","11","07","23:00","-8.3","","-11.7","","76","","26","","28","","","","","M","","","-17","","NA"
"2018-11-08 00:00","2018","11","08","00:00","-8.4","","-12.5","","72","","26","","27","","","","","M","","","-17","","NA"
"2018-11-08 01:00","2018","11","08","01:00","-9.9","","-13.4","","76","","27","","25","","","","","M","","","-19","","NA"
"2018-11-08 02:00","2018","11","08","02:00","-9.8","","-13.5","","75","","28","","21","","","","","M","","","-18","","NA"
"2018-11-08 03:00","2018","11","08","03:00","-9.4","","-13.1","","74","","29","","24","","","","","M","","","-18","","NA"
"2018-11-08 04:00","2018","11","08","04:00","-9.3","","-13.2","","73","","31","","21","","","","","M","","","-17","","NA"
"2018-11-08 05:00","2018","11","08","05:00","-9.2","","-13.6","","70","","31","","20","","","","","M","","","-17","","NA"
"2018-11-08 06:00","2018","11","08","06:00","-10.5","","-13.7","","77","","31","","20","","","","","M","","","-18","","NA"
"2018-11-08 07:00","2018","11","08","07:00","-10.4","","-14.0","","75","","33","","18","","","","","M","","","-18","","NA"
"2018-11-08 08:00","2018","11","08","08:00","-10.4","","-14.0","","75","","32","","16","","","","","M","","","-17","","NA"
"2018-11-08 09:00","2018","11","08","09:00","-7.4","","-12.1","","69","","31","","14","","","","","M","","","-13","","NA"
"2018-11-08 10:00","2018","11","08","10:00","-5.4","","-11.5","","62","","33","","11","","","","","M","","","-10","","NA"
"2018-11-08 11:00","2018","11","08","11:00","-4.8","","-11.0","","62","","36","","9","","","","","M","","","-9","","NA"
"2018-11-08 12:00","2018","11","08","12:00","-4.1","","-10.3","","62","","2","","9","","","","","M","","","-8","","NA"
"2018-11-08 13:00","2018","11","08","13:00","-3.7","","-9.6","","64","","11","","4","","","","","M","","","-5","","NA"
"2018-11-08 14:00","2018","11","08","14:00","-3.1","","-9.9","","59","","5","","7","","","","","M","","","-6","","NA"
"2018-11-08 15:00","2018","11","08","15:00","-5.6","","-8.9","","77","","12","","18","","","","","M","","","-12","","NA"
"2018-11-08 16:00","2018","11","08","16:00","-7.6","","-9.6","","85","","12","","18","","","","","M","","","-14","","NA"
"2018-11-08 17:00","2018","11","08","17:00","-9.7","","-10.8","","91","","12","","14","","","","","M","","","-16","","NA"
"2018-11-08 18:00","2018","11","08","18:00","-10.8","","-11.8","","92","","14","","14","","","","","M","","","-17","","NA"
"2018-11-08 19:00","2018","11","08","19:00","-13.0","","-14.1","","92","","16","","13","","","","","M","","","-20","","NA"
"2018-11-08 20:00","2018","11","08","20:00","-13.0","","-13.5","","96","","16","","14","","","","","M","","","-20","","NA"
"2018-11-08 21:00","2018","11","08","21:00","-13.6","","-14.8","","91","","17","","13","","","","","M","","","-21","","NA"
"2018-11-08 22:00","2018","11","08","22:00","-12.6","","-13.6","","92","","16","","14","","","","","M","","","-20","","NA"
"2018-11-08 23:00","2018","11","08","23:00","-13.1","","-14.2","","91","","17","","10","","","","","M","","","-19","","NA"
"2018-11-09 00:00","2018","11","09","00:00","-11.4","","-12.2","","94","","16","","12","","","","","M","","","-18","","NA"
"2018-11-09 01:00","2018","11","09","01:00","-10.7","","-11.6","","93","","14","","7","","","","","M","","","-15","","NA"
"2018-11-09 02:00","2018","11","09","02:00","-12.2","","-13.2","","92","","17","","10","","","","","M","","","-18","","NA"
"2018-11-09 03:00","2018","11","09","03:00","-13.5","","-14.7","","91","","15","","7","","","","","M","","","-18","","NA"
"2018-11-09 04:00","2018","11","09","04:00","-13.4","","-14.5","","91","","17","","3","","","","","M","","","-15","","NA"
"2018-11-09 05:00","2018","11","09","05:00","-13.7","","-14.8","","92","","20","","7","","","","","M","","","-18","","NA"
"2018-11-09 06:00","2018","11","09","06:00","-11.3","","-12.0","","94","","22","","9","","","","","M","","","-16","","NA"
"2018-11-09 07:00","2018","11","09","07:00","-7.6","","-8.5","","93","","22","","7","","","","","M","","","-11","","NA"
"2018-11-09 08:00","2018","11","09","08:00","-4.1","","-6.8","","82","","22","","20","","","","","M","","","-10","","NA"
"2018-11-09 09:00","2018","11","09","09:00","-2.5","","-5.4","","81","","22","","23","","","","","M","","","-9","","NA"
"2018-11-09 10:00","2018","11","09","10:00","0.3","","-2.6","","81","","22","","29","","","","","M","","","","","NA"
"2018-11-09 11:00","2018","11","09","11:00","1.3","","-2.0","","79","","23","","26","","","","","M","","","","","NA"
"2018-11-09 12:00","2018","11","09","12:00","3.1","","-2.9","","65","","24","","37","","","","","M","","","","","NA"
"2018-11-09 13:00","2018","11","09","13:00","4.4","","-2.3","","62","","25","","36","","","","","M","","","","","NA"
"2018-11-09 14:00","2018","11","09","14:00","3.9","","-1.9","","66","","25","","35","","","","","M","","","","","NA"
"2018-11-09 15:00","2018","11","09","15:00","5.8","","-1.1","","61","","25","","30","","","","","M","","","","","NA"
"2018-11-09 16:00","2018","11","09","16:00","6.5","","-2.1","","54","","33","","24","","","","","M","","","","","NA"
"2018-11-09 17:00","2018","11","09","17:00","3.5","","-0.8","","74","","35","","22","","","","","M","","","","","NA"
"2018-11-09 18:00","2018","11","09","18:00","2.6","","-0.3","","81","","35","","17","","","","","M","","","","","NA"
"2018-11-09 19:00","2018","11","09","19:00","2.1","","0.1","","87","","33","","16","","","","","M","","","","","NA"
"2018-11-09 20:00","2018","11","09","20:00","2.7","","0.1","","83","","33","","23","","","","","M","","","","","NA"
"2018-11-09 21:00","2018","11","09","21:00","0.5","","0.2","","98","","32","","25","","","","","M","","","","","NA"
"2018-11-09 22:00","2018","11","09","22:00","0.8","","0.6","","99","","32","","23","","","","","M","","","","","NA"
"2018-11-09 23:00","2018","11","09","23:00","0.9","","0.2","","96","","31","","25","","","","","M","","","","","NA"
"2018-11-10 00:00","2018","11","10","00:00","0.7","","-1.0","","88","","33","","33","","","","","M","","","","","NA"
"2018-11-10 01:00","2018","11","10","01:00","0.8","","-1.6","","84","","33","","31","","","","","M","","","","","NA"
"2018-11-10 02:00","2018","11","10","02:00","0.6","","-1.7","","85","","33","","34","","","","","M","","","","","NA"
"2018-11-10 03:00","2018","11","10","03:00","0.7","","-1.6","","85","","34","","33","","","","","M","","","","","NA"
"2018-11-10 04:00","2018","11","10","04:00","0.4","","-1.6","","86","","34","","31","","","","","M","","","","","NA"
"2018-11-10 05:00","2018","11","10","05:00","0.5","","-2.1","","82","","33","","36","","","","","M","","","","","NA"
"2018-11-10 06:00","2018","11","10","06:00","0.0","","-2.0","","86","","32","","31","","","","","M","","","-7","","NA"
"2018-11-10 07:00","2018","11","10","07:00","0.4","","-2.0","","84","","33","","34","","","","","M","","","","","NA"
"2018-11-10 08:00","2018","11","10","08:00","-0.5","","-2.0","","90","","35","","28","","","","","M","","","-7","","NA"
"2018-11-10 09:00","2018","11","10","09:00","-1.1","","-3.6","","83","","34","","34","","","","","M","","","-8","","NA"
"2018-11-10 10:00","2018","11","10","10:00","-0.5","","-3.2","","82","","34","","32","","","","","M","","","-7","","NA"
"2018-11-10 11:00","2018","11","10","11:00","0.0","","-4.0","","74","","33","","28","","","","","M","","","-6","","NA"
"2018-11-10 12:00","2018","11","10","12:00","1.0","","-4.3","","67","","34","","27","","","","","M","","","","","NA"
"2018-11-10 13:00","2018","11","10","13:00","1.4","","-3.2","","71","","32","","21","","","","","M","","","","","NA"
"2018-11-10 14:00","2018","11","10","14:00","2.2","","-2.7","","70","","31","","23","","","","","M","","","","","NA"
"2018-11-10 15:00","2018","11","10","15:00","2.0","","-2.2","","74","","30","","18","","","","","M","","","","","NA"
"2018-11-10 16:00","2018","11","10","16:00","0.9","","-2.4","","79","","31","","18","","","","","M","","","","","NA"
"2018-11-10 17:00","2018","11","10","17:00","-0.9","","-3.1","","85","","34","","12","","","","","M","","","-5","","NA"
"2018-11-10 18:00","2018","11","10","18:00","-1.7","","-3.7","","86","","32","","15","","","","","M","","","-7","","NA"
"2018-11-10 19:00","2018","11","10","19:00","-2.5","","-4.4","","87","","30","","15","","","","","M","","","-7","","NA"
"2018-11-10 20:00","2018","11","10","20:00","-2.1","","-3.8","","88","","27","","17","","","","","M","","","-7","","NA"
"2018-11-10 21:00","2018","11","10","21:00","-1.3","","-3.9","","83","","27","","18","","","","","M","","","-7","","NA"
"2018-11-10 22:00","2018","11","10","22:00","-0.9","","-3.5","","83","","27","","18","","","","","M","","","-6","","NA"
"2018-11-10 23:00","2018","11","10","23:00","-0.5","","-3.1","","83","","26","","20","","","","","M","","","-6","","NA"
"2018-11-11 00:00","2018","11","11","00:00","-0.5","","-3.6","","79","","29","","14","","","","","M","","","-5","","NA"
"2018-11-11 01:00","2018","11","11","01:00","-0.5","","-2.7","","85","","31","","11","","","","","M","","","-4","","NA"
"2018-11-11 02:00","2018","11","11","02:00","-1.1","","-1.4","","98","","33","","21","","","","","M","","","-7","","NA"
"2018-11-11 03:00","2018","11","11","03:00","-1.1","","-1.4","","98","","31","","26","","","","","M","","","-7","","NA"
"2018-11-11 04:00","2018","11","11","04:00","-1.3","","-1.8","","96","","31","","21","","","","","M","","","-7","","NA"
"2018-11-11 05:00","2018","11","11","05:00","-1.6","","-2.1","","96","","35","","24","","","","","M","","","-8","","NA"
"2018-11-11 06:00","2018","11","11","06:00","-3.0","","-3.6","","96","","34","","17","","","","","M","","","-9","","NA"
"2018-11-11 07:00","2018","11","11","07:00","-3.2","","-3.6","","97","","34","","16","","","","","M","","","-9","","NA"
"2018-11-11 08:00","2018","11","11","08:00","-3.8","","-4.6","","94","","33","","16","","","","","M","","","-9","","NA"
"2018-11-11 09:00","2018","11","11","09:00","-3.5","","-4.1","","96","","34","","14","","","","","M","","","-9","","NA"
"2018-11-11 10:00","2018","11","11","10:00","-3.3","","-3.9","","96","","35","","17","","","","","M","","","-9","","NA"
"2018-11-11 11:00","2018","11","11","11:00","-3.5","","-4.5","","93","","35","","20","","","","","M","","","-10","","NA"
"2018-11-11 12:00","2018","11","11","12:00","-3.5","","-5.6","","85","","35","","18","","","","","M","","","-9","","NA"
"2018-11-11 13:00","2018","11","11","13:00","-3.1","","-6.7","","76","","35","","18","","","","","M","","","-9","","NA"
"2018-11-11 14:00","2018","11","11","14:00","-2.8","","-6.0","","79","","33","","15","","","","","M","","","-8","","NA"
"2018-11-11 15:00","2018","11","11","15:00","-2.4","","-5.4","","80","","33","","14","","","","","M","","","-7","","NA"
"2018-11-11 16:00","2018","11","11","16:00","-2.5","","-6.8","","73","","33","","11","","","","","M","","","-7","","NA"
"2018-11-11 17:00","2018","11","11","17:00","-6.9","","-8.9","","85","","31","","16","","","","","M","","","-13","","NA"
"2018-11-11 18:00","2018","11","11","18:00","-9.4","","-11.0","","88","","27","","10","","","","","M","","","-15","","NA"
"2018-11-11 19:00","2018","11","11","19:00","-9.1","","-10.4","","90","","30","","13","","","","","M","","","-15","","NA"
"2018-11-11 20:00","2018","11","11","20:00","-6.4","","-7.6","","91","","28","","12","","","","","M","","","-12","","NA"
"2018-11-11 21:00","2018","11","11","21:00","-6.6","","-8.3","","88","","25","","13","","","","","M","","","-12","","NA"
"2018-11-11 22:00","2018","11","11","22:00","-8.0","","-9.8","","87","","23","","18","","","","","M","","","-15","","NA"
"2018-11-11 23:00","2018","11","11","23:00","-8.9","","-9.4","","96","","22","","15","","","","","M","","","-15","","NA"
"2018-11-12 00:00","2018","11","12","00:00","-9.2","","-9.8","","95","","22","","15","","","","","M","","","-16","","NA"
"2018-11-12 01:00","2018","11","12","01:00","-8.1","","-9.2","","92","","22","","22","","","","","M","","","-16","","NA"
"2018-11-12 02:00","2018","11","12","02:00","-7.5","","-9.3","","87","","22","","24","","","","","M","","","-15","","NA"
"2018-11-12 03:00","2018","11","12","03:00","-8.9","","-10.9","","85","","23","","26","","","","","M","","","-18","","NA"
"2018-11-12 04:00","2018","11","12","04:00","-6.9","","-9.1","","84","","25","","24","","","","","M","","","-15","","NA"
"2018-11-12 05:00","2018","11","12","05:00","-5.6","","-8.2","","82","","25","","11","","","","","M","","","-10","","NA"
"2018-11-12 06:00","2018","11","12","06:00","-4.8","","-8.5","","76","","20","","5","","","","","M","","","-7","","NA"
"2018-11-12 07:00","2018","11","12","07:00","-5.8","","-10.1","","72","","5","","4","","","","","M","","","-8","","NA"
"2018-11-12 08:00","2018","11","12","08:00","-5.3","","-9.6","","72","","27","","15","","","","","M","","","-11","","NA"
"2018-11-12 09:00","2018","11","12","09:00","-5.4","","-8.7","","77","","13","","5","","","","","M","","","-8","","NA"
"2018-11-12 10:00","2018","11","12","10:00","0.7","","-5.4","","64","","27","","23","","","","","M","","","","","NA"
"2018-11-12 11:00","2018","11","12","11:00","2.9","","-4.6","","58","","27","","11","","","","","M","","","","","NA"
"2018-11-12 12:00","2018","11","12","12:00","1.9","","-4.8","","61","","27","","23","","","","","M","","","","","NA"
"2018-11-12 13:00","2018","11","12","13:00","2.7","","-3.4","","64","","26","","13","","","","","M","","","","","NA"
"2018-11-12 14:00","2018","11","12","14:00","4.7","","-3.3","","56","","27","","10","","","","","M","","","","","NA"
"2018-11-12 15:00","2018","11","12","15:00","4.1","","-2.9","","60","","26","","11","","","","","M","","","","","NA"
"2018-11-12 16:00","2018","11","12","16:00","4.7","","-1.9","","62","","25","","2","","","","","M","","","","","NA"
"2018-11-12 17:00","2018","11","12","17:00","1.5","","-2.5","","75","","28","","16","","","","","M","","","","","NA"
"2018-11-12 18:00","2018","11","12","18:00","1.4","","-3.3","","71","","28","","20","","","","","M","","","","","NA"
"2018-11-12 19:00","2018","11","12","19:00","1.5","","-3.0","","72","","26","","19","","","","","M","","","","","NA"
"2018-11-12 20:00","2018","11","12","20:00","1.1","","-4.2","","68","","26","","18","","","","","M","","","","","NA"
"2018-11-12 21:00","2018","11","12","21:00","0.9","","-4.4","","67","","25","","14","","","","","M","","","","","NA"
"2018-11-12 22:00","2018","11","12","22:00","0.8","","-4.7","","67","","25","","13","","","","","M","","","","","NA"
"2018-11-12 23:00","2018","11","12","23:00","0.3","","-3.9","","73","","24","","20","","","","","M","","","","","NA"
"2018-11-13 00:00","2018","11","13","00:00","-0.4","","-4.1","","76","","24","","23","","","","","M","","","-6","","NA"
"2018-11-13 01:00","2018","11","13","01:00","0.0","","-4.1","","74","","25","","26","","","","","M","","","-6","","NA"
"2018-11-13 02:00","2018","11","13","02:00","-1.6","","-4.6","","80","","23","","19","","","","","M","","","-7","","NA"
"2018-11-13 03:00","2018","11","13","03:00","1.1","","-4.2","","68","","25","","27","","","","","M","","","","","NA"
"2018-11-13 04:00","2018","11","13","04:00","0.1","","-3.6","","76","","23","","21","","","","","M","","","","","NA"
"2018-11-13 05:00","2018","11","13","05:00","0.0","","-3.5","","77","","24","","22","","","","","M","","","-6","","NA"
"2018-11-13 06:00","2018","11","13","06:00","0.3","","-3.5","","75","","24","","28","","","","","M","","","","","NA"
"2018-11-13 07:00","2018","11","13","07:00","0.5","","-3.3","","76","","24","","32","","","","","M","","","","","NA"
"2018-11-13 08:00","2018","11","13","08:00","1.3","","-3.1","","72","","24","","31","","","","","M","","","","","NA"
"2018-11-13 09:00","2018","11","13","09:00","3.8","","-2.4","","64","","23","","29","","","","","M","","","","","NA"
"2018-11-13 10:00","2018","11","13","10:00","6.1","","-1.4","","59","","24","","36","","","","","M","","","","","NA"
"2018-11-13 11:00","2018","11","13","11:00","6.2","","-0.8","","61","","24","","42","","","","","M","","","","","NA"
"2018-11-13 12:00","2018","11","13","12:00","5.9","","-0.8","","62","","24","","44","","","","","M","","","","","NA"
"2018-11-13 13:00","2018","11","13","13:00","7.2","","-1.5","","54","","25","","41","","","","","M","","","","","NA"
"2018-11-13 14:00","2018","11","13","14:00","9.1","","-2.2","","45","","25","","44","","","","","M","","","","","NA"
"2018-11-13 15:00","2018","11","13","15:00","9.5","","-1.0","","48","","25","","35","","","","","M","","","","","NA"
"2018-11-13 16:00","2018","11","13","16:00","6.6","","-2.0","","54","","24","","35","","","","","M","","","","","NA"
"2018-11-13 17:00","2018","11","13","17:00","5.4","","-3.2","","54","","24","","35","","","","","M","","","","","NA"
"2018-11-13 18:00","2018","11","13","18:00","4.6","","-3.3","","57","","24","","36","","","","","M","","","","","NA"
"2018-11-13 19:00","2018","11","13","19:00","5.1","","-3.6","","53","","25","","38","","","","","M","","","","","NA"
"2018-11-13 20:00","2018","11","13","20:00","5.6","","-4.6","","48","","25","","43","","","","","M","","","","","NA"
"2018-11-13 21:00","2018","11","13","21:00","5.8","","-4.4","","48","","26","","42","","","","","M","","","","","NA"
"2018-11-13 22:00","2018","11","13","22:00","5.8","","-5.2","","45","","25","","40","","","","","M","","","","","NA"
"2018-11-13 23:00","2018","11","13","23:00","6.0","","-5.7","","43","","26","","42","","","","","M","","","","","NA"
"2018-11-14 00:00","2018","11","14","00:00","6.5","","-6.6","","39","","25","","48","","","","","M","","","","","NA"
"2018-11-14 01:00","2018","11","14","01:00","6.1","","-6.9","","39","","24","","46","","","","","M","","","","","NA"
"2018-11-14 02:00","2018","11","14","02:00","6.5","","-7.0","","37","","26","","41","","","","","M","","","","","NA"
"2018-11-14 03:00","2018","11","14","03:00","6.6","","-7.8","","35","","25","","50","","","","","M","","","","","NA"
"2018-11-14 04:00","2018","11","14","04:00","5.6","","-7.4","","39","","25","","57","","","","","M","","","","","NA"
"2018-11-14 05:00","2018","11","14","05:00","4.7","","-7.4","","41","","24","","50","","","","","M","","","","","NA"
"2018-11-14 06:00","2018","11","14","06:00","5.7","","-7.5","","38","","24","","51","","","","","M","","","","","NA"
"2018-11-14 07:00","2018","11","14","07:00","4.9","","-4.7","","50","","24","","43","","","","","M","","","","","NA"
"2018-11-14 08:00","2018","11","14","08:00","4.8","","-4.7","","50","","24","","45","","","","","M","","","","","NA"
"2018-11-14 09:00","2018","11","14","09:00","5.4","","-5.0","","47","","25","","50","","","","","M","","","","","NA"
"2018-11-14 10:00","2018","11","14","10:00","7.2","","-5.0","","42","","25","","43","","","","","M","","","","","NA"
"2018-11-14 11:00","2018","11","14","11:00","7.2","","-3.7","","46","","26","","41","","","","","M","","","","","NA"
"2018-11-14 12:00","2018","11","14","12:00","7.6","","-3.2","","46","","25","","32","","","","","M","","","","","NA"
"2018-11-14 13:00","2018","11","14","13:00","8.2","","-2.5","","47","","24","","35","","","","","M","","","","","NA"
"2018-11-14 14:00","2018","11","14","14:00","8.7","","-1.6","","48","","23","","32","","","","","M","","","","","NA"
"2018-11-14 15:00","2018","11","14","15:00","8.0","","-1.9","","50","","24","","35","","","","","M","","","","","NA"
"2018-11-14 16:00","2018","11","14","16:00","9.4","","-1.6","","46","","24","","33","","","","","M","","","","","NA"
"2018-11-14 17:00","2018","11","14","17:00","6.8","","-2.9","","50","","24","","41","","","","","M","","","","","NA"
"2018-11-14 18:00","2018","11","14","18:00","5.8","","-2.6","","55","","25","","31","","","","","M","","","","","NA"
"2018-11-14 19:00","2018","11","14","19:00","5.3","","-2.7","","56","","27","","36","","","","","M","","","","","NA"
"2018-11-14 20:00","2018","11","14","20:00","2.9","","-3.1","","64","","27","","24","","","","","M","","","","","NA"
"2018-11-14 21:00","2018","11","14","21:00","3.7","","-1.6","","68","","29","","25","","","","","M","","","","","NA"
"2018-11-14 22:00","2018","11","14","22:00","2.6","","-0.7","","79","","31","","21","","","","","M","","","","","NA"
"2018-11-14 23:00","2018","11","14","23:00","0.7","","-1.0","","88","","29","","15","","","","","M","","","","","NA"
"2018-11-15 00:00","2018","11","15","00:00","1.3","","-0.4","","89","","25","","18","","","","","M","","","","","NA"
"2018-11-15 01:00","2018","11","15","01:00","0.6","","-1.4","","86","","26","","21","","","","","M","","","","","NA"
"2018-11-15 02:00","2018","11","15","02:00","-0.2","","-1.8","","89","","24","","22","","","","","M","","","-6","","NA"
"2018-11-15 03:00","2018","11","15","03:00","-0.6","","-2.2","","88","","23","","16","","","","","M","","","-5","","NA"
"2018-11-15 04:00","2018","11","15","04:00","1.6","","-2.8","","72","","25","","29","","","","","M","","","","","NA"
"2018-11-15 05:00","2018","11","15","05:00","1.8","","-3.2","","70","","26","","29","","","","","M","","","","","NA"
"2018-11-15 06:00","2018","11","15","06:00","0.5","","-3.5","","75","","28","","27","","","","","M","","","","","NA"
"2018-11-15 07:00","2018","11","15","07:00","1.8","","-3.8","","66","","26","","32","","","","","M","","","","","NA"
"2018-11-15 08:00","2018","11","15","08:00","0.5","","-4.5","","69","","27","","21","","","","","M","","","","","NA"
"2018-11-15 09:00","2018","11","15","09:00","2.7","","-3.7","","63","","19","","10","","","","","M","","","","","NA"
"2018-11-15 10:00","2018","11","15","10:00","4.8","","-3.8","","54","","28","","18","","","","","M","","","","","NA"
"2018-11-15 11:00","2018","11","15","11:00","7.2","","-4.6","","43","","27","","22","","","","","M","","","","","NA"
"2018-11-15 12:00","2018","11","15","12:00","7.0","","-2.8","","50","","24","","20","","","","","M","","","","","NA"
"2018-11-15 13:00","2018","11","15","13:00","9.9","","-4.5","","36","","25","","21","","","","","M","","","","","NA"
"2018-11-15 14:00","2018","11","15","14:00","10.5","","-5.6","","32","","26","","22","","","","","M","","","","","NA"
"2018-11-15 15:00","2018","11","15","15:00","9.0","","-5.5","","35","","25","","20","","","","","M","","","","","NA"
"2018-11-15 16:00","2018","11","15","16:00","7.2","","-4.0","","45","","22","","13","","","","","M","","","","","NA"
"2018-11-15 17:00","2018","11","15","17:00","2.3","","-3.5","","65","","22","","15","","","","","M","","","","","NA"
"2018-11-15 18:00","2018","11","15","18:00","2.0","","-2.8","","71","","24","","23","","","","","M","","","","","NA"
"2018-11-15 19:00","2018","11","15","19:00","2.6","","-3.1","","66","","25","","25","","","","","M","","","","","NA"
"2018-11-15 20:00","2018","11","15","20:00","2.4","","-3.0","","68","","25","","27","","","","","M","","","","","NA"
"2018-11-15 21:00","2018","11","15","21:00","3.2","","-2.6","","66","","25","","28","","","","","M","","","","","NA"
"2018-11-15 22:00","2018","11","15","22:00","4.0","","-2.3","","63","","25","","27","","","","","M","","","","","NA"
"2018-11-15 23:00","2018","11","15","23:00","3.9","","-2.1","","65","","26","","20","","","","","M","","","","","NA"
"2018-11-16 00:00","2018","11","16","00:00","3.7","","-2.0","","66","","28","","23","","","","","M","","","","","NA"
"2018-11-16 01:00","2018","11","16","01:00","0.5","","-2.9","","78","","34","","20","","","","","M","","","","","NA"
"2018-11-16 02:00","2018","11","16","02:00","-0.3","","-1.1","","94","","35","","27","","","","","M","","","-7","","NA"
"2018-11-16 03:00","2018","11","16","03:00","0.1","","0.0","","100","","35","","24","","","","","M","","","","","NA"
"2018-11-16 04:00","2018","11","16","04:00","0.2","","0.2","","100","","34","","38","","","","","M","","","","","NA"
"2018-11-16 05:00","2018","11","16","05:00","-5.3","","-5.8","","96","","35","","63","","","","","M","","","-16","","NA"
"2018-11-16 06:00","2018","11","16","06:00","-6.7","","-7.3","","96","","35","","52","","","","","M","","","-17","","NA"
"2018-11-16 07:00","2018","11","16","07:00","-7.6","","-8.6","","93","","36","","49","","","","","M","","","-18","","NA"
"2018-11-16 08:00","2018","11","16","08:00","-8.5","","-10.1","","88","","1","","49","","","","","M","","","-20","","NA"
"2018-11-16 09:00","2018","11","16","09:00","-9.3","","-10.3","","93","","35","","37","","","","","M","","","-19","","NA"
"2018-11-16 10:00","2018","11","16","10:00","-9.6","","-10.7","","91","","35","","29","","","","","M","","","-19","","NA"
"2018-11-16 11:00","2018","11","16","11:00","-9.7","","-11.1","","89","","36","","31","","","","","M","","","-19","","NA"
"2018-11-16 12:00","2018","11","16","12:00","-9.9","","-12.3","","83","","1","","28","","","","","M","","","-19","","NA"
"2018-11-16 13:00","2018","11","16","13:00","-9.8","","-12.6","","80","","36","","25","","","","","M","","","-19","","NA"
"2018-11-16 14:00","2018","11","16","14:00","-9.6","","-11.5","","86","","1","","17","","","","","M","","","-17","","NA"
"2018-11-16 15:00","2018","11","16","15:00","-10.4","","-12.3","","86","","35","","20","","","","","M","","","-18","","NA"
"2018-11-16 16:00","2018","11","16","16:00","-10.8","","-12.4","","88","","35","","10","","","","","M","","","-16","","NA"
"2018-11-16 17:00","2018","11","16","17:00","-11.4","","-13.2","","86","","34","","11","","","","","M","","","-17","","NA"
"2018-11-16 18:00","2018","11","16","18:00","-11.9","","-13.6","","87","","35","","12","","","","","M","","","-18","","NA"
"2018-11-16 19:00","2018","11","16","19:00","-13.0","","-14.5","","89","","34","","11","","","","","M","","","-19","","NA"
"2018-11-16 20:00","2018","11","16","20:00","-13.0","","-14.7","","87","","34","","9","","","","","M","","","-18","","NA"
"2018-11-16 21:00","2018","11","16","21:00","-13.2","","-14.8","","88","","28","","6","","","","","M","","","-17","","NA"
"2018-11-16 22:00","2018","11","16","22:00","-15.7","","-17.1","","90","","","","0","","","","","M","","","","","NA"
"2018-11-16 23:00","2018","11","16","23:00","-16.2","","-17.7","","89","","20","","8","","","","","M","","","-22","","NA"
"2018-11-17 00:00","2018","11","17","00:00","-16.0","","-17.0","","92","","20","","6","","","","","M","","","-20","","NA"
"2018-11-17 01:00","2018","11","17","01:00","-15.8","","-17.1","","90","","21","","16","","","","","M","","","-24","","NA"
"2018-11-17 02:00","2018","11","17","02:00","-15.6","","-17.0","","89","","22","","14","","","","","M","","","-23","","NA"
"2018-11-17 03:00","2018","11","17","03:00","-14.8","","-16.2","","89","","23","","12","","","","","M","","","-22","","NA"
"2018-11-17 04:00","2018","11","17","04:00","-13.1","","-14.2","","91","","22","","19","","","","","M","","","-22","","NA"
"2018-11-17 05:00","2018","11","17","05:00","-12.3","","-14.0","","87","","23","","25","","","","","M","","","-22","","NA"
"2018-11-17 06:00","2018","11","17","06:00","-12.0","","-14.3","","83","","23","","28","","","","","M","","","-22","","NA"
"2018-11-17 07:00","2018","11","17","07:00","-13.0","","-15.3","","83","","24","","31","","","","","M","","","-24","","NA"
"2018-11-17 08:00","2018","11","17","08:00","-13.3","","-15.6","","83","","22","","23","","","","","M","","","-23","","NA"
"2018-11-17 09:00","2018","11","17","09:00","-11.5","","-14.0","","82","","25","","24","","","","","M","","","-21","","NA"
"2018-11-17 10:00","2018","11","17","10:00","-7.6","","-11.7","","72","","22","","2","","","","","M","","","-9","","NA"
"2018-11-17 11:00","2018","11","17","11:00","-8.1","","-11.7","","76","","22","","12","","","","","M","","","-14","","NA"
"2018-11-17 12:00","2018","11","17","12:00","-6.8","","-10.2","","77","","24","","15","","","","","M","","","-13","","NA"
"2018-11-17 13:00","2018","11","17","13:00","-4.2","","-9.8","","65","","26","","7","","","","","M","","","-7","","NA"
"2018-11-17 14:00","2018","11","17","14:00","-3.1","","-8.8","","65","","25","","20","","","","","M","","","-9","","NA"
"2018-11-17 15:00","2018","11","17","15:00","-1.6","","-8.3","","60","","7","","3","","","","","M","","","-3","","NA"
"2018-11-17 16:00","2018","11","17","16:00","-4.4","","-9.7","","66","","17","","6","","","","","M","","","-7","","NA"
"2018-11-17 17:00","2018","11","17","17:00","-5.0","","-11.5","","60","","26","","21","","","","","M","","","-12","","NA"
"2018-11-17 18:00","2018","11","17","18:00","-5.6","","-12.0","","61","","25","","24","","","","","M","","","-13","","NA"
"2018-11-17 19:00","2018","11","17","19:00","-6.5","","-10.6","","73","","28","","6","","","","","M","","","-9","","NA"
"2018-11-17 20:00","2018","11","17","20:00","-9.0","","-12.5","","76","","2","","3","","","","","M","","","-11","","NA"
"2018-11-17 21:00","2018","11","17","21:00","-10.0","","-12.9","","80","","22","","3","","","","","M","","","-12","","NA"
"2018-11-17 22:00","2018","11","17","22:00","-7.9","","-10.3","","83","","27","","7","","","","","M","","","-12","","NA"
"2018-11-17 23:00","2018","11","17","23:00","-8.9","","-11.4","","82","","19","","7","","","","","M","","","-13","","NA"
"2018-11-18 00:00","2018","11","18","00:00","-4.1","","-8.5","","71","","26","","14","","","","","M","","","-9","","NA"
"2018-11-18 01:00","2018","11","18","01:00","-3.9","","-8.8","","69","","27","","13","","","","","M","","","-9","","NA"
"2018-11-18 02:00","2018","11","18","02:00","-1.6","","-10.5","","51","","27","","30","","","","","M","","","-9","","NA"
"2018-11-18 03:00","2018","11","18","03:00","-1.1","","-10.5","","49","","28","","30","","","","","M","","","-8","","NA"
"2018-11-18 04:00","2018","11","18","04:00","-1.7","","-10.0","","53","","26","","24","","","","","M","","","-8","","NA"
"2018-11-18 05:00","2018","11","18","05:00","0.5","","-8.5","","51","","26","","21","","","","","M","","","","","NA"
"2018-11-18 06:00","2018","11","18","06:00","1.4","","-8.5","","48","","27","","18","","","","","M","","","","","NA"
"2018-11-18 07:00","2018","11","18","07:00","0.9","","-7.1","","55","","32","","15","","","","","M","","","","","NA"
"2018-11-18 08:00","2018","11","18","08:00","-0.3","","-6.0","","66","","33","","12","","","","","M","","","-4","","NA"
"2018-11-18 09:00","2018","11","18","09:00","2.1","","-2.3","","72","","33","","9","","","","","M","","","","","NA"
"2018-11-18 10:00","2018","11","18","10:00","2.7","","-1.3","","75","","25","","3","","","","","M","","","","","NA"
"2018-11-18 11:00","2018","11","18","11:00","3.0","","-2.7","","66","","26","","14","","","","","M","","","","","NA"
"2018-11-18 12:00","2018","11","18","12:00","3.4","","-2.7","","64","","26","","15","","","","","M","","","","","NA"
"2018-11-18 13:00","2018","11","18","13:00","4.5","","0.8","","77","","33","","17","","","","","M","","","","","NA"
"2018-11-18 14:00","2018","11","18","14:00","5.0","","1.6","","79","","28","","14","","","","","M","","","","","NA"
"2018-11-18 15:00","2018","11","18","15:00","5.4","","2.1","","79","","32","","28","","","","","M","","","","","NA"
"2018-11-18 16:00","2018","11","18","16:00","4.6","","1.9","","83","","34","","30","","","","","M","","","","","NA"
"2018-11-18 17:00","2018","11","18","17:00","4.0","","2.0","","87","","32","","25","","","","","M","","","","","NA"
"2018-11-18 18:00","2018","11","18","18:00","3.7","","1.7","","87","","31","","21","","","","","M","","","","","NA"
"2018-11-18 19:00","2018","11","18","19:00","3.4","","1.9","","90","","30","","18","","","","","M","","","","","NA"
"2018-11-18 20:00","2018","11","18","20:00","3.0","","1.7","","91","","29","","17","","","","","M","","","","","NA"
"2018-11-18 21:00","2018","11","18","21:00","3.1","","1.5","","89","","28","","19","","","","","M","","","","","NA"
"2018-11-18 22:00","2018","11","18","22:00","3.1","","1.4","","89","","29","","17","","","","","M","","","","","NA"
"2018-11-18 23:00","2018","11","18","23:00","2.8","","1.3","","90","","27","","17","","","","","M","","","","","NA"
"2018-11-19 00:00","2018","11","19","00:00","2.2","","0.9","","91","","25","","18","","","","","M","","","","","NA"
"2018-11-19 01:00","2018","11","19","01:00","1.7","","0.3","","91","","25","","18","","","","","M","","","","","NA"
"2018-11-19 02:00","2018","11","19","02:00","1.0","","0.1","","94","","23","","13","","","","","M","","","","","NA"
"2018-11-19 03:00","2018","11","19","03:00","1.6","","-1.6","","79","","24","","15","","","","","M","","","","","NA"
"2018-11-19 04:00","2018","11","19","04:00","1.3","","-2.2","","78","","24","","19","","","","","M","","","","","NA"
"2018-11-19 05:00","2018","11","19","05:00","0.2","","-3.1","","78","","26","","18","","","","","M","","","","","NA"
"2018-11-19 06:00","2018","11","19","06:00","-0.2","","-3.5","","79","","26","","19","","","","","M","","","-5","","NA"
"2018-11-19 07:00","2018","11","19","07:00","-0.8","","-3.7","","81","","26","","19","","","","","M","","","-6","","NA"
"2018-11-19 08:00","2018","11","19","08:00","-0.4","","-3.7","","79","","26","","18","","","","","M","","","-5","","NA"
"2018-11-19 09:00","2018","11","19","09:00","2.9","","-2.9","","65","","25","","19","","","","","M","","","","","NA"
"2018-11-19 10:00","2018","11","19","10:00","3.7","","-0.6","","73","","25","","19","","","","","M","","","","","NA"
"2018-11-19 11:00","2018","11","19","11:00","4.6","","-1.4","","65","","24","","22","","","","","M","","","","","NA"
"2018-11-19 12:00","2018","11","19","12:00","7.3","","-1.0","","56","","24","","21","","","","","M","","","","","NA"
"2018-11-19 13:00","2018","11","19","13:00","9.0","","-0.7","","51","","25","","21","","","","","M","","","","","NA"
"2018-11-19 14:00","2018","11","19","14:00","8.4","","-0.1","","55","","24","","17","","","","","M","","","","","NA"
"2018-11-19 15:00","2018","11","19","15:00","7.3","","0.2","","61","","26","","19","","","","","M","","","","","NA"
"2018-11-19 16:00","2018","11","19","16:00","6.0","","-0.2","","64","","25","","21","","","","","M","","","","","NA"
"2018-11-19 17:00","2018","11","19","17:00","3.7","","-0.5","","74","","25","","18","","","","","M","","","","","NA"
"2018-11-19 18:00","2018","11","19","18:00","3.3","","-0.5","","76","","25","","19","","","","","M","","","","","NA"
"2018-11-19 19:00","2018","11","19","19:00","4.0","","-0.3","","74","","25","","19","","","","","M","","","","","NA"
"2018-11-19 20:00","2018","11","19","20:00","3.0","","-0.7","","76","","26","","6","","","","","M","","","","","NA"
"2018-11-19 21:00","2018","11","19","21:00","2.6","","-1.3","","76","","5","","3","","","","","M","","","","","NA"
"2018-11-19 22:00","2018","11","19","22:00","1.9","","-1.0","","81","","7","","3","","","","","M","","","","","NA"
"2018-11-19 23:00","2018","11","19","23:00","2.0","","-1.6","","77","","17","","4","","","","","M","","","","","NA"
"2018-11-20 00:00","2018","11","20","00:00","2.7","","-1.2","","75","","26","","18","","","","","M","","","","","NA"
"2018-11-20 01:00","2018","11","20","01:00","3.8","","-1.1","","70","","26","","19","","","","","M","","","","","NA"
"2018-11-20 02:00","2018","11","20","02:00","1.6","","-1.6","","79","","22","","11","","","","","M","","","","","NA"
"2018-11-20 03:00","2018","11","20","03:00","3.8","","-2.8","","62","","25","","26","","","","","M","","","","","NA"
"2018-11-20 04:00","2018","11","20","04:00","2.5","","-3.1","","67","","25","","31","","","","","M","","","","","NA"
"2018-11-20 05:00","2018","11","20","05:00","4.0","","-3.6","","58","","26","","23","","","","","M","","","","","NA"
"2018-11-20 06:00","2018","11","20","06:00","4.8","","-3.6","","54","","25","","29","","","","","M","","","","","NA"
"2018-11-20 07:00","2018","11","20","07:00","4.3","","-3.8","","55","","26","","34","","","","","M","","","","","NA"
"2018-11-20 08:00","2018","11","20","08:00","5.3","","-4.2","","50","","26","","30","","","","","M","","","","","NA"
"2018-11-20 09:00","2018","11","20","09:00","4.3","","-3.9","","55","","27","","33","","","","","M","","","","","NA"
"2018-11-20 10:00","2018","11","20","10:00","8.5","","-4.7","","39","","28","","26","","","","","M","","","","","NA"
"2018-11-20 11:00","2018","11","20","11:00","10.4","","-5.0","","34","","26","","28","","","","","M","","","","","NA"
"2018-11-20 12:00","2018","11","20","12:00","8.1","","-2.7","","47","","26","","24","","","","","M","","","","","NA"
"2018-11-20 13:00","2018","11","20","13:00","12.6","","-3.9","","31","","28","","24","","","","","M","","","","","NA"
"2018-11-20 14:00","2018","11","20","14:00","14.2","","-2.9","","31","","27","","21","","","","","M","","","","","NA"
"2018-11-20 15:00","2018","11","20","15:00","12.9","","-1.9","","36","","25","","21","","","","","M","","","","","NA"
"2018-11-20 16:00","2018","11","20","16:00","10.7","","-3.1","","38","","26","","19","","","","","M","","","","","NA"
"2018-11-20 17:00","2018","11","20","17:00","8.4","","-5.0","","38","","2","","3","","","","","M","","","","","NA"
"2018-11-20 18:00","2018","11","20","18:00","4.6","","-5.7","","47","","26","","17","","","","","M","","","","","NA"
"2018-11-20 19:00","2018","11","20","19:00","4.9","","-7.6","","40","","4","","4","","","","","M","","","","","NA"
"2018-11-20 20:00","2018","11","20","20:00","1.8","","-6.4","","55","","24","","14","","","","","M","","","","","NA"
"2018-11-20 21:00","2018","11","20","21:00","0.8","","-6.3","","59","","24","","14","","","","","M","","","","","NA"
"2018-11-20 22:00","2018","11","20","22:00","2.3","","-6.4","","53","","24","","26","","","","","M","","","","","NA"
"2018-11-20 23:00","2018","11","20","23:00","3.2","","-7.8","","44","","25","","26","","","","","M","","","","","NA"
"2018-11-21 00:00","2018","11","21","00:00","1.8","","-7.8","","49","","24","","29","","","","","M","","","","","NA"
"2018-11-21 01:00","2018","11","21","01:00","1.7","","-8.6","","46","","24","","18","","","","","M","","","","","NA"
"2018-11-21 02:00","2018","11","21","02:00","2.9","","-8.0","","44","","24","","27","","","","","M","","","","","NA"
"2018-11-21 03:00","2018","11","21","03:00","1.4","","-7.9","","50","","24","","25","","","","","M","","","","","NA"
"2018-11-21 04:00","2018","11","21","04:00","2.2","","-8.2","","46","","24","","30","","","","","M","","","","","NA"
"2018-11-21 05:00","2018","11","21","05:00","0.9","","-7.4","","54","","23","","32","","","","","M","","","","","NA"
"2018-11-21 06:00","2018","11","21","06:00","2.9","","-8.0","","45","","24","","36","","","","","M","","","","","NA"
"2018-11-21 07:00","2018","11","21","07:00","2.4","","-7.6","","48","","24","","25","","","","","M","","","","","NA"
"2018-11-21 08:00","2018","11","21","08:00","3.0","","-7.5","","46","","23","","29","","","","","M","","","","","NA"
"2018-11-21 09:00","2018","11","21","09:00","3.3","","-7.5","","45","","18","","10","","","","","M","","","","","NA"
"2018-11-21 10:00","2018","11","21","10:00","5.6","","-7.8","","38","","24","","27","","","","","M","","","","","NA"
"2018-11-21 11:00","2018","11","21","11:00","7.9","","-7.9","","32","","25","","40","","","","","M","","","","","NA"
"2018-11-21 12:00","2018","11","21","12:00","8.4","","-7.3","","32","","24","","35","","","","","M","","","","","NA"
"2018-11-21 13:00","2018","11","21","13:00","9.1","","-7.4","","30","","23","","31","","","","","M","","","","","NA"
"2018-11-21 14:00","2018","11","21","14:00","8.9","","-7.7","","30","","22","","31","","","","","M","","","","","NA"
"2018-11-21 15:00","2018","11","21","15:00","8.9","","-7.4","","31","","23","","26","","","","","M","","","","","NA"
"2018-11-21 16:00","2018","11","21","16:00","8.6","","-7.2","","32","","21","","35","","","","","M","","","","","NA"
"2018-11-21 17:00","2018","11","21","17:00","8.3","","-7.5","","32","","22","","30","","","","","M","","","","","NA"
"2018-11-21 18:00","2018","11","21","18:00","9.4","","-9.2","","26","","23","","44","","","","","M","","","","","NA"
"2018-11-21 19:00","2018","11","21","19:00","8.2","","-8.4","","30","","23","","27","","","","","M","","","","","NA"
"2018-11-21 20:00","2018","11","21","20:00","8.4","","-8.9","","28","","23","","36","","","","","M","","","","","NA"
"2018-11-21 21:00","2018","11","21","21:00","7.4","","-8.7","","31","","23","","41","","","","","M","","","","","NA"
"2018-11-21 22:00","2018","11","21","22:00","8.0","","-7.7","","32","","22","","42","","","","","M","","","","","NA"
"2018-11-21 23:00","2018","11","21","23:00","7.4","","-6.0","","38","","24","","54","","","","","M","","","","","NA"
"2018-11-22 00:00","2018","11","22","00:00","6.6","","-4.2","","46","","25","","37","","","","","M","","","","","NA"
"2018-11-22 01:00","2018","11","22","01:00","6.2","","-3.1","","51","","23","","45","","","","","M","","","","","NA"
"2018-11-22 02:00","2018","11","22","02:00","5.1","","-2.3","","59","","24","","29","","","","","M","","","","","NA"
"2018-11-22 03:00","2018","11","22","03:00","5.1","","-2.0","","60","","23","","34","","","","","M","","","","","NA"
"2018-11-22 04:00","2018","11","22","04:00","3.9","","-2.3","","64","","22","","27","","","","","M","","","","","NA"
"2018-11-22 05:00","2018","11","22","05:00","4.0","","-2.0","","65","","23","","31","","","","","M","","","","","NA"
"2018-11-22 06:00","2018","11","22","06:00","4.4","","-2.0","","63","","24","","28","","","","","M","","","","","NA"
"2018-11-22 07:00","2018","11","22","07:00","4.4","","-2.1","","62","","25","","33","","","","","M","","","","","NA"
"2018-11-22 08:00","2018","11","22","08:00","3.9","","-2.1","","65","","25","","29","","","","","M","","","","","NA"
"2018-11-22 09:00","2018","11","22","09:00","5.5","","-2.0","","58","","24","","24","","","","","M","","","","","NA"
"2018-11-22 10:00","2018","11","22","10:00","8.1","","-1.8","","50","","24","","36","","","","","M","","","","","NA"
"2018-11-22 11:00","2018","11","22","11:00","8.2","","-1.8","","49","","23","","40","","","","","M","","","","","NA"
"2018-11-22 12:00","2018","11","22","12:00","9.9","","-1.6","","44","","22","","31","","","","","M","","","","","NA"
"2018-11-22 13:00","2018","11","22","13:00","9.5","","-0.8","","49","","22","","38","","","","","M","","","","","NA"
"2018-11-22 14:00","2018","11","22","14:00","10.5","","-2.0","","42","","23","","43","","","","","M","","","","","NA"
"2018-11-22 15:00","2018","11","22","15:00","11.1","","-5.4","","31","","23","","44","","","","","M","","","","","NA"
"2018-11-22 16:00","2018","11","22","16:00","8.7","","-3.5","","42","","23","","33","","","","","M","","","","","NA"
"2018-11-22 17:00","2018","11","22","17:00","6.4","","-1.6","","57","","22","","33","","","","","M","","","","","NA"
"2018-11-22 18:00","2018","11","22","18:00","4.6","","-1.9","","63","","24","","34","","","","","M","","","","","NA"
"2018-11-22 19:00","2018","11","22","19:00","3.0","","-3.1","","64","","25","","35","","","","","M","","","","","NA"
"2018-11-22 20:00","2018","11","22","20:00","2.9","","-3.3","","64","","25","","33","","","","","M","","","","","NA"
"2018-11-22 21:00","2018","11","22","21:00","2.6","","-2.8","","67","","26","","32","","","","","M","","","","","NA"
"2018-11-22 22:00","2018","11","22","22:00","2.4","","-3.5","","65","","25","","33","","","","","M","","","","","NA"
"2018-11-22 23:00","2018","11","22","23:00","1.7","","-3.6","","68","","25","","33","","","","","M","","","","","NA"
"2018-11-23 00:00","2018","11","23","00:00","2.6","","-4.5","","60","","25","","36","","","","","M","","","","","NA"
"2018-11-23 01:00","2018","11","23","01:00","1.5","","-4.7","","63","","25","","34","","","","","M","","","","","NA"
"2018-11-23 02:00","2018","11","23","02:00","1.0","","-5.3","","63","","27","","31","","","","","M","","","","","NA"
"2018-11-23 03:00","2018","11","23","03:00","0.5","","-5.2","","66","","27","","25","","","","","M","","","","","NA"
"2018-11-23 04:00","2018","11","23","04:00","1.1","","-4.6","","66","","28","","18","","","","","M","","","","","NA"
"2018-11-23 05:00","2018","11","23","05:00","-0.3","","-3.8","","77","","35","","13","","","","","M","","","-4","","NA"
"2018-11-23 06:00","2018","11","23","06:00","0.3","","-4.4","","71","","13","","11","","","","","M","","","","","NA"
"2018-11-23 07:00","2018","11","23","07:00","-0.5","","-4.4","","75","","4","","1","","","","","M","","","-1","","NA"
"2018-11-23 08:00","2018","11","23","08:00","1.4","","-3.3","","71","","30","","11","","","","","M","","","","","NA"
"2018-11-23 09:00","2018","11","23","09:00","-0.5","","-2.8","","85","","36","","15","","","","","M","","","-5","","NA"
"2018-11-23 10:00","2018","11","23","10:00","0.3","","-2.4","","82","","36","","15","","","","","M","","","","","NA"
"2018-11-23 11:00","2018","11","23","11:00","-0.1","","-2.3","","85","","2","","8","","","","","M","","","-3","","NA"
"2018-11-23 12:00","2018","11","23","12:00","0.2","","-2.0","","85","","36","","9","","","","","M","","","","","NA"
"2018-11-23 13:00","2018","11","23","13:00","0.0","","-0.3","","98","","35","","15","","","","","M","","","-4","","NA"
"2018-11-23 14:00","2018","11","23","14:00","0.4","","0.4","","100","","34","","13","","","","","M","","","","","NA"
"2018-11-23 15:00","2018","11","23","15:00","0.1","","0.1","","100","","33","","10","","","","","M","","","","","NA"
"2018-11-23 16:00","2018","11","23","16:00","-0.2","","-0.2","","100","","36","","6","","","","","M","","","-2","","NA"
"2018-11-23 17:00","2018","11","23","17:00","-1.0","","-1.0","","100","","35","","14","","","","","M","","","-5","","NA"
"2018-11-23 18:00","2018","11","23","18:00","-1.1","","-1.1","","100","","1","","21","","","","","M","","","-7","","NA"
"2018-11-23 19:00","2018","11","23","19:00","-1.5","","-1.5","","100","","1","","9","","","","","M","","","-5","","NA"
"2018-11-23 20:00","2018","11","23","20:00","-1.8","","-1.8","","100","","36","","15","","","","","M","","","-7","","NA"
"2018-11-23 21:00","2018","11","23","21:00","-1.7","","-1.7","","100","","36","","17","","","","","M","","","-7","","NA"
"2018-11-23 22:00","2018","11","23","22:00","-2.4","","-2.4","","100","","3","","23","","","","","M","","","-9","","NA"
"2018-11-23 23:00","2018","11","23","23:00","-2.7","","-2.7","","100","","1","","16","","","","","M","","","-8","","NA"
"2018-11-24 00:00","2018","11","24","00:00","-3.9","","-3.9","","100","","2","","21","","","","","M","","","-10","","NA"
"2018-11-24 01:00","2018","11","24","01:00","-4.5","","-4.6","","99","","2","","18","","","","","M","","","-11","","NA"
"2018-11-24 02:00","2018","11","24","02:00","-4.8","","-4.9","","99","","1","","21","","","","","M","","","-11","","NA"
"2018-11-24 03:00","2018","11","24","03:00","-5.0","","-5.1","","99","","36","","20","","","","","M","","","-12","","NA"
"2018-11-24 04:00","2018","11","24","04:00","-5.3","","-5.5","","99","","3","","20","","","","","M","","","-12","","NA"
"2018-11-24 05:00","2018","11","24","05:00","-5.5","","-5.6","","99","","1","","21","","","","","M","","","-12","","NA"
"2018-11-24 06:00","2018","11","24","06:00","-5.4","","-5.5","","99","","36","","18","","","","","M","","","-12","","NA"
"2018-11-24 07:00","2018","11","24","07:00","-5.8","","-6.0","","99","","35","","13","","","","","M","","","-11","","NA"
"2018-11-24 08:00","2018","11","24","08:00","-5.9","","-6.1","","99","","34","","9","","","","","M","","","-10","","NA"
"2018-11-24 09:00","2018","11","24","09:00","-5.7","","-5.9","","98","","30","","7","","","","","M","","","-9","","NA"
"2018-11-24 10:00","2018","11","24","10:00","-5.2","","-5.5","","97","","32","","6","","","","","M","","","-8","","NA"
"2018-11-24 11:00","2018","11","24","11:00","-5.7","","-6.2","","96","","31","","6","","","","","M","","","-9","","NA"
"2018-11-24 12:00","2018","11","24","12:00","-4.2","","-5.3","","92","","27","","3","","","","","M","","","-5","","NA"
"2018-11-24 13:00","2018","11","24","13:00","-4.7","","-5.7","","93","","12","","7","","","","","M","","","-8","","NA"
"2018-11-24 14:00","2018","11","24","14:00","-3.3","","-5.4","","86","","20","","11","","","","","M","","","-8","","NA"
"2018-11-24 15:00","2018","11","24","15:00","-3.5","","-5.5","","86","","17","","13","","","","","M","","","-8","","NA"
"2018-11-24 16:00","2018","11","24","16:00","-5.7","","-6.6","","94","","15","","18","","","","","M","","","-12","","NA"
"2018-11-24 17:00","2018","11","24","17:00","-7.4","","-7.6","","98","","15","","19","","","","","M","","","-14","","NA"
"2018-11-24 18:00","2018","11","24","18:00","-9.1","","-9.4","","98","","15","","14","","","","","M","","","-15","","NA"
"2018-11-24 19:00","2018","11","24","19:00","-9.9","","-10.4","","96","","15","","10","","","","","M","","","-15","","NA"
"2018-11-24 20:00","2018","11","24","20:00","-8.9","","-9.3","","97","","15","","5","","","","","M","","","-12","","NA"
"2018-11-24 21:00","2018","11","24","21:00","-8.2","","-8.5","","97","","9","","4","","","","","M","","","-10","","NA"
"2018-11-24 22:00","2018","11","24","22:00","-8.9","","-9.3","","97","","10","","3","","","","","M","","","-11","","NA"
"2018-11-24 23:00","2018","11","24","23:00","-9.8","","-10.4","","96","","36","","2","","","","","M","","","-11","","NA"
"2018-11-25 00:00","2018","11","25","00:00","-11.9","","-12.7","","94","","0","","1","","","","","M","","","-13","","NA"
"2018-11-25 01:00","2018","11","25","01:00","-12.4","","-13.2","","94","","3","","3","","","","","M","","","-14","","NA"
"2018-11-25 02:00","2018","11","25","02:00","-5.2","","-5.2","","100","","31","","9","","","","","M","","","-9","","NA"
"2018-11-25 03:00","2018","11","25","03:00","-5.1","","-6.7","","89","","29","","26","","","","","M","","","-13","","NA"
"2018-11-25 04:00","2018","11","25","04:00","-9.8","","-12.5","","80","","3","","7","","","","","M","","","-14","","NA"
"2018-11-25 05:00","2018","11","25","05:00","-10.6","","-11.2","","95","","35","","5","","","","","M","","","-14","","NA"
"2018-11-25 06:00","2018","11","25","06:00","-9.0","","-10.5","","89","","6","","3","","","","","M","","","-11","","NA"
"2018-11-25 07:00","2018","11","25","07:00","-4.9","","-9.1","","72","","36","","5","","","","","M","","","-7","","NA"
"2018-11-25 08:00","2018","11","25","08:00","-10.3","","-12.7","","83","","9","","1","","","","","M","","","-11","","NA"
"2018-11-25 09:00","2018","11","25","09:00","-9.8","","-11.5","","88","","31","","5","","","","","M","","","-13","","NA"
"2018-11-25 10:00","2018","11","25","10:00","-5.4","","-10.3","","68","","","","0","","","","","M","","","","","NA"
"2018-11-25 11:00","2018","11","25","11:00","-3.9","","-7.8","","74","","21","","5","","","","","M","","","-6","","NA"
"2018-11-25 12:00","2018","11","25","12:00","-2.1","","-6.0","","75","","16","","6","","","","","M","","","-4","","NA"
"2018-11-25 13:00","2018","11","25","13:00","0.7","","-7.3","","55","","26","","10","","","","","M","","","","","NA"
"2018-11-25 14:00","2018","11","25","14:00","0.1","","-5.9","","64","","23","","13","","","","","M","","","","","NA"
"2018-11-25 15:00","2018","11","25","15:00","-0.7","","-6.7","","63","","22","","7","","","","","M","","","-3","","NA"
"2018-11-25 16:00","2018","11","25","16:00","-2.4","","-6.1","","76","","17","","8","","","","","M","","","-6","","NA"
"2018-11-25 17:00","2018","11","25","17:00","-5.9","","-6.4","","96","","21","","10","","","","","M","","","-10","","NA"
"2018-11-25 18:00","2018","11","25","18:00","-7.7","","-8.2","","96","","19","","10","","","","","M","","","-13","","NA"
"2018-11-25 19:00","2018","11","25","19:00","-8.2","","-8.5","","98","","20","","8","","","","","M","","","-12","","NA"
"2018-11-25 20:00","2018","11","25","20:00","-8.3","","-8.5","","98","","18","","11","","","","","M","","","-14","","NA"
"2018-11-25 21:00","2018","11","25","21:00","-6.8","","-6.9","","99","","18","","6","","","","","M","","","-10","","NA"
"2018-11-25 22:00","2018","11","25","22:00","-8.6","","-8.8","","99","","18","","6","","","","","M","","","-12","","NA"
"2018-11-25 23:00","2018","11","25","23:00","-9.3","","-9.8","","96","","21","","4","","","","","M","","","-12","","NA"
"2018-11-26 00:00","2018","11","26","00:00","-11.3","","-11.9","","95","","","","0","","","","","M","","","","","NA"
"2018-11-26 01:00","2018","11","26","01:00","-10.9","","-11.7","","94","","18","","7","","","","","M","","","-15","","NA"
"2018-11-26 02:00","2018","11","26","02:00","-11.2","","-11.9","","94","","32","","4","","","","","M","","","-14","","NA"
"2018-11-26 03:00","2018","11","26","03:00","-7.1","","-7.3","","98","","22","","14","","","","","M","","","-13","","NA"
"2018-11-26 04:00","2018","11","26","04:00","-3.2","","-4.5","","90","","23","","17","","","","","M","","","-9","","NA"
"2018-11-26 05:00","2018","11","26","05:00","-5.1","","-7.3","","84","","22","","4","","","","","M","","","-7","","NA"
"2018-11-26 06:00","2018","11","26","06:00","-1.1","","-3.1","","87","","22","","17","","","","","M","","","-6","","NA"
"2018-11-26 07:00","2018","11","26","07:00","-5.1","","-6.2","","92","","16","","10","","","","","M","","","-9","","NA"
"2018-11-26 08:00","2018","11","26","08:00","-1.3","","-3.5","","85","","22","","17","","","","","M","","","-6","","NA"
"2018-11-26 09:00","2018","11","26","09:00","-6.6","","-8.0","","90","","21","","20","","","","","M","","","-14","","NA"
"2018-11-26 10:00","2018","11","26","10:00","-7.2","","-9.1","","86","","13","","5","","","","","M","","","-10","","NA"
"2018-11-26 11:00","2018","11","26","11:00","-6.1","","-8.1","","86","","18","","7","","","","","M","","","-9","","NA"
"2018-11-26 12:00","2018","11","26","12:00","1.3","","-2.6","","75","","21","","12","","","","","M","","","","","NA"
"2018-11-26 13:00","2018","11","26","13:00","3.9","","-1.7","","67","","20","","6","","","","","M","","","","","NA"
"2018-11-26 14:00","2018","11","26","14:00","0.9","","-3.3","","73","","21","","6","","","","","M","","","","","NA"
"2018-11-26 15:00","2018","11","26","15:00","2.0","","-0.6","","83","","20","","13","","","","","M","","","","","NA"
"2018-11-26 16:00","2018","11","26","16:00","5.5","","0.3","","69","","23","","30","","","","","M","","","","","NA"
"2018-11-26 17:00","2018","11","26","17:00","4.2","","-0.1","","74","","23","","36","","","","","M","","","","","NA"
"2018-11-26 18:00","2018","11","26","18:00","4.5","","-0.8","","69","","23","","40","","","","","M","","","","","NA"
"2018-11-26 19:00","2018","11","26","19:00","4.7","","-0.1","","71","","24","","44","","","","","M","","","","","NA"
"2018-11-26 20:00","2018","11","26","20:00","4.9","","-0.2","","69","","24","","50","","","","","M","","","","","NA"
"2018-11-26 21:00","2018","11","26","21:00","5.3","","0.3","","70","","23","","42","","","","","M","","","","","NA"
"2018-11-26 22:00","2018","11","26","22:00","5.6","","0.4","","70","","24","","44","","","","","M","","","","","NA"
"2018-11-26 23:00","2018","11","26","23:00","5.9","","0.6","","69","","24","","52","","","","","M","","","","","NA"
"2018-11-27 00:00","2018","11","27","00:00","5.8","","0.7","","70","","24","","52","","","","","M","","","","","NA"
"2018-11-27 01:00","2018","11","27","01:00","5.9","","0.9","","70","","24","","44","","","","","M","","","","","NA"
"2018-11-27 02:00","2018","11","27","02:00","7.0","","0.8","","65","","25","","49","","","","","M","","","","","NA"
"2018-11-27 03:00","2018","11","27","03:00","7.4","","0.8","","63","","25","","44","","","","","M","","","","","NA"
"2018-11-27 04:00","2018","11","27","04:00","6.8","","0.7","","65","","24","","35","","","","","M","","","","","NA"
"2018-11-27 05:00","2018","11","27","05:00","6.9","","0.7","","65","","24","","40","","","","","M","","","","","NA"
"2018-11-27 06:00","2018","11","27","06:00","7.2","","0.9","","64","","24","","44","","","","","M","","","","","NA"
"2018-11-27 07:00","2018","11","27","07:00","6.5","","0.8","","67","","25","","38","","","","","M","","","","","NA"
"2018-11-27 08:00","2018","11","27","08:00","6.1","","0.8","","69","","25","","33","","","","","M","","","","","NA"
"2018-11-27 09:00","2018","11","27","09:00","7.1","","0.9","","65","","25","","26","","","","","M","","","","","NA"
"2018-11-27 10:00","2018","11","27","10:00","7.2","","1.0","","65","","23","","21","","","","","M","","","","","NA"
"2018-11-27 11:00","2018","11","27","11:00","9.4","","1.3","","57","","24","","26","","","","","M","","","","","NA"
"2018-11-27 12:00","2018","11","27","12:00","11.0","","0.7","","49","","25","","39","","","","","M","","","","","NA"
"2018-11-27 13:00","2018","11","27","13:00","10.9","","1.0","","50","","24","","33","","","","","M","","","","","NA"
"2018-11-27 14:00","2018","11","27","14:00","11.7","","0.7","","47","","25","","31","","","","","M","","","","","NA"
"2018-11-27 15:00","2018","11","27","15:00","9.9","","1.4","","55","","26","","26","","","","","M","","","","","NA"
"2018-11-27 16:00","2018","11","27","16:00","10.5","","0.4","","50","","27","","27","","","","","M","","","","","NA"
"2018-11-27 17:00","2018","11","27","17:00","8.9","","-0.7","","51","","27","","31","","","","","M","","","","","NA"
"2018-11-27 18:00","2018","11","27","18:00","8.2","","-0.8","","53","","25","","30","","","","","M","","","","","NA"
"2018-11-27 19:00","2018","11","27","19:00","6.9","","-0.5","","59","","26","","37","","","","","M","","","","","NA"
"2018-11-27 20:00","2018","11","27","20:00","5.7","","-0.3","","66","","25","","36","","","","","M","","","","","NA"
"2018-11-27 21:00","2018","11","27","21:00","4.6","","-0.7","","68","","25","","36","","","","","M","","","","","NA"
"2018-11-27 22:00","2018","11","27","22:00","4.4","","-1.3","","67","","26","","39","","","","","M","","","","","NA"
"2018-11-27 23:00","2018","11","27","23:00","4.2","","-1.6","","66","","26","","41","","","","","M","","","","","NA"
"2018-11-28 00:00","2018","11","28","00:00","2.9","","-2.2","","69","","26","","28","","","","","M","","","","","NA"
"2018-11-28 01:00","2018","11","28","01:00","2.7","","-2.5","","69","","26","","32","","","","","M","","","","","NA"
"2018-11-28 02:00","2018","11","28","02:00","2.3","","-3.4","","66","","27","","35","","","","","M","","","","","NA"
"2018-11-28 03:00","2018","11","28","03:00","2.8","","-3.9","","61","","26","","32","","","","","M","","","","","NA"
"2018-11-28 04:00","2018","11","28","04:00","1.7","","-3.7","","67","","26","","19","","","","","M","","","","","NA"
"2018-11-28 05:00","2018","11","28","05:00","0.6","","-3.7","","72","","25","","19","","","","","M","","","","","NA"
"2018-11-28 06:00","2018","11","28","06:00","1.3","","-4.1","","67","","26","","28","","","","","M","","","","","NA"
"2018-11-28 07:00","2018","11","28","07:00","1.8","","-4.8","","62","","26","","26","","","","","M","","","","","NA"
"2018-11-28 08:00","2018","11","28","08:00","1.1","","-5.1","","63","","27","","26","","","","","M","","","","","NA"
"2018-11-28 09:00","2018","11","28","09:00","3.0","","-4.5","","58","","26","","29","","","","","M","","","","","NA"
"2018-11-28 10:00","2018","11","28","10:00","5.1","","-3.3","","55","","26","","29","","","","","M","","","","","NA"
"2018-11-28 11:00","2018","11","28","11:00","8.1","","-3.0","","45","","27","","28","","","","","M","","","","","NA"
"2018-11-28 12:00","2018","11","28","12:00","8.4","","-2.6","","46","","26","","26","","","","","M","","","","","NA"
"2018-11-28 13:00","2018","11","28","13:00","9.3","","-3.3","","41","","27","","25","","","","","M","","","","","NA"
"2018-11-28 14:00","2018","11","28","14:00","10.3","","-3.8","","37","","27","","25","","","","","M","","","","","NA"
"2018-11-28 15:00","2018","11","28","15:00","9.2","","-3.5","","41","","27","","18","","","","","M","","","","","NA"
"2018-11-28 16:00","2018","11","28","16:00","7.9","","-3.0","","46","","26","","18","","","","","M","","","","","NA"
"2018-11-28 17:00","2018","11","28","17:00","4.3","","-3.9","","55","","26","","23","","","","","M","","","","","NA"
"2018-11-28 18:00","2018","11","28","18:00","2.7","","-4.2","","60","","27","","25","","","","","M","","","","","NA"
"2018-11-28 19:00","2018","11","28","19:00","2.4","","-4.6","","60","","26","","29","","","","","M","","","","","NA"
"2018-11-28 20:00","2018","11","28","20:00","1.5","","-5.0","","62","","26","","31","","","","","M","","","","","NA"
"2018-11-28 21:00","2018","11","28","21:00","0.8","","-4.9","","65","","26","","30","","","","","M","","","","","NA"
"2018-11-28 22:00","2018","11","28","22:00","0.6","","-4.6","","68","","25","","30","","","","","M","","","","","NA"
"2018-11-28 23:00","2018","11","28","23:00","0.6","","-4.9","","67","","26","","29","","","","","M","","","","","NA"
"2018-11-29 00:00","2018","11","29","00:00","0.7","","-5.1","","65","","26","","27","","","","","M","","","","","NA"
"2018-11-29 01:00","2018","11","29","01:00","0.1","","-5.0","","69","","26","","29","","","","","M","","","","","NA"
"2018-11-29 02:00","2018","11","29","02:00","-0.5","","-5.1","","71","","27","","26","","","","","M","","","-7","","NA"
"2018-11-29 03:00","2018","11","29","03:00","-0.6","","-5.4","","70","","26","","28","","","","","M","","","-7","","NA"
"2018-11-29 04:00","2018","11","29","04:00","-0.4","","-5.5","","68","","27","","27","","","","","M","","","-7","","NA"
"2018-11-29 05:00","2018","11","29","05:00","-0.9","","-6.0","","68","","27","","23","","","","","M","","","-7","","NA"
"2018-11-29 06:00","2018","11","29","06:00","-1.5","","-6.4","","70","","30","","6","","","","","M","","","-4","","NA"
"2018-11-29 07:00","2018","11","29","07:00","-0.4","","-6.2","","65","","27","","24","","","","","M","","","-6","","NA"
"2018-11-29 08:00","2018","11","29","08:00","-0.7","","-6.4","","65","","27","","23","","","","","M","","","-7","","NA"
"2018-11-29 09:00","2018","11","29","09:00","-0.8","","-6.0","","68","","36","","2","","","","","M","","","-1","","NA"
"2018-11-29 10:00","2018","11","29","10:00","3.8","","-4.9","","53","","3","","2","","","","","M","","","","","NA"
"2018-11-29 11:00","2018","11","29","11:00","3.4","","-3.2","","62","","12","","4","","","","","M","","","","","NA"
"2018-11-29 12:00","2018","11","29","12:00","6.9","","-9.7","","30","","32","","3","","","","","M","","","","","NA"
"2018-11-29 13:00","2018","11","29","13:00","6.9","","-9.6","","30","","34","","8","","","","","M","","","","","NA"
"2018-11-29 14:00","2018","11","29","14:00","7.4","","-9.8","","28","","33","","4","","","","","M","","","","","NA"
"2018-11-29 15:00","2018","11","29","15:00","6.3","","-5.3","","43","","11","","7","","","","","M","","","","","NA"
"2018-11-29 16:00","2018","11","29","16:00","5.6","","-6.2","","42","","17","","8","","","","","M","","","","","NA"
"2018-11-29 17:00","2018","11","29","17:00","-0.3","","-6.6","","62","","27","","2","","","","","M","","","-1","","NA"
"2018-11-29 18:00","2018","11","29","18:00","-0.3","","-6.8","","61","","","","0","","","","","M","","","","","NA"
"2018-11-29 19:00","2018","11","29","19:00","-1.2","","-6.3","","68","","17","","4","","","","","M","","","-3","","NA"
"2018-11-29 20:00","2018","11","29","20:00","-0.4","","-5.2","","70","","19","","8","","","","","M","","","-3","","NA"
"2018-11-29 21:00","2018","11","29","21:00","-0.3","","-5.5","","68","","20","","6","","","","","M","","","-2","","NA"
"2018-11-29 22:00","2018","11","29","22:00","-2.1","","-5.2","","80","","35","","8","","","","","M","","","-5","","NA"
"2018-11-29 23:00","2018","11","29","23:00","-1.5","","-5.0","","77","","34","","5","","","","","M","","","-3","","NA"
"2018-11-30 00:00","2018","11","30","00:00","-2.3","","-5.9","","76","","2","","5","","","","","M","","","-4","","NA"
"2018-11-30 01:00","2018","11","30","01:00","-4.0","","-6.3","","84","","30","","10","","","","","M","","","-8","","NA"
"2018-11-30 02:00","2018","11","30","02:00","-5.4","","-7.0","","88","","33","","14","","","","","M","","","-11","","NA"
"2018-11-30 03:00","2018","11","30","03:00","-5.8","","-7.3","","89","","33","","13","","","","","M","","","-11","","NA"
"2018-11-30 04:00","2018","11","30","04:00","-4.8","","-7.2","","84","","32","","17","","","","","M","","","-11","","NA"
"2018-11-30 05:00","2018","11","30","05:00","-4.7","","-7.2","","82","","33","","18","","","","","M","","","-11","","NA"
"2018-11-30 06:00","2018","11","30","06:00","-4.5","","-7.1","","82","","32","","16","","","","","M","","","-10","","NA"
"2018-11-30 07:00","2018","11","30","07:00","-5.3","","-7.7","","83","","34","","15","","","","","M","","","-11","","NA"
"2018-11-30 08:00","2018","11","30","08:00","-5.3","","-7.5","","84","","32","","2","","","","","M","","","-6","","NA"
"2018-11-30 09:00","2018","11","30","09:00","-3.9","","-7.0","","79","","34","","14","","","","","M","","","-9","","NA"
"2018-11-30 10:00","2018","11","30","10:00","-3.8","","-6.5","","81","","34","","2","","","","","M","","","-5","","NA"
"2018-11-30 11:00","2018","11","30","11:00","-0.4","","-5.7","","68","","36","","8","","","","","M","","","-3","","NA"
"2018-11-30 12:00","2018","11","30","12:00","0.4","","-5.1","","67","","1","","12","","","","","M","","","","","NA"
"2018-11-30 13:00","2018","11","30","13:00","0.6","","-4.9","","67","","36","","8","","","","","M","","","","","NA"
"2018-11-30 14:00","2018","11","30","14:00","1.1","","-5.1","","63","","34","","9","","","","","M","","","","","NA"
"2018-11-30 15:00","2018","11","30","15:00","0.2","","-4.3","","72","","1","","8","","","","","M","","","","","NA"
"2018-11-30 16:00","2018","11","30","16:00","-1.2","","-4.9","","76","","35","","12","","","","","M","","","-5","","NA"
"2018-11-30 17:00","2018","11","30","17:00","-3.6","","-6.0","","83","","1","","14","","","","","M","","","-9","","NA"
"2018-11-30 18:00","2018","11","30","18:00","-4.2","","-6.9","","81","","35","","14","","","","","M","","","-9","","NA"
"2018-11-30 19:00","2018","11","30","19:00","-5.0","","-7.1","","85","","34","","14","","","","","M","","","-10","","NA"
"2018-11-30 20:00","2018","11","30","20:00","-5.4","","-7.8","","83","","31","","13","","","","","M","","","-11","","NA"
"2018-11-30 21:00","2018","11","30","21:00","-6.4","","-8.3","","87","","33","","11","","","","","M","","","-11","","NA"
"2018-11-30 22:00","2018","11","30","22:00","-4.8","","-7.4","","82","","31","","12","","","","","M","","","-10","","NA"
"2018-11-30 23:00","2018","11","30","23:00","-4.4","","-7.1","","82","","31","","10","","","","","M","","","-9","","NA"
