"Station Name","MOSSLEIGH AGCM"
"Province","ALBERTA"
"Latitude","50.67"
"Longitude","-113.35"
"Elevation","965.00"
"Climate Identifier","3034577"
"WMO Identifier","71057"
"TC Identifier","PML"
"All times are specified in Local Standard Time (LST). Add 1 hour to adjust for Daylight Saving Time where and when it is observed."

"Legend"
"E","Estimated"
"M","Missing"
"NA","Not Available"

"Date/Time","Year","Month","Day","Time","Temp (°C)","Temp Flag","Dew Point Temp (°C)","Dew Point Temp Flag","Rel Hum (%)","Rel Hum Flag","Wind Dir (10s deg)","Wind Dir Flag","Wind Spd (km/h)","Wind Spd Flag","Visibility (km)","Visibility Flag","Stn Press (kPa)","Stn Press Flag","Hmdx","Hmdx Flag","Wind Chill","Wind Chill Flag","Weather"
"2012-10-01 00:00","2012","10","01","00:00","10.9","","4.2","","63","","","M","","M","","","","M","","","","","NA"
"2012-10-01 01:00","2012","10","01","01:00","10.3","","4.0","","65","","","M","","M","","","","M","","","","","NA"
"2012-10-01 02:00","2012","10","01","02:00","9.2","","3.9","","69","","","M","","M","","","","M","","","","","NA"
"2012-10-01 03:00","2012","10","01","03:00","2.6","","1.6","","93","","","M","","M","","","","M","","","","","NA"
"2012-10-01 04:00","2012","10","01","04:00","3.4","","2.3","","92","","","M","","M","","","","M","","","","","NA"
"2012-10-01 05:00","2012","10","01","05:00","2.2","","1.5","","95","","","M","","M","","","","M","","","","","NA"
"2012-10-01 06:00","2012","10","01","06:00","2.6","","1.1","","90","","","M","","M","","","","M","","","","","NA"
"2012-10-01 07:00","2012","10","01","07:00","8.3","","2.2","","65","","","M","","M","","","","M","","","","","NA"
"2012-10-01 08:00","2012","10","01","08:00","11.4","","2.4","","54","","","M","","M","","","","M","","","","","NA"
"2012-10-01 09:00","2012","10","01","09:00","15.2","","4.3","","48","","","M","","M","","","","M","","","","","NA"
"2012-10-01 10:00","2012","10","01","10:00","22.1","","2.9","","28","","","M","","M","","","","M","","","","","NA"
"2012-10-01 11:00","2012","10","01","11:00","22.7","","1.8","","25","","","M","","M","","","","M","","","","","NA"
"2012-10-01 12:00","2012","10","01","12:00","21.8","","1.6","","26","","","M","","M","","","","M","","","","","NA"
"2012-10-01 13:00","2012","10","01","13:00","21.2","","2.3","","29","","","M","","M","","","","M","","","","","NA"
"2012-10-01 14:00","2012","10","01","14:00","22.0","","2.5","","28","","","M","","M","","","","M","","","","","NA"
"2012-10-01 15:00","2012","10","01","15:00","22.5","","1.0","","24","","","M","","M","","","","M","","","","","NA"
"2012-10-01 16:00","2012","10","01","16:00","23.5","","0.3","","22","","","M","","M","","","","M","","","","","NA"
"2012-10-01 17:00","2012","10","01","17:00","22.7","","0.3","","23","","","M","","M","","","","M","","","","","NA"
"2012-10-01 18:00","2012","10","01","18:00","20.3","","-0.3","","25","","","M","","M","","","","M","","","","","NA"
"2012-10-01 19:00","2012","10","01","19:00","14.6","","0.3","","38","","","M","","M","","","","M","","","","","NA"
"2012-10-01 20:00","2012","10","01","20:00","12.3","","3.7","","56","","","M","","M","","","","M","","","","","NA"
"2012-10-01 21:00","2012","10","01","21:00","10.1","","4.8","","70","","","M","","M","","","","M","","","","","NA"
"2012-10-01 22:00","2012","10","01","22:00","7.0","","4.0","","81","","","M","","M","","","","M","","","","","NA"
"2012-10-01 23:00","2012","10","01","23:00","7.4","","4.7","","83","","","M","","M","","","","M","","","","","NA"
"2012-10-02 00:00","2012","10","02","00:00","8.6","","5.1","","79","","","M","","M","","","","M","","","","","NA"
"2012-10-02 01:00","2012","10","02","01:00","8.9","","5.3","","78","","","M","","M","","","","M","","","","","NA"
"2012-10-02 02:00","2012","10","02","02:00","7.7","","6.7","","93","","","M","","M","","","","M","","","","","NA"
"2012-10-02 03:00","2012","10","02","03:00","8.4","","7.2","","92","","","M","","M","","","","M","","","","","NA"
"2012-10-02 04:00","2012","10","02","04:00","7.6","","6.6","","93","","","M","","M","","","","M","","","","","NA"
"2012-10-02 05:00","2012","10","02","05:00","5.6","","5.3","","98","","","M","","M","","","","M","","","","","NA"
"2012-10-02 06:00","2012","10","02","06:00","4.6","","4.3","","98","","","M","","M","","","","M","","","","","NA"
"2012-10-02 07:00","2012","10","02","07:00","6.2","","5.9","","98","","","M","","M","","","","M","","","","","NA"
"2012-10-02 08:00","2012","10","02","08:00","6.8","","6.5","","98","","","M","","M","","","","M","","","","","NA"
"2012-10-02 09:00","2012","10","02","09:00","8.4","","5.2","","80","","","M","","M","","","","M","","","","","NA"
"2012-10-02 10:00","2012","10","02","10:00","8.1","","4.5","","78","","","M","","M","","","","M","","","","","NA"
"2012-10-02 11:00","2012","10","02","11:00","7.4","","4.2","","80","","","M","","M","","","","M","","","","","NA"
"2012-10-02 12:00","2012","10","02","12:00","8.1","","3.7","","74","","","M","","M","","","","M","","","","","NA"
"2012-10-02 13:00","2012","10","02","13:00","7.8","","3.3","","73","","","M","","M","","","","M","","","","","NA"
"2012-10-02 14:00","2012","10","02","14:00","7.8","","3.0","","72","","","M","","M","","","","M","","","","","NA"
"2012-10-02 15:00","2012","10","02","15:00","6.9","","2.7","","75","","","M","","M","","","","M","","","","","NA"
"2012-10-02 16:00","2012","10","02","16:00","5.6","","2.6","","81","","","M","","M","","","","M","","","","","NA"
"2012-10-02 17:00","2012","10","02","17:00","4.0","","3.1","","94","","","M","","M","","","","M","","","","","NA"
"2012-10-02 18:00","2012","10","02","18:00","4.2","","3.4","","95","","","M","","M","","","","M","","","","","NA"
"2012-10-02 19:00","2012","10","02","19:00","3.7","","2.6","","93","","","M","","M","","","","M","","","","","NA"
"2012-10-02 20:00","2012","10","02","20:00","3.1","","2.1","","93","","","M","","M","","","","M","","","","","NA"
"2012-10-02 21:00","2012","10","02","21:00","2.5","","1.8","","95","","","M","","M","","","","M","","","","","NA"
"2012-10-02 22:00","2012","10","02","22:00","1.4","","1.1","","98","","","M","","M","","","","M","","","","","NA"
"2012-10-02 23:00","2012","10","02","23:00","2.1","","1.6","","96","","","M","","M","","","","M","","","","","NA"
"2012-10-03 00:00","2012","10","03","00:00","2.0","","1.4","","96","","","M","","M","","","","M","","","","","NA"
"2012-10-03 01:00","2012","10","03","01:00","2.1","","1.4","","95","","","M","","M","","","","M","","","","","NA"
"2012-10-03 02:00","2012","10","03","02:00","1.9","","1.1","","94","","","M","","M","","","","M","","","","","NA"
"2012-10-03 03:00","2012","10","03","03:00","2.1","","1.4","","95","","","M","","M","","","","M","","","","","NA"
"2012-10-03 04:00","2012","10","03","04:00","1.2","","0.7","","96","","","M","","M","","","","M","","","","","NA"
"2012-10-03 05:00","2012","10","03","05:00","1.3","","0.8","","96","","","M","","M","","","","M","","","","","NA"
"2012-10-03 06:00","2012","10","03","06:00","1.4","","0.5","","94","","","M","","M","","","","M","","","","","NA"
"2012-10-03 07:00","2012","10","03","07:00","1.2","","0.3","","94","","","M","","M","","","","M","","","","","NA"
"2012-10-03 08:00","2012","10","03","08:00","1.1","","0.0","","92","","","M","","M","","","","M","","","","","NA"
"2012-10-03 09:00","2012","10","03","09:00","1.4","","0.2","","92","","","M","","M","","","","M","","","","","NA"
"2012-10-03 10:00","2012","10","03","10:00","2.3","","0.3","","87","","","M","","M","","","","M","","","","","NA"
"2012-10-03 11:00","2012","10","03","11:00","2.4","","0.2","","85","","","M","","M","","","","M","","","","","NA"
"2012-10-03 12:00","2012","10","03","12:00","2.9","","0.1","","82","","","M","","M","","","","M","","","","","NA"
"2012-10-03 13:00","2012","10","03","13:00","3.1","","-0.2","","79","","","M","","M","","","","M","","","","","NA"
"2012-10-03 14:00","2012","10","03","14:00","2.6","","0.4","","85","","","M","","M","","","","M","","","","","NA"
"2012-10-03 15:00","2012","10","03","15:00","3.2","","0.3","","81","","","M","","M","","","","M","","","","","NA"
"2012-10-03 16:00","2012","10","03","16:00","4.1","","-0.3","","73","","","M","","M","","","","M","","","","","NA"
"2012-10-03 17:00","2012","10","03","17:00","3.1","","1.0","","86","","","M","","M","","","","M","","","","","NA"
"2012-10-03 18:00","2012","10","03","18:00","1.4","","-0.7","","86","","","M","","M","","","","M","","","","","NA"
"2012-10-03 19:00","2012","10","03","19:00","-2.4","","-2.9","","96","","","M","","M","","","","M","","","","","NA"
"2012-10-03 20:00","2012","10","03","20:00","-3.8","","-4.2","","97","","","M","","M","","","","M","","","","","NA"
"2012-10-03 21:00","2012","10","03","21:00","-4.6","","-4.9","","98","","","M","","M","","","","M","","","","","NA"
"2012-10-03 22:00","2012","10","03","22:00","-6.3","","-6.7","","97","","","M","","M","","","","M","","","","","NA"
"2012-10-03 23:00","2012","10","03","23:00","-5.5","","-5.6","","99","","","M","","M","","","","M","","","","","NA"
"2012-10-04 00:00","2012","10","04","00:00","-6.9","","-7.5","","95","","","M","","M","","","","M","","","","","NA"
"2012-10-04 01:00","2012","10","04","01:00","-3.9","","-4.4","","96","","","M","","M","","","","M","","","","","NA"
"2012-10-04 02:00","2012","10","04","02:00","-5.1","","-5.6","","96","","","M","","M","","","","M","","","","","NA"
"2012-10-04 03:00","2012","10","04","03:00","-6.7","","-6.8","","99","","","M","","M","","","","M","","","","","NA"
"2012-10-04 04:00","2012","10","04","04:00","-5.3","","-5.5","","98","","","M","","M","","","","M","","","","","NA"
"2012-10-04 05:00","2012","10","04","05:00","-9.8","","-10.4","","95","","","M","","M","","","","M","","","","","NA"
"2012-10-04 06:00","2012","10","04","06:00","-10.4","","-11.2","","94","","","M","","M","","","","M","","","","","NA"
"2012-10-04 07:00","2012","10","04","07:00","-10.2","","-10.9","","95","","","M","","M","","","","M","","","","","NA"
"2012-10-04 08:00","2012","10","04","08:00","-6.7","","-7.7","","93","","","M","","M","","","","M","","","","","NA"
"2012-10-04 09:00","2012","10","04","09:00","-2.4","","-3.7","","91","","","M","","M","","","","M","","","","","NA"
"2012-10-04 10:00","2012","10","04","10:00","1.4","","-1.6","","80","","","M","","M","","","","M","","","","","NA"
"2012-10-04 11:00","2012","10","04","11:00","4.6","","-0.7","","68","","","M","","M","","","","M","","","","","NA"
"2012-10-04 12:00","2012","10","04","12:00","6.1","","-2.2","","55","","","M","","M","","","","M","","","","","NA"
"2012-10-04 13:00","2012","10","04","13:00","6.2","","-2.9","","52","","","M","","M","","","","M","","","","","NA"
"2012-10-04 14:00","2012","10","04","14:00","7.3","","-4.1","","44","","","M","","M","","","","M","","","","","NA"
"2012-10-04 15:00","2012","10","04","15:00","7.3","","-5.4","","40","","","M","","M","","","","M","","","","","NA"
"2012-10-04 16:00","2012","10","04","16:00","8.0","","-5.6","","38","","","M","","M","","","","M","","","","","NA"
"2012-10-04 17:00","2012","10","04","17:00","7.5","","-6.5","","36","","","M","","M","","","","M","","","","","NA"
"2012-10-04 18:00","2012","10","04","18:00","2.2","","-5.3","","58","","","M","","M","","","","M","","","","","NA"
"2012-10-04 19:00","2012","10","04","19:00","-1.4","","-4.6","","79","","","M","","M","","","","M","","","","","NA"
"2012-10-04 20:00","2012","10","04","20:00","1.6","","-3.7","","68","","","M","","M","","","","M","","","","","NA"
"2012-10-04 21:00","2012","10","04","21:00","-1.1","","-3.5","","84","","","M","","M","","","","M","","","","","NA"
"2012-10-04 22:00","2012","10","04","22:00","-3.9","","-5.3","","90","","","M","","M","","","","M","","","","","NA"
"2012-10-04 23:00","2012","10","04","23:00","-3.7","","-4.7","","93","","","M","","M","","","","M","","","","","NA"
"2012-10-05 00:00","2012","10","05","00:00","-3.3","","-4.2","","93","","","M","","M","","","","M","","","","","NA"
"2012-10-05 01:00","2012","10","05","01:00","-0.9","","-3.9","","80","","","M","","M","","","","M","","","","","NA"
"2012-10-05 02:00","2012","10","05","02:00","-1.9","","-3.6","","88","","","M","","M","","","","M","","","","","NA"
"2012-10-05 03:00","2012","10","05","03:00","-1.1","","-3.9","","81","","","M","","M","","","","M","","","","","NA"
"2012-10-05 04:00","2012","10","05","04:00","-1.1","","-3.4","","84","","","M","","M","","","","M","","","","","NA"
"2012-10-05 05:00","2012","10","05","05:00","-1.2","","-3.3","","86","","","M","","M","","","","M","","","","","NA"
"2012-10-05 06:00","2012","10","05","06:00","-1.8","","-3.0","","91","","","M","","M","","","","M","","","","","NA"
"2012-10-05 07:00","2012","10","05","07:00","0.2","","-2.3","","83","","","M","","M","","","","M","","","","","NA"
"2012-10-05 08:00","2012","10","05","08:00","0.7","","-1.5","","85","","","M","","M","","","","M","","","","","NA"
"2012-10-05 09:00","2012","10","05","09:00","1.8","","-1.2","","80","","","M","","M","","","","M","","","","","NA"
"2012-10-05 10:00","2012","10","05","10:00","4.4","","-1.3","","66","","","M","","M","","","","M","","","","","NA"
"2012-10-05 11:00","2012","10","05","11:00","5.2","","-1.8","","61","","","M","","M","","","","M","","","","","NA"
"2012-10-05 12:00","2012","10","05","12:00","6.2","","-3.2","","51","","","M","","M","","","","M","","","","","NA"
"2012-10-05 13:00","2012","10","05","13:00","6.4","","-5.0","","44","","","M","","M","","","","M","","","","","NA"
"2012-10-05 14:00","2012","10","05","14:00","7.3","","-5.7","","39","","","M","","M","","","","M","","","","","NA"
"2012-10-05 15:00","2012","10","05","15:00","6.3","","-4.7","","45","","","M","","M","","","","M","","","","","NA"
"2012-10-05 16:00","2012","10","05","16:00","7.7","","-6.2","","37","","","M","","M","","","","M","","","","","NA"
"2012-10-05 17:00","2012","10","05","17:00","7.1","","-6.1","","38","","","M","","M","","","","M","","","","","NA"
"2012-10-05 18:00","2012","10","05","18:00","1.7","","-4.7","","62","","","M","","M","","","","M","","","","","NA"
"2012-10-05 19:00","2012","10","05","19:00","1.8","","-4.9","","61","","","M","","M","","","","M","","","","","NA"
"2012-10-05 20:00","2012","10","05","20:00","1.3","","-5.8","","59","","","M","","M","","","","M","","","","","NA"
"2012-10-05 21:00","2012","10","05","21:00","2.0","","-4.5","","62","","","M","","M","","","","M","","","","","NA"
"2012-10-05 22:00","2012","10","05","22:00","2.6","","-4.6","","59","","","M","","M","","","","M","","","","","NA"
"2012-10-05 23:00","2012","10","05","23:00","2.4","","-4.7","","59","","","M","","M","","","","M","","","","","NA"
"2012-10-06 00:00","2012","10","06","00:00","2.8","","-4.7","","58","","","M","","M","","","","M","","","","","NA"
"2012-10-06 01:00","2012","10","06","01:00","0.2","","-3.7","","75","","","M","","M","","","","M","","","","","NA"
"2012-10-06 02:00","2012","10","06","02:00","0.7","","-3.5","","73","","","M","","M","","","","M","","","","","NA"
"2012-10-06 03:00","2012","10","06","03:00","0.9","","-2.9","","76","","","M","","M","","","","M","","","","","NA"
"2012-10-06 04:00","2012","10","06","04:00","1.8","","-2.4","","74","","","M","","M","","","","M","","","","","NA"
"2012-10-06 05:00","2012","10","06","05:00","4.1","","-1.8","","65","","","M","","M","","","","M","","","","","NA"
"2012-10-06 06:00","2012","10","06","06:00","5.8","","-0.5","","64","","","M","","M","","","","M","","","","","NA"
"2012-10-06 07:00","2012","10","06","07:00","6.4","","0.9","","68","","","M","","M","","","","M","","","","","NA"
"2012-10-06 08:00","2012","10","06","08:00","7.7","","2.3","","69","","","M","","M","","","","M","","","","","NA"
"2012-10-06 09:00","2012","10","06","09:00","9.3","","3.2","","66","","","M","","M","","","","M","","","","","NA"
"2012-10-06 10:00","2012","10","06","10:00","10.7","","3.5","","61","","","M","","M","","","","M","","","","","NA"
"2012-10-06 11:00","2012","10","06","11:00","12.3","","3.9","","56","","","M","","M","","","","M","","","","","NA"
"2012-10-06 12:00","2012","10","06","12:00","13.1","","3.2","","51","","","M","","M","","","","M","","","","","NA"
"2012-10-06 13:00","2012","10","06","13:00","14.1","","1.9","","44","","","M","","M","","","","M","","","","","NA"
"2012-10-06 14:00","2012","10","06","14:00","14.5","","1.6","","42","","","M","","M","","","","M","","","","","NA"
"2012-10-06 15:00","2012","10","06","15:00","14.2","","0.9","","40","","","M","","M","","","","M","","","","","NA"
"2012-10-06 16:00","2012","10","06","16:00","14.3","","0.3","","38","","","M","","M","","","","M","","","","","NA"
"2012-10-06 17:00","2012","10","06","17:00","13.0","","0.2","","41","","","M","","M","","","","M","","","","","NA"
"2012-10-06 18:00","2012","10","06","18:00","9.8","","0.0","","50","","","M","","M","","","","M","","","","","NA"
"2012-10-06 19:00","2012","10","06","19:00","4.4","","-0.3","","71","","","M","","M","","","","M","","","","","NA"
"2012-10-06 20:00","2012","10","06","20:00","2.3","","-1.5","","76","","","M","","M","","","","M","","","","","NA"
"2012-10-06 21:00","2012","10","06","21:00","1.8","","-0.3","","86","","","M","","M","","","","M","","","","","NA"
"2012-10-06 22:00","2012","10","06","22:00","1.7","","-0.2","","87","","","M","","M","","","","M","","","","","NA"
"2012-10-06 23:00","2012","10","06","23:00","2.5","","0.0","","84","","","M","","M","","","","M","","","","","NA"
"2012-10-07 00:00","2012","10","07","00:00","2.4","","0.2","","85","","","M","","M","","","","M","","","","","NA"
"2012-10-07 01:00","2012","10","07","01:00","2.4","","0.5","","87","","","M","","M","","","","M","","","","","NA"
"2012-10-07 02:00","2012","10","07","02:00","1.8","","0.3","","90","","","M","","M","","","","M","","","","","NA"
"2012-10-07 03:00","2012","10","07","03:00","2.3","","0.4","","87","","","M","","M","","","","M","","","","","NA"
"2012-10-07 04:00","2012","10","07","04:00"
"2012-10-07 05:00","2012","10","07","05:00","2.4","","-0.7","","80","","","M","","M","","","","M","","","","","NA"
"2012-10-07 06:00","2012","10","07","06:00","-3.5","","-4.4","","93","","","M","","M","","","","M","","","","","NA"
"2012-10-07 07:00","2012","10","07","07:00","4.9","","-0.9","","66","","","M","","M","","","","M","","","","","NA"
"2012-10-07 08:00","2012","10","07","08:00","8.2","","-0.5","","54","","","M","","M","","","","M","","","","","NA"
"2012-10-07 09:00","2012","10","07","09:00","10.5","","1.3","","53","","","M","","M","","","","M","","","","","NA"
"2012-10-07 10:00","2012","10","07","10:00","15.7","","0.2","","35","","","M","","M","","","","M","","","","","NA"
"2012-10-07 11:00","2012","10","07","11:00","17.7","","0.4","","31","","","M","","M","","","","M","","","","","NA"
"2012-10-07 12:00","2012","10","07","12:00","17.9","","-0.4","","29","","","M","","M","","","","M","","","","","NA"
"2012-10-07 13:00","2012","10","07","13:00","19.7","","-0.1","","26","","","M","","M","","","","M","","","","","NA"
"2012-10-07 14:00","2012","10","07","14:00","20.2","","-0.3","","25","","","M","","M","","","","M","","","","","NA"
"2012-10-07 15:00","2012","10","07","15:00","19.0","","0.0","","28","","","M","","M","","","","M","","","","","NA"
"2012-10-07 16:00","2012","10","07","16:00","17.5","","-0.2","","30","","","M","","M","","","","M","","","","","NA"
"2012-10-07 17:00","2012","10","07","17:00","16.2","","1.0","","36","","","M","","M","","","","M","","","","","NA"
"2012-10-07 18:00","2012","10","07","18:00","14.6","","2.1","","43","","","M","","M","","","","M","","","","","NA"
"2012-10-07 19:00","2012","10","07","19:00","13.5","","2.7","","48","","","M","","M","","","","M","","","","","NA"
"2012-10-07 20:00","2012","10","07","20:00","11.8","","2.7","","54","","","M","","M","","","","M","","","","","NA"
"2012-10-07 21:00","2012","10","07","21:00","11.3","","3.0","","57","","","M","","M","","","","M","","","","","NA"
"2012-10-07 22:00","2012","10","07","22:00","11.7","","2.8","","54","","","M","","M","","","","M","","","","","NA"
"2012-10-07 23:00","2012","10","07","23:00","11.1","","3.8","","61","","","M","","M","","","","M","","","","","NA"
"2012-10-08 00:00","2012","10","08","00:00","8.8","","5.7","","81","","","M","","M","","","","M","","","","","NA"
"2012-10-08 01:00","2012","10","08","01:00","8.2","","5.2","","81","","","M","","M","","","","M","","","","","NA"
"2012-10-08 02:00","2012","10","08","02:00","7.0","","5.4","","90","","","M","","M","","","","M","","","","","NA"
"2012-10-08 03:00","2012","10","08","03:00","6.2","","5.5","","95","","","M","","M","","","","M","","","","","NA"
"2012-10-08 04:00","2012","10","08","04:00","6.5","","5.5","","93","","","M","","M","","","","M","","","","","NA"
"2012-10-08 05:00","2012","10","08","05:00","6.2","","5.2","","93","","","M","","M","","","","M","","","","","NA"
"2012-10-08 06:00","2012","10","08","06:00","5.7","","4.9","","95","","","M","","M","","","","M","","","","","NA"
"2012-10-08 07:00","2012","10","08","07:00","4.8","","3.4","","91","","","M","","M","","","","M","","","","","NA"
"2012-10-08 08:00","2012","10","08","08:00","4.4","","3.0","","91","","","M","","M","","","","M","","","","","NA"
"2012-10-08 09:00","2012","10","08","09:00","4.8","","3.1","","89","","","M","","M","","","","M","","","","","NA"
"2012-10-08 10:00","2012","10","08","10:00","5.0","","2.9","","86","","","M","","M","","","","M","","","","","NA"
"2012-10-08 11:00","2012","10","08","11:00","5.4","","2.6","","82","","","M","","M","","","","M","","","","","NA"
"2012-10-08 12:00","2012","10","08","12:00"
"2012-10-08 13:00","2012","10","08","13:00"
"2012-10-08 14:00","2012","10","08","14:00","6.7","","0.8","","66","","","M","","M","","","","M","","","","","NA"
"2012-10-08 15:00","2012","10","08","15:00"
"2012-10-08 16:00","2012","10","08","16:00","7.2","","0.0","","60","","","M","","M","","","","M","","","","","NA"
"2012-10-08 17:00","2012","10","08","17:00","5.4","","2.6","","82","","","M","","M","","","","M","","","","","NA"
"2012-10-08 18:00","2012","10","08","18:00","3.8","","1.7","","86","","","M","","M","","","","M","","","","","NA"
"2012-10-08 19:00","2012","10","08","19:00","2.8","","1.7","","92","","","M","","M","","","","M","","","","","NA"
"2012-10-08 20:00","2012","10","08","20:00","3.3","","1.4","","87","","","M","","M","","","","M","","","","","NA"
"2012-10-08 21:00","2012","10","08","21:00","2.8","","1.0","","88","","","M","","M","","","","M","","","","","NA"
"2012-10-08 22:00","2012","10","08","22:00","3.5","","2.0","","90","","","M","","M","","","","M","","","","","NA"
"2012-10-08 23:00","2012","10","08","23:00","3.3","","1.9","","91","","","M","","M","","","","M","","","","","NA"
"2012-10-09 00:00","2012","10","09","00:00","3.5","","1.9","","89","","","M","","M","","","","M","","","","","NA"
"2012-10-09 01:00","2012","10","09","01:00","3.1","","1.6","","90","","","M","","M","","","","M","","","","","NA"
"2012-10-09 02:00","2012","10","09","02:00","2.6","","1.5","","92","","","M","","M","","","","M","","","","","NA"
"2012-10-09 03:00","2012","10","09","03:00","1.9","","1.3","","96","","","M","","M","","","","M","","","","","NA"
"2012-10-09 04:00","2012","10","09","04:00","1.9","","0.9","","93","","","M","","M","","","","M","","","","","NA"
"2012-10-09 05:00","2012","10","09","05:00","1.4","","0.7","","95","","","M","","M","","","","M","","","","","NA"
"2012-10-09 06:00","2012","10","09","06:00","1.2","","0.5","","95","","","M","","M","","","","M","","","","","NA"
"2012-10-09 07:00","2012","10","09","07:00"
"2012-10-09 08:00","2012","10","09","08:00","2.4","","1.7","","95","","","M","","M","","","","M","","","","","NA"
"2012-10-09 09:00","2012","10","09","09:00","3.8","","2.1","","89","","","M","","M","","","","M","","","","","NA"
"2012-10-09 10:00","2012","10","09","10:00"
"2012-10-09 11:00","2012","10","09","11:00","6.2","","3.4","","82","","","M","","M","","","","M","","","","","NA"
"2012-10-09 12:00","2012","10","09","12:00","8.9","","3.9","","71","","","M","","M","","","","M","","","","","NA"
"2012-10-09 13:00","2012","10","09","13:00","10.3","","2.8","","60","","","M","","M","","","","M","","","","","NA"
"2012-10-09 14:00","2012","10","09","14:00","12.1","","2.8","","53","","","M","","M","","","","M","","","","","NA"
"2012-10-09 15:00","2012","10","09","15:00","14.8","","2.5","","43","","","M","","M","","","","M","","","","","NA"
"2012-10-09 16:00","2012","10","09","16:00","15.9","","0.9","","36","","","M","","M","","","","M","","","","","NA"
"2012-10-09 17:00","2012","10","09","17:00","15.1","","-1.2","","33","","","M","","M","","","","M","","","","","NA"
"2012-10-09 18:00","2012","10","09","18:00","8.1","","0.3","","58","","","M","","M","","","","M","","","","","NA"
"2012-10-09 19:00","2012","10","09","19:00","8.1","","1.1","","61","","","M","","M","","","","M","","","","","NA"
"2012-10-09 20:00","2012","10","09","20:00","6.8","","1.0","","66","","","M","","M","","","","M","","","","","NA"
"2012-10-09 21:00","2012","10","09","21:00","5.7","","0.7","","70","","","M","","M","","","","M","","","","","NA"
"2012-10-09 22:00","2012","10","09","22:00","5.3","","0.5","","71","","","M","","M","","","","M","","","","","NA"
"2012-10-09 23:00","2012","10","09","23:00"
"2012-10-10 00:00","2012","10","10","00:00","6.2","","0.5","","67","","","M","","M","","","","M","","","","","NA"
"2012-10-10 01:00","2012","10","10","01:00","7.1","","0.7","","64","","","M","","M","","","","M","","","","","NA"
"2012-10-10 02:00","2012","10","10","02:00","7.9","","1.0","","62","","","M","","M","","","","M","","","","","NA"
"2012-10-10 03:00","2012","10","10","03:00","7.8","","0.1","","58","","","M","","M","","","","M","","","","","NA"
"2012-10-10 04:00","2012","10","10","04:00","5.1","","1.5","","78","","","M","","M","","","","M","","","","","NA"
"2012-10-10 05:00","2012","10","10","05:00","2.7","","1.6","","92","","","M","","M","","","","M","","","","","NA"
"2012-10-10 06:00","2012","10","10","06:00","4.5","","3.5","","93","","","M","","M","","","","M","","","","","NA"
"2012-10-10 07:00","2012","10","10","07:00","5.0","","3.6","","91","","","M","","M","","","","M","","","","","NA"
"2012-10-10 08:00","2012","10","10","08:00","5.0","","3.1","","87","","","M","","M","","","","M","","","","","NA"
"2012-10-10 09:00","2012","10","10","09:00","5.4","","3.2","","86","","","M","","M","","","","M","","","","","NA"
"2012-10-10 10:00","2012","10","10","10:00","4.9","","2.9","","87","","","M","","M","","","","M","","","","","NA"
"2012-10-10 11:00","2012","10","10","11:00","3.2","","2.0","","92","","","M","","M","","","","M","","","","","NA"
"2012-10-10 12:00","2012","10","10","12:00","2.1","","0.6","","90","","","M","","M","","","","M","","","","","NA"
"2012-10-10 13:00","2012","10","10","13:00","1.4","","0.5","","94","","","M","","M","","","","M","","","","","NA"
"2012-10-10 14:00","2012","10","10","14:00","0.8","","0.0","","94","","","M","","M","","","","M","","","","","NA"
"2012-10-10 15:00","2012","10","10","15:00"
"2012-10-10 16:00","2012","10","10","16:00","-0.2","","-0.9","","95","","","M","","M","","","","M","","","","","NA"
"2012-10-10 17:00","2012","10","10","17:00","-0.4","","-1.4","","93","","","M","","M","","","","M","","","","","NA"
"2012-10-10 18:00","2012","10","10","18:00","-0.9","","-1.5","","96","","","M","","M","","","","M","","","","","NA"
"2012-10-10 19:00","2012","10","10","19:00","-1.5","","-2.2","","95","","","M","","M","","","","M","","","","","NA"
"2012-10-10 20:00","2012","10","10","20:00","-1.8","","-2.0","","99","","","M","","M","","","","M","","","","","NA"
"2012-10-10 21:00","2012","10","10","21:00","-1.9","","-1.9","","100","","","M","","M","","","","M","","","","","NA"
"2012-10-10 22:00","2012","10","10","22:00","-2.2","","-2.3","","99","","","M","","M","","","","M","","","","","NA"
"2012-10-10 23:00","2012","10","10","23:00","-2.1","","-2.2","","99","","","M","","M","","","","M","","","","","NA"
"2012-10-11 00:00","2012","10","11","00:00","-2.5","","-2.7","","99","","","M","","M","","","","M","","","","","NA"
"2012-10-11 01:00","2012","10","11","01:00","-2.7","","-2.8","","99","","","M","","M","","","","M","","","","","NA"
"2012-10-11 02:00","2012","10","11","02:00","-2.8","","-2.9","","99","","","M","","M","","","","M","","","","","NA"
"2012-10-11 03:00","2012","10","11","03:00","-2.9","","-3.7","","94","","","M","","M","","","","M","","","","","NA"
"2012-10-11 04:00","2012","10","11","04:00","-2.7","","-3.4","","95","","","M","","M","","","","M","","","","","NA"
"2012-10-11 05:00","2012","10","11","05:00","-2.7","","-3.5","","94","","","M","","M","","","","M","","","","","NA"
"2012-10-11 06:00","2012","10","11","06:00","-2.8","","-3.2","","97","","","M","","M","","","","M","","","","","NA"
"2012-10-11 07:00","2012","10","11","07:00"
"2012-10-11 08:00","2012","10","11","08:00","-2.2","","-2.2","","100","","","M","","M","","","","M","","","","","NA"
"2012-10-11 09:00","2012","10","11","09:00","-1.2","","-2.7","","90","","","M","","M","","","","M","","","","","NA"
"2012-10-11 10:00","2012","10","11","10:00","-0.4","","-2.3","","87","","","M","","M","","","","M","","","","","NA"
"2012-10-11 11:00","2012","10","11","11:00","1.0","","-1.8","","82","","","M","","M","","","","M","","","","","NA"
"2012-10-11 12:00","2012","10","11","12:00","1.5","","-1.0","","83","","","M","","M","","","","M","","","","","NA"
"2012-10-11 13:00","2012","10","11","13:00","2.1","","-0.3","","84","","","M","","M","","","","M","","","","","NA"
"2012-10-11 14:00","2012","10","11","14:00","3.5","","0.2","","79","","","M","","M","","","","M","","","","","NA"
"2012-10-11 15:00","2012","10","11","15:00","4.0","","0.7","","79","","","M","","M","","","","M","","","","","NA"
"2012-10-11 16:00","2012","10","11","16:00","5.5","","0.8","","72","","","M","","M","","","","M","","","","","NA"
"2012-10-11 17:00","2012","10","11","17:00","4.2","","0.9","","79","","","M","","M","","","","M","","","","","NA"
"2012-10-11 18:00","2012","10","11","18:00","3.0","","0.6","","84","","","M","","M","","","","M","","","","","NA"
"2012-10-11 19:00","2012","10","11","19:00","2.6","","0.7","","87","","","M","","M","","","","M","","","","","NA"
"2012-10-11 20:00","2012","10","11","20:00","2.8","","1.1","","89","","","M","","M","","","","M","","","","","NA"
"2012-10-11 21:00","2012","10","11","21:00","3.1","","1.4","","89","","","M","","M","","","","M","","","","","NA"
"2012-10-11 22:00","2012","10","11","22:00","2.4","","0.8","","89","","","M","","M","","","","M","","","","","NA"
"2012-10-11 23:00","2012","10","11","23:00"
"2012-10-12 00:00","2012","10","12","00:00","1.8","","1.3","","96","","","M","","M","","","","M","","","","","NA"
"2012-10-12 01:00","2012","10","12","01:00","1.7","","1.2","","96","","","M","","M","","","","M","","","","","NA"
"2012-10-12 02:00","2012","10","12","02:00","2.2","","1.6","","96","","","M","","M","","","","M","","","","","NA"
"2012-10-12 03:00","2012","10","12","03:00","2.8","","1.9","","94","","","M","","M","","","","M","","","","","NA"
"2012-10-12 04:00","2012","10","12","04:00","2.2","","1.5","","95","","","M","","M","","","","M","","","","","NA"
"2012-10-12 05:00","2012","10","12","05:00","3.0","","1.8","","92","","","M","","M","","","","M","","","","","NA"
"2012-10-12 06:00","2012","10","12","06:00","2.4","","1.5","","94","","","M","","M","","","","M","","","","","NA"
"2012-10-12 07:00","2012","10","12","07:00","2.2","","1.5","","95","","","M","","M","","","","M","","","","","NA"
"2012-10-12 08:00","2012","10","12","08:00","2.6","","1.6","","93","","","M","","M","","","","M","","","","","NA"
"2012-10-12 09:00","2012","10","12","09:00","4.4","","2.7","","89","","","M","","M","","","","M","","","","","NA"
"2012-10-12 10:00","2012","10","12","10:00","4.4","","3.5","","94","","","M","","M","","","","M","","","","","NA"
"2012-10-12 11:00","2012","10","12","11:00","8.2","","3.8","","74","","","M","","M","","","","M","","","","","NA"
"2012-10-12 12:00","2012","10","12","12:00","13.3","","2.7","","49","","","M","","M","","","","M","","","","","NA"
"2012-10-12 13:00","2012","10","12","13:00","17.2","","1.2","","34","","","M","","M","","","","M","","","","","NA"
"2012-10-12 14:00","2012","10","12","14:00","19.3","","-1.4","","25","","","M","","M","","","","M","","","","","NA"
"2012-10-12 15:00","2012","10","12","15:00"
"2012-10-12 16:00","2012","10","12","16:00","17.4","","0.5","","32","","","M","","M","","","","M","","","","","NA"
"2012-10-12 17:00","2012","10","12","17:00","10.4","","6.0","","74","","","M","","M","","","","M","","","","","NA"
"2012-10-12 18:00","2012","10","12","18:00","6.2","","3.9","","85","","","M","","M","","","","M","","","","","NA"
"2012-10-12 19:00","2012","10","12","19:00","4.0","","3.1","","94","","","M","","M","","","","M","","","","","NA"
"2012-10-12 20:00","2012","10","12","20:00","1.9","","1.5","","97","","","M","","M","","","","M","","","","","NA"
"2012-10-12 21:00","2012","10","12","21:00","1.3","","1.1","","99","","","M","","M","","","","M","","","","","NA"
"2012-10-12 22:00","2012","10","12","22:00","1.9","","1.9","","100","","","M","","M","","","","M","","","","","NA"
"2012-10-12 23:00","2012","10","12","23:00","1.2","","1.0","","99","","","M","","M","","","","M","","","","","NA"
"2012-10-13 00:00","2012","10","13","00:00","0.8","","0.7","","99","","","M","","M","","","","M","","","","","NA"
"2012-10-13 01:00","2012","10","13","01:00","0.2","","0.2","","100","","","M","","M","","","","M","","","","","NA"
"2012-10-13 02:00","2012","10","13","02:00","1.3","","1.3","","100","","","M","","M","","","","M","","","","","NA"
"2012-10-13 03:00","2012","10","13","03:00","2.5","","2.3","","99","","","M","","M","","","","M","","","","","NA"
"2012-10-13 04:00","2012","10","13","04:00","2.6","","2.3","","98","","","M","","M","","","","M","","","","","NA"
"2012-10-13 05:00","2012","10","13","05:00","3.0","","2.7","","98","","","M","","M","","","","M","","","","","NA"
"2012-10-13 06:00","2012","10","13","06:00","1.0","","1.0","","100","","","M","","M","","","","M","","","","","NA"
"2012-10-13 07:00","2012","10","13","07:00","3.0","","1.9","","92","","","M","","M","","","","M","","","","","NA"
"2012-10-13 08:00","2012","10","13","08:00","6.4","","3.4","","81","","","M","","M","","","","M","","","","","NA"
"2012-10-13 09:00","2012","10","13","09:00","8.6","","3.5","","70","","","M","","M","","","","M","","","","","NA"
"2012-10-13 10:00","2012","10","13","10:00","9.9","","4.6","","70","","","M","","M","","","","M","","","","","NA"
"2012-10-13 11:00","2012","10","13","11:00","15.0","","4.4","","49","","","M","","M","","","","M","","","","","NA"
"2012-10-13 12:00","2012","10","13","12:00","18.8","","-0.5","","27","","","M","","M","","","","M","","","","","NA"
"2012-10-13 13:00","2012","10","13","13:00","18.8","","-0.9","","26","","","M","","M","","","","M","","","","","NA"
"2012-10-13 14:00","2012","10","13","14:00","19.3","","-0.9","","26","","","M","","M","","","","M","","","","","NA"
"2012-10-13 15:00","2012","10","13","15:00","18.5","","-0.7","","27","","","M","","M","","","","M","","","","","NA"
"2012-10-13 16:00","2012","10","13","16:00","18.0","","-1.0","","28","","","M","","M","","","","M","","","","","NA"
"2012-10-13 17:00","2012","10","13","17:00","14.9","","-1.8","","32","","","M","","M","","","","M","","","","","NA"
"2012-10-13 18:00","2012","10","13","18:00","12.7","","0.1","","42","","","M","","M","","","","M","","","","","NA"
"2012-10-13 19:00","2012","10","13","19:00","11.8","","0.8","","47","","","M","","M","","","","M","","","","","NA"
"2012-10-13 20:00","2012","10","13","20:00","9.4","","0.7","","55","","","M","","M","","","","M","","","","","NA"
"2012-10-13 21:00","2012","10","13","21:00","10.4","","0.9","","52","","","M","","M","","","","M","","","","","NA"
"2012-10-13 22:00","2012","10","13","22:00","10.7","","0.2","","48","","","M","","M","","","","M","","","","","NA"
"2012-10-13 23:00","2012","10","13","23:00","5.6","","-0.3","","66","","","M","","M","","","","M","","","","","NA"
"2012-10-14 00:00","2012","10","14","00:00","5.2","","-0.2","","68","","","M","","M","","","","M","","","","","NA"
"2012-10-14 01:00","2012","10","14","01:00","4.6","","0.2","","73","","","M","","M","","","","M","","","","","NA"
"2012-10-14 02:00","2012","10","14","02:00","5.9","","0.8","","70","","","M","","M","","","","M","","","","","NA"
"2012-10-14 03:00","2012","10","14","03:00","1.6","","-0.3","","87","","","M","","M","","","","M","","","","","NA"
"2012-10-14 04:00","2012","10","14","04:00","3.2","","1.0","","85","","","M","","M","","","","M","","","","","NA"
"2012-10-14 05:00","2012","10","14","05:00","2.8","","1.1","","89","","","M","","M","","","","M","","","","","NA"
"2012-10-14 06:00","2012","10","14","06:00","2.5","","1.1","","90","","","M","","M","","","","M","","","","","NA"
"2012-10-14 07:00","2012","10","14","07:00","5.6","","2.8","","82","","","M","","M","","","","M","","","","","NA"
"2012-10-14 08:00","2012","10","14","08:00","11.1","","4.1","","62","","","M","","M","","","","M","","","","","NA"
"2012-10-14 09:00","2012","10","14","09:00","11.4","","4.9","","64","","","M","","M","","","","M","","","","","NA"
"2012-10-14 10:00","2012","10","14","10:00","12.6","","5.5","","62","","","M","","M","","","","M","","","","","NA"
"2012-10-14 11:00","2012","10","14","11:00","14.0","","5.6","","57","","","M","","M","","","","M","","","","","NA"
"2012-10-14 12:00","2012","10","14","12:00","15.1","","5.6","","53","","","M","","M","","","","M","","","","","NA"
"2012-10-14 13:00","2012","10","14","13:00","16.6","","5.2","","47","","","M","","M","","","","M","","","","","NA"
"2012-10-14 14:00","2012","10","14","14:00","17.1","","4.8","","44","","","M","","M","","","","M","","","","","NA"
"2012-10-14 15:00","2012","10","14","15:00","19.2","","3.6","","36","","","M","","M","","","","M","","","","","NA"
"2012-10-14 16:00","2012","10","14","16:00","19.0","","2.5","","33","","","M","","M","","","","M","","","","","NA"
"2012-10-14 17:00","2012","10","14","17:00","18.4","","3.2","","36","","","M","","M","","","","M","","","","","NA"
"2012-10-14 18:00","2012","10","14","18:00","15.5","","3.2","","44","","","M","","M","","","","M","","","","","NA"
"2012-10-14 19:00","2012","10","14","19:00"
"2012-10-14 20:00","2012","10","14","20:00","13.7","","3.0","","48","","","M","","M","","","","M","","","","","NA"
"2012-10-14 21:00","2012","10","14","21:00","14.5","","2.9","","46","","","M","","M","","","","M","","","","","NA"
"2012-10-14 22:00","2012","10","14","22:00","13.5","","2.9","","49","","","M","","M","","","","M","","","","","NA"
"2012-10-14 23:00","2012","10","14","23:00","12.4","","3.0","","53","","","M","","M","","","","M","","","","","NA"
"2012-10-15 00:00","2012","10","15","00:00","12.0","","3.4","","56","","","M","","M","","","","M","","","","","NA"
"2012-10-15 01:00","2012","10","15","01:00","11.4","","3.1","","57","","","M","","M","","","","M","","","","","NA"
"2012-10-15 02:00","2012","10","15","02:00","11.2","","2.7","","56","","","M","","M","","","","M","","","","","NA"
"2012-10-15 03:00","2012","10","15","03:00","11.0","","2.3","","55","","","M","","M","","","","M","","","","","NA"
"2012-10-15 04:00","2012","10","15","04:00","9.7","","2.1","","59","","","M","","M","","","","M","","","","","NA"
"2012-10-15 05:00","2012","10","15","05:00","5.7","","2.1","","78","","","M","","M","","","","M","","","","","NA"
"2012-10-15 06:00","2012","10","15","06:00","7.6","","2.8","","72","","","M","","M","","","","M","","","","","NA"
"2012-10-15 07:00","2012","10","15","07:00","8.4","","2.8","","68","","","M","","M","","","","M","","","","","NA"
"2012-10-15 08:00","2012","10","15","08:00","10.3","","3.0","","61","","","M","","M","","","","M","","","","","NA"
"2012-10-15 09:00","2012","10","15","09:00","11.1","","3.0","","57","","","M","","M","","","","M","","","","","NA"
"2012-10-15 10:00","2012","10","15","10:00","12.4","","3.0","","53","","","M","","M","","","","M","","","","","NA"
"2012-10-15 11:00","2012","10","15","11:00","14.1","","2.2","","45","","","M","","M","","","","M","","","","","NA"
"2012-10-15 12:00","2012","10","15","12:00","17.3","","2.3","","37","","","M","","M","","","","M","","","","","NA"
"2012-10-15 13:00","2012","10","15","13:00","19.0","","0.1","","28","","","M","","M","","","","M","","","","","NA"
"2012-10-15 14:00","2012","10","15","14:00","19.5","","-0.2","","27","","","M","","M","","","","M","","","","","NA"
"2012-10-15 15:00","2012","10","15","15:00","19.3","","-0.7","","26","","","M","","M","","","","M","","","","","NA"
"2012-10-15 16:00","2012","10","15","16:00","18.9","","-1.5","","25","","","M","","M","","","","M","","","","","NA"
"2012-10-15 17:00","2012","10","15","17:00","16.4","","-1.3","","30","","","M","","M","","","","M","","","","","NA"
"2012-10-15 18:00","2012","10","15","18:00","11.7","","-1.3","","40","","","M","","M","","","","M","","","","","NA"
"2012-10-15 19:00","2012","10","15","19:00","10.7","","0.2","","48","","","M","","M","","","","M","","","","","NA"
"2012-10-15 20:00","2012","10","15","20:00","11.2","","1.1","","50","","","M","","M","","","","M","","","","","NA"
"2012-10-15 21:00","2012","10","15","21:00","11.7","","1.2","","48","","","M","","M","","","","M","","","","","NA"
"2012-10-15 22:00","2012","10","15","22:00","12.7","","0.7","","44","","","M","","M","","","","M","","","","","NA"
"2012-10-15 23:00","2012","10","15","23:00","12.8","","0.8","","44","","","M","","M","","","","M","","","","","NA"
"2012-10-16 00:00","2012","10","16","00:00","12.3","","2.1","","50","","","M","","M","","","","M","","","","","NA"
"2012-10-16 01:00","2012","10","16","01:00","12.3","","2.7","","52","","","M","","M","","","","M","","","","","NA"
"2012-10-16 02:00","2012","10","16","02:00","11.2","","3.0","","57","","","M","","M","","","","M","","","","","NA"
"2012-10-16 03:00","2012","10","16","03:00","10.8","","3.2","","59","","","M","","M","","","","M","","","","","NA"
"2012-10-16 04:00","2012","10","16","04:00","11.1","","3.7","","60","","","M","","M","","","","M","","","","","NA"
"2012-10-16 05:00","2012","10","16","05:00","9.1","","3.8","","69","","","M","","M","","","","M","","","","","NA"
"2012-10-16 06:00","2012","10","16","06:00","10.9","","4.9","","66","","","M","","M","","","","M","","","","","NA"
"2012-10-16 07:00","2012","10","16","07:00","11.4","","3.9","","60","","","M","","M","","","","M","","","","","NA"
"2012-10-16 08:00","2012","10","16","08:00","10.5","","3.6","","62","","","M","","M","","","","M","","","","","NA"
"2012-10-16 09:00","2012","10","16","09:00","10.4","","3.6","","63","","","M","","M","","","","M","","","","","NA"
"2012-10-16 10:00","2012","10","16","10:00","11.1","","2.9","","57","","","M","","M","","","","M","","","","","NA"
"2012-10-16 11:00","2012","10","16","11:00","11.1","","3.5","","59","","","M","","M","","","","M","","","","","NA"
"2012-10-16 12:00","2012","10","16","12:00","12.2","","3.2","","54","","","M","","M","","","","M","","","","","NA"
"2012-10-16 13:00","2012","10","16","13:00","10.1","","5.0","","71","","","M","","M","","","","M","","","","","NA"
"2012-10-16 14:00","2012","10","16","14:00","9.3","","5.6","","78","","","M","","M","","","","M","","","","","NA"
"2012-10-16 15:00","2012","10","16","15:00","4.1","","2.9","","92","","","M","","M","","","","M","","","","","NA"
"2012-10-16 16:00","2012","10","16","16:00","4.5","","2.8","","89","","","M","","M","","","","M","","","","","NA"
"2012-10-16 17:00","2012","10","16","17:00","5.0","","2.8","","86","","","M","","M","","","","M","","","","","NA"
"2012-10-16 18:00","2012","10","16","18:00","4.4","","2.7","","89","","","M","","M","","","","M","","","","","NA"
"2012-10-16 19:00","2012","10","16","19:00","3.6","","2.7","","94","","","M","","M","","","","M","","","","","NA"
"2012-10-16 20:00","2012","10","16","20:00","3.9","","1.8","","86","","","M","","M","","","","M","","","","","NA"
"2012-10-16 21:00","2012","10","16","21:00","3.3","","1.4","","87","","","M","","M","","","","M","","","","","NA"
"2012-10-16 22:00","2012","10","16","22:00","0.9","","-0.9","","88","","","M","","M","","","","M","","","","","NA"
"2012-10-16 23:00","2012","10","16","23:00","-0.4","","-3.4","","80","","","M","","M","","","","M","","","","","NA"
"2012-10-17 00:00","2012","10","17","00:00","-1.7","","-5.1","","78","","","M","","M","","","","M","","","","","NA"
"2012-10-17 01:00","2012","10","17","01:00","-1.6","","-5.4","","75","","","M","","M","","","","M","","","","","NA"
"2012-10-17 02:00","2012","10","17","02:00","-1.9","","-5.4","","77","","","M","","M","","","","M","","","","","NA"
"2012-10-17 03:00","2012","10","17","03:00","-1.7","","-4.8","","79","","","M","","M","","","","M","","","","","NA"
"2012-10-17 04:00","2012","10","17","04:00","1.0","","-6.1","","59","","","M","","M","","","","M","","","","","NA"
"2012-10-17 05:00","2012","10","17","05:00","-2.3","","-7.1","","70","","","M","","M","","","","M","","","","","NA"
"2012-10-17 06:00","2012","10","17","06:00","-3.0","","-7.6","","71","","","M","","M","","","","M","","","","","NA"
"2012-10-17 07:00","2012","10","17","07:00","-1.9","","-7.1","","68","","","M","","M","","","","M","","","","","NA"
"2012-10-17 08:00","2012","10","17","08:00","-0.7","","-6.5","","65","","","M","","M","","","","M","","","","","NA"
"2012-10-17 09:00","2012","10","17","09:00","2.6","","-4.5","","59","","","M","","M","","","","M","","","","","NA"
"2012-10-17 10:00","2012","10","17","10:00","5.2","","-4.1","","51","","","M","","M","","","","M","","","","","NA"
"2012-10-17 11:00","2012","10","17","11:00","7.9","","-4.6","","41","","","M","","M","","","","M","","","","","NA"
"2012-10-17 12:00","2012","10","17","12:00","8.8","","-9.7","","26","","","M","","M","","","","M","","","","","NA"
"2012-10-17 13:00","2012","10","17","13:00","9.1","","-10.2","","24","","","M","","M","","","","M","","","","","NA"
"2012-10-17 14:00","2012","10","17","14:00","9.7","","-10.6","","23","","","M","","M","","","","M","","","","","NA"
"2012-10-17 15:00","2012","10","17","15:00","9.6","","-12.8","","19","","","M","","M","","","","M","","","","","NA"
"2012-10-17 16:00","2012","10","17","16:00","9.1","","-12.4","","20","","","M","","M","","","","M","","","","","NA"
"2012-10-17 17:00","2012","10","17","17:00","6.8","","-11.4","","26","","","M","","M","","","","M","","","","","NA"
"2012-10-17 18:00","2012","10","17","18:00","0.3","","-10.1","","45","","","M","","M","","","","M","","","","","NA"
"2012-10-17 19:00","2012","10","17","19:00","-3.6","","-9.3","","65","","","M","","M","","","","M","","","","","NA"
"2012-10-17 20:00","2012","10","17","20:00","-2.6","","-9.8","","58","","","M","","M","","","","M","","","","","NA"
"2012-10-17 21:00","2012","10","17","21:00","-2.3","","-9.1","","60","","","M","","M","","","","M","","","","","NA"
"2012-10-17 22:00","2012","10","17","22:00","-2.2","","-9.8","","56","","","M","","M","","","","M","","","","","NA"
"2012-10-17 23:00","2012","10","17","23:00","-3.8","","-10.0","","62","","","M","","M","","","","M","","","","","NA"
"2012-10-18 00:00","2012","10","18","00:00","-9.2","","-11.1","","86","","","M","","M","","","","M","","","","","NA"
"2012-10-18 01:00","2012","10","18","01:00","-8.9","","-11.0","","85","","","M","","M","","","","M","","","","","NA"
"2012-10-18 02:00","2012","10","18","02:00","-8.4","","-10.4","","85","","","M","","M","","","","M","","","","","NA"
"2012-10-18 03:00","2012","10","18","03:00","-8.9","","-10.2","","90","","","M","","M","","","","M","","","","","NA"
"2012-10-18 04:00","2012","10","18","04:00","-7.4","","-8.9","","89","","","M","","M","","","","M","","","","","NA"
"2012-10-18 05:00","2012","10","18","05:00","-6.8","","-8.3","","89","","","M","","M","","","","M","","","","","NA"
"2012-10-18 06:00","2012","10","18","06:00","-2.7","","-8.3","","65","","","M","","M","","","","M","","","","","NA"
"2012-10-18 07:00","2012","10","18","07:00","-4.0","","-7.6","","76","","","M","","M","","","","M","","","","","NA"
"2012-10-18 08:00","2012","10","18","08:00","-3.7","","-6.7","","80","","","M","","M","","","","M","","","","","NA"
"2012-10-18 09:00","2012","10","18","09:00","1.8","","-4.4","","63","","","M","","M","","","","M","","","","","NA"
"2012-10-18 10:00","2012","10","18","10:00","4.9","","-3.9","","53","","","M","","M","","","","M","","","","","NA"
"2012-10-18 11:00","2012","10","18","11:00","9.0","","-4.8","","37","","","M","","M","","","","M","","","","","NA"
"2012-10-18 12:00","2012","10","18","12:00","12.7","","-5.1","","29","","","M","","M","","","","M","","","","","NA"
"2012-10-18 13:00","2012","10","18","13:00","14.1","","-4.7","","27","","","M","","M","","","","M","","","","","NA"
"2012-10-18 14:00","2012","10","18","14:00","15.6","","-4.1","","25","","","M","","M","","","","M","","","","","NA"
"2012-10-18 15:00","2012","10","18","15:00","16.3","","-3.3","","26","","","M","","M","","","","M","","","","","NA"
"2012-10-18 16:00","2012","10","18","16:00","15.3","","-3.4","","27","","","M","","M","","","","M","","","","","NA"
"2012-10-18 17:00","2012","10","18","17:00","10.9","","-2.0","","40","","","M","","M","","","","M","","","","","NA"
"2012-10-18 18:00","2012","10","18","18:00","10.3","","-0.8","","46","","","M","","M","","","","M","","","","","NA"
"2012-10-18 19:00","2012","10","18","19:00","9.7","","0.5","","53","","","M","","M","","","","M","","","","","NA"
"2012-10-18 20:00","2012","10","18","20:00","9.0","","0.4","","55","","","M","","M","","","","M","","","","","NA"
"2012-10-18 21:00","2012","10","18","21:00","10.0","","-0.1","","49","","","M","","M","","","","M","","","","","NA"
"2012-10-18 22:00","2012","10","18","22:00","9.4","","-0.5","","50","","","M","","M","","","","M","","","","","NA"
"2012-10-18 23:00","2012","10","18","23:00","9.5","","-0.5","","50","","","M","","M","","","","M","","","","","NA"
"2012-10-19 00:00","2012","10","19","00:00","9.1","","-0.2","","52","","","M","","M","","","","M","","","","","NA"
"2012-10-19 01:00","2012","10","19","01:00","8.7","","0.0","","54","","","M","","M","","","","M","","","","","NA"
"2012-10-19 02:00","2012","10","19","02:00","9.6","","0.1","","51","","","M","","M","","","","M","","","","","NA"
"2012-10-19 03:00","2012","10","19","03:00","10.4","","0.0","","48","","","M","","M","","","","M","","","","","NA"
"2012-10-19 04:00","2012","10","19","04:00","11.1","","0.0","","46","","","M","","M","","","","M","","","","","NA"
"2012-10-19 05:00","2012","10","19","05:00","10.7","","0.3","","49","","","M","","M","","","","M","","","","","NA"
"2012-10-19 06:00","2012","10","19","06:00","11.1","","1.1","","50","","","M","","M","","","","M","","","","","NA"
"2012-10-19 07:00","2012","10","19","07:00","9.1","","0.8","","56","","","M","","M","","","","M","","","","","NA"
"2012-10-19 08:00","2012","10","19","08:00","10.1","","1.1","","54","","","M","","M","","","","M","","","","","NA"
"2012-10-19 09:00","2012","10","19","09:00","12.8","","1.2","","45","","","M","","M","","","","M","","","","","NA"
"2012-10-19 10:00","2012","10","19","10:00","14.6","","0.1","","37","","","M","","M","","","","M","","","","","NA"
"2012-10-19 11:00","2012","10","19","11:00","16.7","","-0.8","","30","","","M","","M","","","","M","","","","","NA"
"2012-10-19 12:00","2012","10","19","12:00","16.9","","-0.7","","30","","","M","","M","","","","M","","","","","NA"
"2012-10-19 13:00","2012","10","19","13:00","16.4","","-0.6","","31","","","M","","M","","","","M","","","","","NA"
"2012-10-19 14:00","2012","10","19","14:00","15.9","","-0.1","","34","","","M","","M","","","","M","","","","","NA"
"2012-10-19 15:00","2012","10","19","15:00","16.4","","-1.5","","29","","","M","","M","","","","M","","","","","NA"
"2012-10-19 16:00","2012","10","19","16:00","16.8","","-1.8","","28","","","M","","M","","","","M","","","","","NA"
"2012-10-19 17:00","2012","10","19","17:00","13.1","","-1.2","","37","","","M","","M","","","","M","","","","","NA"
"2012-10-19 18:00","2012","10","19","18:00","9.2","","0.1","","53","","","M","","M","","","","M","","","","","NA"
"2012-10-19 19:00","2012","10","19","19:00","9.5","","0.6","","54","","","M","","M","","","","M","","","","","NA"
"2012-10-19 20:00","2012","10","19","20:00","9.7","","0.3","","52","","","M","","M","","","","M","","","","","NA"
"2012-10-19 21:00","2012","10","19","21:00","9.0","","0.5","","55","","","M","","M","","","","M","","","","","NA"
"2012-10-19 22:00","2012","10","19","22:00","8.7","","0.5","","56","","","M","","M","","","","M","","","","","NA"
"2012-10-19 23:00","2012","10","19","23:00","9.0","","0.9","","57","","","M","","M","","","","M","","","","","NA"
"2012-10-20 00:00","2012","10","20","00:00","8.8","","2.1","","63","","","M","","M","","","","M","","","","","NA"
"2012-10-20 01:00","2012","10","20","01:00","7.1","","1.8","","69","","","M","","M","","","","M","","","","","NA"
"2012-10-20 02:00","2012","10","20","02:00","5.4","","1.3","","75","","","M","","M","","","","M","","","","","NA"
"2012-10-20 03:00","2012","10","20","03:00","4.9","","2.5","","84","","","M","","M","","","","M","","","","","NA"
"2012-10-20 04:00","2012","10","20","04:00","2.5","","1.9","","96","","","M","","M","","","","M","","","","","NA"
"2012-10-20 05:00","2012","10","20","05:00","0.8","","0.5","","98","","","M","","M","","","","M","","","","","NA"
"2012-10-20 06:00","2012","10","20","06:00","0.4","","0.4","","100","","","M","","M","","","","M","","","","","NA"
"2012-10-20 07:00","2012","10","20","07:00","0.9","","0.9","","100","","","M","","M","","","","M","","","","","NA"
"2012-10-20 08:00","2012","10","20","08:00","1.6","","1.3","","98","","","M","","M","","","","M","","","","","NA"
"2012-10-20 09:00","2012","10","20","09:00","1.6","","1.4","","99","","","M","","M","","","","M","","","","","NA"
"2012-10-20 10:00","2012","10","20","10:00","1.9","","1.4","","96","","","M","","M","","","","M","","","","","NA"
"2012-10-20 11:00","2012","10","20","11:00","2.0","","1.3","","95","","","M","","M","","","","M","","","","","NA"
"2012-10-20 12:00","2012","10","20","12:00","0.7","","0.0","","95","","","M","","M","","","","M","","","","","NA"
"2012-10-20 13:00","2012","10","20","13:00","0.0","","-0.2","","99","","","M","","M","","","","M","","","","","NA"
"2012-10-20 14:00","2012","10","20","14:00","0.3","","-0.2","","96","","","M","","M","","","","M","","","","","NA"
"2012-10-20 15:00","2012","10","20","15:00","0.2","","-1.3","","90","","","M","","M","","","","M","","","","","NA"
"2012-10-20 16:00","2012","10","20","16:00","0.4","","-1.5","","87","","","M","","M","","","","M","","","","","NA"
"2012-10-20 17:00","2012","10","20","17:00","-0.8","","-1.8","","93","","","M","","M","","","","M","","","","","NA"
"2012-10-20 18:00","2012","10","20","18:00","-0.8","","-2.1","","91","","","M","","M","","","","M","","","","","NA"
"2012-10-20 19:00","2012","10","20","19:00","-1.5","","-4.2","","82","","","M","","M","","","","M","","","","","NA"
"2012-10-20 20:00","2012","10","20","20:00","-1.7","","-4.2","","83","","","M","","M","","","","M","","","","","NA"
"2012-10-20 21:00","2012","10","20","21:00","-1.9","","-3.7","","87","","","M","","M","","","","M","","","","","NA"
"2012-10-20 22:00","2012","10","20","22:00","-1.9","","-3.6","","88","","","M","","M","","","","M","","","","","NA"
"2012-10-20 23:00","2012","10","20","23:00","-2.1","","-3.5","","90","","","M","","M","","","","M","","","","","NA"
"2012-10-21 00:00","2012","10","21","00:00","-2.0","","-3.5","","89","","","M","","M","","","","M","","","","","NA"
"2012-10-21 01:00","2012","10","21","01:00","-2.2","","-3.6","","90","","","M","","M","","","","M","","","","","NA"
"2012-10-21 02:00","2012","10","21","02:00","-2.5","","-3.7","","91","","","M","","M","","","","M","","","","","NA"
"2012-10-21 03:00","2012","10","21","03:00","-2.7","","-4.0","","91","","","M","","M","","","","M","","","","","NA"
"2012-10-21 04:00","2012","10","21","04:00","-2.7","","-3.9","","91","","","M","","M","","","","M","","","","","NA"
"2012-10-21 05:00","2012","10","21","05:00","-3.3","","-4.7","","90","","","M","","M","","","","M","","","","","NA"
"2012-10-21 06:00","2012","10","21","06:00","-3.5","","-4.8","","91","","","M","","M","","","","M","","","","","NA"
"2012-10-21 07:00","2012","10","21","07:00","-3.5","","-5.5","","86","","","M","","M","","","","M","","","","","NA"
"2012-10-21 08:00","2012","10","21","08:00","-3.4","","-5.5","","85","","","M","","M","","","","M","","","","","NA"
"2012-10-21 09:00","2012","10","21","09:00","-2.9","","-6.0","","79","","","M","","M","","","","M","","","","","NA"
"2012-10-21 10:00","2012","10","21","10:00","-3.0","","-5.4","","83","","","M","","M","","","","M","","","","","NA"
"2012-10-21 11:00","2012","10","21","11:00","-2.8","","-6.0","","79","","","M","","M","","","","M","","","","","NA"
"2012-10-21 12:00","2012","10","21","12:00","-2.7","","-5.6","","80","","","M","","M","","","","M","","","","","NA"
"2012-10-21 13:00","2012","10","21","13:00","-2.5","","-5.2","","82","","","M","","M","","","","M","","","","","NA"
"2012-10-21 14:00","2012","10","21","14:00","-2.2","","-5.3","","79","","","M","","M","","","","M","","","","","NA"
"2012-10-21 15:00","2012","10","21","15:00","-2.1","","-5.1","","80","","","M","","M","","","","M","","","","","NA"
"2012-10-21 16:00","2012","10","21","16:00","-1.9","","-4.9","","80","","","M","","M","","","","M","","","","","NA"
"2012-10-21 17:00","2012","10","21","17:00","-1.9","","-4.5","","82","","","M","","M","","","","M","","","","","NA"
"2012-10-21 18:00","2012","10","21","18:00","-2.0","","-4.6","","82","","","M","","M","","","","M","","","","","NA"
"2012-10-21 19:00","2012","10","21","19:00","-2.0","","-4.3","","84","","","M","","M","","","","M","","","","","NA"
"2012-10-21 20:00","2012","10","21","20:00","-2.0","","-4.3","","84","","","M","","M","","","","M","","","","","NA"
"2012-10-21 21:00","2012","10","21","21:00","-2.2","","-4.2","","86","","","M","","M","","","","M","","","","","NA"
"2012-10-21 22:00","2012","10","21","22:00","-2.6","","-3.6","","93","","","M","","M","","","","M","","","","","NA"
"2012-10-21 23:00","2012","10","21","23:00","-2.9","","-3.2","","98","","","M","","M","","","","M","","","","","NA"
"2012-10-22 00:00","2012","10","22","00:00","-3.2","","-3.4","","99","","","M","","M","","","","M","","","","","NA"
"2012-10-22 01:00","2012","10","22","01:00","-3.3","","-3.4","","99","","","M","","M","","","","M","","","","","NA"
"2012-10-22 02:00","2012","10","22","02:00","-3.7","","-3.8","","99","","","M","","M","","","","M","","","","","NA"
"2012-10-22 03:00","2012","10","22","03:00","-3.8","","-3.9","","99","","","M","","M","","","","M","","","","","NA"
"2012-10-22 04:00","2012","10","22","04:00","-4.1","","-4.2","","99","","","M","","M","","","","M","","","","","NA"
"2012-10-22 05:00","2012","10","22","05:00","-4.5","","-4.6","","99","","","M","","M","","","","M","","","","","NA"
"2012-10-22 06:00","2012","10","22","06:00","-4.5","","-4.6","","99","","","M","","M","","","","M","","","","","NA"
"2012-10-22 07:00","2012","10","22","07:00","-4.6","","-4.8","","99","","","M","","M","","","","M","","","","","NA"
"2012-10-22 08:00","2012","10","22","08:00","-4.6","","-4.8","","99","","","M","","M","","","","M","","","","","NA"
"2012-10-22 09:00","2012","10","22","09:00","-4.6","","-4.9","","98","","","M","","M","","","","M","","","","","NA"
"2012-10-22 10:00","2012","10","22","10:00","-4.4","","-4.7","","98","","","M","","M","","","","M","","","","","NA"
"2012-10-22 11:00","2012","10","22","11:00","-4.1","","-5.1","","93","","","M","","M","","","","M","","","","","NA"
"2012-10-22 12:00","2012","10","22","12:00","-3.8","","-5.0","","91","","","M","","M","","","","M","","","","","NA"
"2012-10-22 13:00","2012","10","22","13:00","-3.5","","-5.1","","89","","","M","","M","","","","M","","","","","NA"
"2012-10-22 14:00","2012","10","22","14:00","-3.5","","-5.0","","89","","","M","","M","","","","M","","","","","NA"
"2012-10-22 15:00","2012","10","22","15:00","-3.6","","-5.2","","89","","","M","","M","","","","M","","","","","NA"
"2012-10-22 16:00","2012","10","22","16:00","-3.7","","-5.3","","89","","","M","","M","","","","M","","","","","NA"
"2012-10-22 17:00","2012","10","22","17:00","-4.1","","-5.2","","92","","","M","","M","","","","M","","","","","NA"
"2012-10-22 18:00","2012","10","22","18:00","-4.2","","-5.3","","92","","","M","","M","","","","M","","","","","NA"
"2012-10-22 19:00","2012","10","22","19:00","-4.1","","-5.3","","91","","","M","","M","","","","M","","","","","NA"
"2012-10-22 20:00","2012","10","22","20:00","-4.1","","-4.8","","95","","","M","","M","","","","M","","","","","NA"
"2012-10-22 21:00","2012","10","22","21:00","-4.2","","-4.6","","97","","","M","","M","","","","M","","","","","NA"
"2012-10-22 22:00","2012","10","22","22:00","-4.8","","-5.3","","96","","","M","","M","","","","M","","","","","NA"
"2012-10-22 23:00","2012","10","22","23:00","-5.5","","-5.9","","97","","","M","","M","","","","M","","","","","NA"
"2012-10-23 00:00","2012","10","23","00:00","-5.4","","-5.8","","97","","","M","","M","","","","M","","","","","NA"
"2012-10-23 01:00","2012","10","23","01:00","-5.4","","-5.8","","97","","","M","","M","","","","M","","","","","NA"
"2012-10-23 02:00","2012","10","23","02:00","-5.6","","-6.0","","97","","","M","","M","","","","M","","","","","NA"
"2012-10-23 03:00","2012","10","23","03:00","-5.5","","-5.9","","97","","","M","","M","","","","M","","","","","NA"
"2012-10-23 04:00","2012","10","23","04:00","-5.6","","-6.1","","96","","","M","","M","","","","M","","","","","NA"
"2012-10-23 05:00","2012","10","23","05:00","-5.7","","-6.2","","96","","","M","","M","","","","M","","","","","NA"
"2012-10-23 06:00","2012","10","23","06:00","-6.0","","-6.5","","96","","","M","","M","","","","M","","","","","NA"
"2012-10-23 07:00","2012","10","23","07:00","-6.0","","-6.5","","96","","","M","","M","","","","M","","","","","NA"
"2012-10-23 08:00","2012","10","23","08:00","-6.1","","-6.7","","96","","","M","","M","","","","M","","","","","NA"
"2012-10-23 09:00","2012","10","23","09:00","-6.4","","-7.2","","94","","","M","","M","","","","M","","","","","NA"
"2012-10-23 10:00","2012","10","23","10:00","-6.3","","-7.3","","93","","","M","","M","","","","M","","","","","NA"
"2012-10-23 11:00","2012","10","23","11:00","-6.1","","-7.3","","91","","","M","","M","","","","M","","","","","NA"
"2012-10-23 12:00","2012","10","23","12:00","-5.9","","-7.2","","91","","","M","","M","","","","M","","","","","NA"
"2012-10-23 13:00","2012","10","23","13:00","-5.9","","-7.3","","90","","","M","","M","","","","M","","","","","NA"
"2012-10-23 14:00","2012","10","23","14:00","-5.8","","-7.4","","88","","","M","","M","","","","M","","","","","NA"
"2012-10-23 15:00","2012","10","23","15:00","-5.9","","-7.5","","88","","","M","","M","","","","M","","","","","NA"
"2012-10-23 16:00","2012","10","23","16:00","-6.0","","-7.7","","88","","","M","","M","","","","M","","","","","NA"
"2012-10-23 17:00","2012","10","23","17:00","-6.4","","-8.2","","87","","","M","","M","","","","M","","","","","NA"
"2012-10-23 18:00","2012","10","23","18:00","-6.4","","-8.4","","86","","","M","","M","","","","M","","","","","NA"
"2012-10-23 19:00","2012","10","23","19:00","-6.5","","-8.0","","89","","","M","","M","","","","M","","","","","NA"
"2012-10-23 20:00","2012","10","23","20:00","-6.7","","-7.8","","92","","","M","","M","","","","M","","","","","NA"
"2012-10-23 21:00","2012","10","23","21:00","-6.6","","-7.6","","93","","","M","","M","","","","M","","","","","NA"
"2012-10-23 22:00","2012","10","23","22:00","-6.7","","-7.6","","93","","","M","","M","","","","M","","","","","NA"
"2012-10-23 23:00","2012","10","23","23:00","-6.9","","-7.9","","93","","","M","","M","","","","M","","","","","NA"
"2012-10-24 00:00","2012","10","24","00:00","-7.0","","-8.2","","91","","","M","","M","","","","M","","","","","NA"
"2012-10-24 01:00","2012","10","24","01:00","-6.9","","-8.1","","91","","","M","","M","","","","M","","","","","NA"
"2012-10-24 02:00","2012","10","24","02:00","-6.7","","-7.8","","92","","","M","","M","","","","M","","","","","NA"
"2012-10-24 03:00","2012","10","24","03:00","-6.6","","-7.7","","92","","","M","","M","","","","M","","","","","NA"
"2012-10-24 04:00","2012","10","24","04:00","-7.4","","-8.6","","91","","","M","","M","","","","M","","","","","NA"
"2012-10-24 05:00","2012","10","24","05:00","-8.9","","-10.2","","90","","","M","","M","","","","M","","","","","NA"
"2012-10-24 06:00","2012","10","24","06:00","-6.7","","-8.4","","88","","","M","","M","","","","M","","","","","NA"
"2012-10-24 07:00","2012","10","24","07:00","-6.4","","-8.2","","87","","","M","","M","","","","M","","","","","NA"
"2012-10-24 08:00","2012","10","24","08:00","-6.3","","-7.8","","89","","","M","","M","","","","M","","","","","NA"
"2012-10-24 09:00","2012","10","24","09:00","-5.5","","-7.8","","84","","","M","","M","","","","M","","","","","NA"
"2012-10-24 10:00","2012","10","24","10:00","-5.0","","-7.7","","81","","","M","","M","","","","M","","","","","NA"
"2012-10-24 11:00","2012","10","24","11:00","-4.6","","-7.9","","78","","","M","","M","","","","M","","","","","NA"
"2012-10-24 12:00","2012","10","24","12:00","-4.3","","-7.7","","77","","","M","","M","","","","M","","","","","NA"
"2012-10-24 13:00","2012","10","24","13:00","-4.1","","-7.6","","77","","","M","","M","","","","M","","","","","NA"
"2012-10-24 14:00","2012","10","24","14:00","-4.2","","-7.3","","79","","","M","","M","","","","M","","","","","NA"
"2012-10-24 15:00","2012","10","24","15:00","-4.4","","-7.4","","80","","","M","","M","","","","M","","","","","NA"
"2012-10-24 16:00","2012","10","24","16:00","-4.5","","-7.3","","81","","","M","","M","","","","M","","","","","NA"
"2012-10-24 17:00","2012","10","24","17:00","-4.7","","-7.3","","82","","","M","","M","","","","M","","","","","NA"
"2012-10-24 18:00","2012","10","24","18:00","-4.8","","-7.0","","85","","","M","","M","","","","M","","","","","NA"
"2012-10-24 19:00","2012","10","24","19:00","-5.0","","-6.8","","87","","","M","","M","","","","M","","","","","NA"
"2012-10-24 20:00","2012","10","24","20:00","-4.8","","-7.2","","83","","","M","","M","","","","M","","","","","NA"
"2012-10-24 21:00","2012","10","24","21:00","-4.8","","-7.5","","81","","","M","","M","","","","M","","","","","NA"
"2012-10-24 22:00","2012","10","24","22:00","-4.9","","-7.5","","82","","","M","","M","","","","M","","","","","NA"
"2012-10-24 23:00","2012","10","24","23:00","-5.0","","-7.3","","84","","","M","","M","","","","M","","","","","NA"
"2012-10-25 00:00","2012","10","25","00:00","-4.9","","-7.5","","82","","","M","","M","","","","M","","","","","NA"
"2012-10-25 01:00","2012","10","25","01:00","-5.4","","-7.4","","86","","","M","","M","","","","M","","","","","NA"
"2012-10-25 02:00","2012","10","25","02:00","-5.5","","-7.5","","86","","","M","","M","","","","M","","","","","NA"
"2012-10-25 03:00","2012","10","25","03:00","-5.3","","-7.5","","84","","","M","","M","","","","M","","","","","NA"
"2012-10-25 04:00","2012","10","25","04:00","-5.2","","-7.7","","83","","","M","","M","","","","M","","","","","NA"
"2012-10-25 05:00","2012","10","25","05:00","-5.7","","-7.2","","89","","","M","","M","","","","M","","","","","NA"
"2012-10-25 06:00","2012","10","25","06:00","-5.8","","-7.0","","91","","","M","","M","","","","M","","","","","NA"
"2012-10-25 07:00","2012","10","25","07:00","-6.0","","-7.1","","92","","","M","","M","","","","M","","","","","NA"
"2012-10-25 08:00","2012","10","25","08:00","-5.4","","-7.0","","88","","","M","","M","","","","M","","","","","NA"
"2012-10-25 09:00","2012","10","25","09:00","-4.9","","-7.1","","85","","","M","","M","","","","M","","","","","NA"
"2012-10-25 10:00","2012","10","25","10:00","-4.5","","-7.0","","83","","","M","","M","","","","M","","","","","NA"
"2012-10-25 11:00","2012","10","25","11:00","-4.0","","-7.2","","78","","","M","","M","","","","M","","","","","NA"
"2012-10-25 12:00","2012","10","25","12:00","-3.4","","-7.5","","73","","","M","","M","","","","M","","","","","NA"
"2012-10-25 13:00","2012","10","25","13:00","-3.2","","-7.4","","73","","","M","","M","","","","M","","","","","NA"
"2012-10-25 14:00","2012","10","25","14:00","-3.1","","-7.8","","70","","","M","","M","","","","M","","","","","NA"
"2012-10-25 15:00","2012","10","25","15:00","-3.7","","-7.0","","78","","","M","","M","","","","M","","","","","NA"
"2012-10-25 16:00","2012","10","25","16:00","-4.1","","-6.7","","82","","","M","","M","","","","M","","","","","NA"
"2012-10-25 17:00","2012","10","25","17:00","-4.9","","-7.2","","84","","","M","","M","","","","M","","","","","NA"
"2012-10-25 18:00","2012","10","25","18:00","-6.2","","-8.3","","85","","","M","","M","","","","M","","","","","NA"
"2012-10-25 19:00","2012","10","25","19:00","-6.4","","-8.1","","88","","","M","","M","","","","M","","","","","NA"
"2012-10-25 20:00","2012","10","25","20:00","-6.8","","-8.3","","89","","","M","","M","","","","M","","","","","NA"
"2012-10-25 21:00","2012","10","25","21:00","-6.4","","-9.3","","80","","","M","","M","","","","M","","","","","NA"
"2012-10-25 22:00","2012","10","25","22:00","-7.0","","-8.5","","89","","","M","","M","","","","M","","","","","NA"
"2012-10-25 23:00","2012","10","25","23:00","-7.0","","-8.4","","90","","","M","","M","","","","M","","","","","NA"
"2012-10-26 00:00","2012","10","26","00:00","-5.6","","-8.2","","82","","","M","","M","","","","M","","","","","NA"
"2012-10-26 01:00","2012","10","26","01:00","-5.7","","-7.8","","85","","","M","","M","","","","M","","","","","NA"
"2012-10-26 02:00","2012","10","26","02:00","-5.9","","-8.2","","84","","","M","","M","","","","M","","","","","NA"
"2012-10-26 03:00","2012","10","26","03:00","-6.3","","-8.4","","85","","","M","","M","","","","M","","","","","NA"
"2012-10-26 04:00","2012","10","26","04:00","-6.9","","-8.8","","86","","","M","","M","","","","M","","","","","NA"
"2012-10-26 05:00","2012","10","26","05:00","-6.9","","-8.9","","86","","","M","","M","","","","M","","","","","NA"
"2012-10-26 06:00","2012","10","26","06:00","-7.1","","-9.6","","82","","","M","","M","","","","M","","","","","NA"
"2012-10-26 07:00","2012","10","26","07:00","-7.4","","-9.5","","85","","","M","","M","","","","M","","","","","NA"
"2012-10-26 08:00","2012","10","26","08:00","-6.2","","-9.4","","78","","","M","","M","","","","M","","","","","NA"
"2012-10-26 09:00","2012","10","26","09:00","-7.2","","-8.7","","89","","","M","","M","","","","M","","","","","NA"
"2012-10-26 10:00","2012","10","26","10:00","-6.0","","-8.9","","80","","","M","","M","","","","M","","","","","NA"
"2012-10-26 11:00","2012","10","26","11:00","-5.4","","-8.5","","79","","","M","","M","","","","M","","","","","NA"
"2012-10-26 12:00","2012","10","26","12:00","-5.2","","-8.6","","77","","","M","","M","","","","M","","","","","NA"
"2012-10-26 13:00","2012","10","26","13:00","-5.3","","-7.8","","83","","","M","","M","","","","M","","","","","NA"
"2012-10-26 14:00","2012","10","26","14:00","-5.1","","-7.7","","82","","","M","","M","","","","M","","","","","NA"
"2012-10-26 15:00","2012","10","26","15:00","-5.4","","-8.0","","82","","","M","","M","","","","M","","","","","NA"
"2012-10-26 16:00","2012","10","26","16:00","-5.6","","-8.3","","81","","","M","","M","","","","M","","","","","NA"
"2012-10-26 17:00","2012","10","26","17:00","-5.8","","-8.2","","83","","","M","","M","","","","M","","","","","NA"
"2012-10-26 18:00","2012","10","26","18:00","-6.4","","-8.3","","86","","","M","","M","","","","M","","","","","NA"
"2012-10-26 19:00","2012","10","26","19:00","-6.8","","-8.3","","89","","","M","","M","","","","M","","","","","NA"
"2012-10-26 20:00","2012","10","26","20:00","-6.9","","-8.2","","90","","","M","","M","","","","M","","","","","NA"
"2012-10-26 21:00","2012","10","26","21:00","-6.8","","-8.6","","87","","","M","","M","","","","M","","","","","NA"
"2012-10-26 22:00","2012","10","26","22:00","-7.0","","-8.8","","87","","","M","","M","","","","M","","","","","NA"
"2012-10-26 23:00","2012","10","26","23:00","-7.3","","-8.7","","90","","","M","","M","","","","M","","","","","NA"
"2012-10-27 00:00","2012","10","27","00:00","-7.3","","-8.0","","95","","","M","","M","","","","M","","","","","NA"
"2012-10-27 01:00","2012","10","27","01:00","-7.4","","-8.2","","94","","","M","","M","","","","M","","","","","NA"
"2012-10-27 02:00","2012","10","27","02:00","-7.6","","-8.3","","95","","","M","","M","","","","M","","","","","NA"
"2012-10-27 03:00","2012","10","27","03:00","-7.7","","-8.5","","94","","","M","","M","","","","M","","","","","NA"
"2012-10-27 04:00","2012","10","27","04:00","-7.8","","-8.9","","92","","","M","","M","","","","M","","","","","NA"
"2012-10-27 05:00","2012","10","27","05:00","-7.9","","-9.1","","91","","","M","","M","","","","M","","","","","NA"
"2012-10-27 06:00","2012","10","27","06:00","-7.9","","-8.8","","93","","","M","","M","","","","M","","","","","NA"
"2012-10-27 07:00","2012","10","27","07:00","-7.7","","-8.5","","94","","","M","","M","","","","M","","","","","NA"
"2012-10-27 08:00","2012","10","27","08:00","-7.5","","-8.6","","92","","","M","","M","","","","M","","","","","NA"
"2012-10-27 09:00","2012","10","27","09:00","-7.2","","-8.8","","88","","","M","","M","","","","M","","","","","NA"
"2012-10-27 10:00","2012","10","27","10:00","-6.9","","-8.6","","88","","","M","","M","","","","M","","","","","NA"
"2012-10-27 11:00","2012","10","27","11:00","-6.7","","-8.3","","88","","","M","","M","","","","M","","","","","NA"
"2012-10-27 12:00","2012","10","27","12:00"
"2012-10-27 13:00","2012","10","27","13:00","-6.3","","-7.6","","90","","","M","","M","","","","M","","","","","NA"
"2012-10-27 14:00","2012","10","27","14:00","-6.2","","-7.2","","93","","","M","","M","","","","M","","","","","NA"
"2012-10-27 15:00","2012","10","27","15:00","-6.2","","-7.0","","94","","","M","","M","","","","M","","","","","NA"
"2012-10-27 16:00","2012","10","27","16:00","-6.3","","-6.6","","98","","","M","","M","","","","M","","","","","NA"
"2012-10-27 17:00","2012","10","27","17:00","-6.5","","-6.7","","98","","","M","","M","","","","M","","","","","NA"
"2012-10-27 18:00","2012","10","27","18:00","-6.4","","-6.6","","98","","","M","","M","","","","M","","","","","NA"
"2012-10-27 19:00","2012","10","27","19:00","-6.2","","-6.4","","98","","","M","","M","","","","M","","","","","NA"
"2012-10-27 20:00","2012","10","27","20:00","-6.1","","-6.3","","98","","","M","","M","","","","M","","","","","NA"
"2012-10-27 21:00","2012","10","27","21:00","-5.9","","-6.0","","99","","","M","","M","","","","M","","","","","NA"
"2012-10-27 22:00","2012","10","27","22:00","-5.2","","-5.3","","99","","","M","","M","","","","M","","","","","NA"
"2012-10-27 23:00","2012","10","27","23:00","-4.7","","-4.9","","98","","","M","","M","","","","M","","","","","NA"
"2012-10-28 00:00","2012","10","28","00:00","-4.0","","-4.2","","99","","","M","","M","","","","M","","","","","NA"
"2012-10-28 01:00","2012","10","28","01:00","-4.0","","-4.3","","98","","","M","","M","","","","M","","","","","NA"
"2012-10-28 02:00","2012","10","28","02:00","-3.9","","-4.4","","96","","","M","","M","","","","M","","","","","NA"
"2012-10-28 03:00","2012","10","28","03:00","-3.7","","-4.2","","96","","","M","","M","","","","M","","","","","NA"
"2012-10-28 04:00","2012","10","28","04:00","-3.4","","-3.4","","100","","","M","","M","","","","M","","","","","NA"
"2012-10-28 05:00","2012","10","28","05:00","-2.9","","-3.0","","99","","","M","","M","","","","M","","","","","NA"
"2012-10-28 06:00","2012","10","28","06:00","-2.6","","-2.8","","99","","","M","","M","","","","M","","","","","NA"
"2012-10-28 07:00","2012","10","28","07:00","-3.6","","-3.6","","100","","","M","","M","","","","M","","","","","NA"
"2012-10-28 08:00","2012","10","28","08:00","-3.6","","-3.6","","100","","","M","","M","","","","M","","","","","NA"
"2012-10-28 09:00","2012","10","28","09:00","-3.3","","-3.3","","100","","","M","","M","","","","M","","","","","NA"
"2012-10-28 10:00","2012","10","28","10:00","-2.9","","-3.0","","99","","","M","","M","","","","M","","","","","NA"
"2012-10-28 11:00","2012","10","28","11:00","-2.9","","-3.1","","99","","","M","","M","","","","M","","","","","NA"
"2012-10-28 12:00","2012","10","28","12:00","-2.0","","-2.7","","95","","","M","","M","","","","M","","","","","NA"
"2012-10-28 13:00","2012","10","28","13:00","-1.6","","-2.4","","94","","","M","","M","","","","M","","","","","NA"
"2012-10-28 14:00","2012","10","28","14:00","-1.4","","-2.5","","92","","","M","","M","","","","M","","","","","NA"
"2012-10-28 15:00","2012","10","28","15:00","1.4","","-1.7","","80","","","M","","M","","","","M","","","","","NA"
"2012-10-28 16:00","2012","10","28","16:00","-1.1","","-2.7","","89","","","M","","M","","","","M","","","","","NA"
"2012-10-28 17:00","2012","10","28","17:00","-1.0","","-2.6","","89","","","M","","M","","","","M","","","","","NA"
"2012-10-28 18:00","2012","10","28","18:00","2.9","","-1.9","","71","","","M","","M","","","","M","","","","","NA"
"2012-10-28 19:00","2012","10","28","19:00","-2.5","","-3.3","","94","","","M","","M","","","","M","","","","","NA"
"2012-10-28 20:00","2012","10","28","20:00","-2.8","","-2.8","","100","","","M","","M","","","","M","","","","","NA"
"2012-10-28 21:00","2012","10","28","21:00","-2.8","","-3.0","","99","","","M","","M","","","","M","","","","","NA"
"2012-10-28 22:00","2012","10","28","22:00","-2.7","","-3.1","","97","","","M","","M","","","","M","","","","","NA"
"2012-10-28 23:00","2012","10","28","23:00","-2.9","","-3.1","","99","","","M","","M","","","","M","","","","","NA"
"2012-10-29 00:00","2012","10","29","00:00","-3.1","","-3.2","","99","","","M","","M","","","","M","","","","","NA"
"2012-10-29 01:00","2012","10","29","01:00","-3.2","","-3.3","","99","","","M","","M","","","","M","","","","","NA"
"2012-10-29 02:00","2012","10","29","02:00","-3.3","","-3.3","","100","","","M","","M","","","","M","","","","","NA"
"2012-10-29 03:00","2012","10","29","03:00","-3.4","","-3.4","","100","","","M","","M","","","","M","","","","","NA"
"2012-10-29 04:00","2012","10","29","04:00","-3.3","","-3.4","","99","","","M","","M","","","","M","","","","","NA"
"2012-10-29 05:00","2012","10","29","05:00","-3.2","","-3.3","","99","","","M","","M","","","","M","","","","","NA"
"2012-10-29 06:00","2012","10","29","06:00","-3.1","","-3.1","","100","","","M","","M","","","","M","","","","","NA"
"2012-10-29 07:00","2012","10","29","07:00","-2.9","","-2.9","","100","","","M","","M","","","","M","","","","","NA"
"2012-10-29 08:00","2012","10","29","08:00","-2.6","","-2.6","","100","","","M","","M","","","","M","","","","","NA"
"2012-10-29 09:00","2012","10","29","09:00","-2.0","","-2.5","","96","","","M","","M","","","","M","","","","","NA"
"2012-10-29 10:00","2012","10","29","10:00","-2.2","","-2.4","","99","","","M","","M","","","","M","","","","","NA"
"2012-10-29 11:00","2012","10","29","11:00","-1.4","","-2.0","","96","","","M","","M","","","","M","","","","","NA"
"2012-10-29 12:00","2012","10","29","12:00","-0.6","","-1.2","","96","","","M","","M","","","","M","","","","","NA"
"2012-10-29 13:00","2012","10","29","13:00","-0.2","","-1.0","","94","","","M","","M","","","","M","","","","","NA"
"2012-10-29 14:00","2012","10","29","14:00","-0.2","","-0.7","","96","","","M","","M","","","","M","","","","","NA"
"2012-10-29 15:00","2012","10","29","15:00","-0.3","","-0.5","","99","","","M","","M","","","","M","","","","","NA"
"2012-10-29 16:00","2012","10","29","16:00","0.0","","-0.4","","97","","","M","","M","","","","M","","","","","NA"
"2012-10-29 17:00","2012","10","29","17:00","-0.3","","-0.6","","98","","","M","","M","","","","M","","","","","NA"
"2012-10-29 18:00","2012","10","29","18:00","-0.5","","-0.6","","99","","","M","","M","","","","M","","","","","NA"
"2012-10-29 19:00","2012","10","29","19:00","-0.9","","-0.9","","100","","","M","","M","","","","M","","","","","NA"
"2012-10-29 20:00","2012","10","29","20:00","-1.1","","-1.1","","100","","","M","","M","","","","M","","","","","NA"
"2012-10-29 21:00","2012","10","29","21:00","-1.4","","-1.4","","100","","","M","","M","","","","M","","","","","NA"
"2012-10-29 22:00","2012","10","29","22:00","-1.7","","-1.7","","100","","","M","","M","","","","M","","","","","NA"
"2012-10-29 23:00","2012","10","29","23:00","-1.9","","-1.9","","100","","","M","","M","","","","M","","","","","NA"
"2012-10-30 00:00","2012","10","30","00:00","-2.3","","-2.3","","100","","","M","","M","","","","M","","","","","NA"
"2012-10-30 01:00","2012","10","30","01:00","-3.8","","-3.8","","100","","","M","","M","","","","M","","","","","NA"
"2012-10-30 02:00","2012","10","30","02:00","-5.0","","-5.1","","99","","","M","","M","","","","M","","","","","NA"
"2012-10-30 03:00","2012","10","30","03:00","-6.5","","-6.8","","98","","","M","","M","","","","M","","","","","NA"
"2012-10-30 04:00","2012","10","30","04:00","-5.8","","-6.0","","98","","","M","","M","","","","M","","","","","NA"
"2012-10-30 05:00","2012","10","30","05:00","-3.0","","-3.1","","99","","","M","","M","","","","M","","","","","NA"
"2012-10-30 06:00","2012","10","30","06:00","-1.1","","-1.4","","98","","","M","","M","","","","M","","","","","NA"
"2012-10-30 07:00","2012","10","30","07:00","5.7","","-0.9","","62","","","M","","M","","","","M","","","","","NA"
"2012-10-30 08:00","2012","10","30","08:00","6.7","","-1.3","","57","","","M","","M","","","","M","","","","","NA"
"2012-10-30 09:00","2012","10","30","09:00","8.3","","-1.4","","50","","","M","","M","","","","M","","","","","NA"
"2012-10-30 10:00","2012","10","30","10:00","9.2","","-0.9","","49","","","M","","M","","","","M","","","","","NA"
"2012-10-30 11:00","2012","10","30","11:00","-2.4","","-3.0","","96","","","M","","M","","","","M","","","","","NA"
"2012-10-30 12:00","2012","10","30","12:00","-2.8","","-2.8","","100","","","M","","M","","","","M","","","","","NA"
"2012-10-30 13:00","2012","10","30","13:00","-2.5","","-2.5","","100","","","M","","M","","","","M","","","","","NA"
"2012-10-30 14:00","2012","10","30","14:00","-2.9","","-3.0","","99","","","M","","M","","","","M","","","","","NA"
"2012-10-30 15:00","2012","10","30","15:00","-3.3","","-3.6","","98","","","M","","M","","","","M","","","","","NA"
"2012-10-30 16:00","2012","10","30","16:00","-3.5","","-4.1","","96","","","M","","M","","","","M","","","","","NA"
"2012-10-30 17:00","2012","10","30","17:00","-3.9","","-4.7","","94","","","M","","M","","","","M","","","","","NA"
"2012-10-30 18:00","2012","10","30","18:00","-4.1","","-4.7","","96","","","M","","M","","","","M","","","","","NA"
"2012-10-30 19:00","2012","10","30","19:00","-4.1","","-4.6","","96","","","M","","M","","","","M","","","","","NA"
"2012-10-30 20:00","2012","10","30","20:00","-4.0","","-4.9","","93","","","M","","M","","","","M","","","","","NA"
"2012-10-30 21:00","2012","10","30","21:00","-4.2","","-5.1","","93","","","M","","M","","","","M","","","","","NA"
"2012-10-30 22:00","2012","10","30","22:00"
"2012-10-30 23:00","2012","10","30","23:00","-4.8","","-5.0","","98","","","M","","M","","","","M","","","","","NA"
"2012-10-31 00:00","2012","10","31","00:00","-4.8","","-5.2","","97","","","M","","M","","","","M","","","","","NA"
"2012-10-31 01:00","2012","10","31","01:00","-5.0","","-5.2","","98","","","M","","M","","","","M","","","","","NA"
"2012-10-31 02:00","2012","10","31","02:00","-5.1","","-5.6","","96","","","M","","M","","","","M","","","","","NA"
"2012-10-31 03:00","2012","10","31","03:00","-5.2","","-5.9","","95","","","M","","M","","","","M","","","","","NA"
"2012-10-31 04:00","2012","10","31","04:00","-5.2","","-6.2","","93","","","M","","M","","","","M","","","","","NA"
"2012-10-31 05:00","2012","10","31","05:00","-5.2","","-6.1","","93","","","M","","M","","","","M","","","","","NA"
"2012-10-31 06:00","2012","10","31","06:00","-5.4","","-6.5","","92","","","M","","M","","","","M","","","","","NA"
"2012-10-31 07:00","2012","10","31","07:00","-6.0","","-7.1","","92","","","M","","M","","","","M","","","","","NA"
"2012-10-31 08:00","2012","10","31","08:00","-6.6","","-7.9","","90","","","M","","M","","","","M","","","","","NA"
"2012-10-31 09:00","2012","10","31","09:00","-6.8","","-8.3","","89","","","M","","M","","","","M","","","","","NA"
"2012-10-31 10:00","2012","10","31","10:00","-6.1","","-7.8","","88","","","M","","M","","","","M","","","","","NA"
"2012-10-31 11:00","2012","10","31","11:00","-5.6","","-7.1","","89","","","M","","M","","","","M","","","","","NA"
"2012-10-31 12:00","2012","10","31","12:00","-5.6","","-7.2","","88","","","M","","M","","","","M","","","","","NA"
"2012-10-31 13:00","2012","10","31","13:00","-5.5","","-6.8","","91","","","M","","M","","","","M","","","","","NA"
"2012-10-31 14:00","2012","10","31","14:00","-5.8","","-7.0","","91","","","M","","M","","","","M","","","","","NA"
"2012-10-31 15:00","2012","10","31","15:00","-5.8","","-6.6","","94","","","M","","M","","","","M","","","","","NA"
"2012-10-31 16:00","2012","10","31","16:00","-5.4","","-5.8","","97","","","M","","M","","","","M","","","","","NA"
"2012-10-31 17:00","2012","10","31","17:00","-5.1","","-5.1","","100","","","M","","M","","","","M","","","","","NA"
"2012-10-31 18:00","2012","10","31","18:00","-4.5","","-4.5","","100","","","M","","M","","","","M","","","","","NA"
"2012-10-31 19:00","2012","10","31","19:00","-3.9","","-3.9","","100","","","M","","M","","","","M","","","","","NA"
"2012-10-31 20:00","2012","10","31","20:00","-3.4","","-3.4","","100","","","M","","M","","","","M","","","","","NA"
"2012-10-31 21:00","2012","10","31","21:00","-2.7","","-2.7","","100","","","M","","M","","","","M","","","","","NA"
"2012-10-31 22:00","2012","10","31","22:00","-2.5","","-2.5","","100","","","M","","M","","","","M","","","","","NA"
"2012-10-31 23:00","2012","10","31","23:00","-2.3","","-2.3","","100","","","M","","M","","","","M","","","","","NA"
