"Station Name","BLACKIE AGCM"
"Province","ALBERTA"
"Latitude","50.55"
"Longitude","-113.64"
"Elevation","1019.00"
"Climate Identifier","3030690"
"WMO Identifier",""
"TC Identifier","PXC"
"All times are specified in Local Standard Time (LST). Add 1 hour to adjust for Daylight Saving Time where and when it is observed."

"Legend"
"E","Estimated"
"M","Missing"
"NA","Not Available"

"Date/Time","Year","Month","Day","Time","Temp (°C)","Temp Flag","Dew Point Temp (°C)","Dew Point Temp Flag","Rel Hum (%)","Rel Hum Flag","Wind Dir (10s deg)","Wind Dir Flag","Wind Spd (km/h)","Wind Spd Flag","Visibility (km)","Visibility Flag","Stn Press (kPa)","Stn Press Flag","Hmdx","Hmdx Flag","Wind Chill","Wind Chill Flag","Weather"
"2015-03-01 00:00","2015","03","01","00:00","-13.3","","-15.0","","87","","0","","1","","","","","M","","","-14","","NA"
"2015-03-01 01:00","2015","03","01","01:00","-13.7","","-14.9","","90","","0","","1","","","","","M","","","-14","","NA"
"2015-03-01 02:00","2015","03","01","02:00","-15.3","","-17.0","","87","","","","0","","","","","M","","","","","NA"
"2015-03-01 03:00","2015","03","01","03:00","-14.9","","-16.7","","86","","","","0","","","","","M","","","","","NA"
"2015-03-01 04:00","2015","03","01","04:00","-14.3","","-15.6","","90","","4","","3","","","","","M","","","-16","","NA"
"2015-03-01 05:00","2015","03","01","05:00","-16.2","","-18.1","","85","","7","","2","","","","","M","","","-18","","NA"
"2015-03-01 06:00","2015","03","01","06:00","-15.5","","-17.1","","88","","6","","2","","","","","M","","","-17","","NA"
"2015-03-01 07:00","2015","03","01","07:00","-17.0","","-19.1","","84","","7","","3","","","","","M","","","-19","","NA"
"2015-03-01 08:00","2015","03","01","08:00","-15.9","","-17.7","","86","","0","","1","","","","","M","","","-17","","NA"
"2015-03-01 09:00","2015","03","01","09:00","-9.9","","-12.2","","83","","11","","2","","","","","M","","","-11","","NA"
"2015-03-01 10:00","2015","03","01","10:00","-8.0","","-11.5","","76","","16","","12","","","","","M","","","-13","","NA"
"2015-03-01 11:00","2015","03","01","11:00","-4.8","","-10.2","","66","","15","","20","","","","","M","","","-11","","NA"
"2015-03-01 12:00","2015","03","01","12:00","-3.1","","-10.1","","58","","16","","24","","","","","M","","","-10","","NA"
"2015-03-01 13:00","2015","03","01","13:00","-1.7","","-8.4","","60","","16","","22","","","","","M","","","-8","","NA"
"2015-03-01 14:00","2015","03","01","14:00","-0.6","","-8.4","","56","","15","","25","","","","","M","","","-7","","NA"
"2015-03-01 15:00","2015","03","01","15:00","-0.3","","-7.5","","58","","15","","23","","","","","M","","","-6","","NA"
"2015-03-01 16:00","2015","03","01","16:00","0.8","","-7.2","","55","","15","","21","","","","","M","","","","","NA"
"2015-03-01 17:00","2015","03","01","17:00","0.7","","-6.7","","58","","14","","18","","","","","M","","","","","NA"
"2015-03-01 18:00","2015","03","01","18:00","-2.7","","-6.7","","74","","14","","7","","","","","M","","","-6","","NA"
"2015-03-01 19:00","2015","03","01","19:00","-4.3","","-7.4","","79","","17","","9","","","","","M","","","-8","","NA"
"2015-03-01 20:00","2015","03","01","20:00","-5.5","","-9.2","","75","","17","","8","","","","","M","","","-9","","NA"
"2015-03-01 21:00","2015","03","01","21:00","-6.5","","-9.8","","77","","20","","4","","","","","M","","","-8","","NA"
"2015-03-01 22:00","2015","03","01","22:00","-6.3","","-9.9","","76","","24","","4","","","","","M","","","-8","","NA"
"2015-03-01 23:00","2015","03","01","23:00","-9.0","","-10.6","","89","","32","","7","","","","","M","","","-13","","NA"
"2015-03-02 00:00","2015","03","02","00:00","-9.5","","-11.5","","85","","26","","4","","","","","M","","","-12","","NA"
"2015-03-02 01:00","2015","03","02","01:00","-8.8","","-11.8","","79","","29","","9","","","","","M","","","-13","","NA"
"2015-03-02 02:00","2015","03","02","02:00","-8.0","","-11.4","","77","","29","","7","","","","","M","","","-12","","NA"
"2015-03-02 03:00","2015","03","02","03:00","-1.7","","-5.0","","78","","31","","26","","","","","M","","","-8","","NA"
"2015-03-02 04:00","2015","03","02","04:00","-1.6","","-4.8","","79","","33","","29","","","","","M","","","-8","","NA"
"2015-03-02 05:00","2015","03","02","05:00","-2.2","","-4.7","","83","","33","","19","","","","","M","","","-8","","NA"
"2015-03-02 06:00","2015","03","02","06:00","-1.9","","-5.5","","77","","33","","20","","","","","M","","","-8","","NA"
"2015-03-02 07:00","2015","03","02","07:00","-2.8","","-5.3","","83","","35","","21","","","","","M","","","-9","","NA"
"2015-03-02 08:00","2015","03","02","08:00","-3.9","","-6.2","","84","","36","","35","","","","","M","","","-12","","NA"
"2015-03-02 09:00","2015","03","02","09:00","-4.8","","-8.5","","75","","36","","49","","","","","M","","","-15","","NA"
"2015-03-02 10:00","2015","03","02","10:00","-6.3","","-10.6","","72","","36","","48","","","","","M","","","-17","","NA"
"2015-03-02 11:00","2015","03","02","11:00","-5.9","","-10.9","","67","","36","","41","","","","","M","","","-15","","NA"
"2015-03-02 12:00","2015","03","02","12:00","-4.6","","-10.6","","63","","35","","37","","","","","M","","","-13","","NA"
"2015-03-02 13:00","2015","03","02","13:00","-4.7","","-10.5","","63","","35","","37","","","","","M","","","-13","","NA"
"2015-03-02 14:00","2015","03","02","14:00","-5.2","","-9.9","","70","","34","","31","","","","","M","","","-13","","NA"
"2015-03-02 15:00","2015","03","02","15:00","-5.9","","-11.0","","67","","36","","41","","","","","M","","","-15","","NA"
"2015-03-02 16:00","2015","03","02","16:00","-7.2","","-12.6","","65","","1","","40","","","","","M","","","-17","","NA"
"2015-03-02 17:00","2015","03","02","17:00","-8.3","","-17.1","","49","","1","","36","","","","","M","","","-18","","NA"
"2015-03-02 18:00","2015","03","02","18:00","-9.1","","-15.0","","62","","35","","14","","","","","M","","","-15","","NA"
"2015-03-02 19:00","2015","03","02","19:00","-11.3","","-14.4","","78","","2","","15","","","","","M","","","-18","","NA"
"2015-03-02 20:00","2015","03","02","20:00","-14.1","","-17.0","","79","","3","","8","","","","","M","","","-19","","NA"
"2015-03-02 21:00","2015","03","02","21:00","-14.1","","-17.7","","74","","33","","3","","","","","M","","","-16","","NA"
"2015-03-02 22:00","2015","03","02","22:00","-16.3","","-19.4","","77","","26","","3","","","","","M","","","-19","","NA"
"2015-03-02 23:00","2015","03","02","23:00","-14.2","","-17.1","","79","","28","","6","","","","","M","","","-18","","NA"
"2015-03-03 00:00","2015","03","03","00:00","-14.0","","-16.8","","79","","4","","3","","","","","M","","","-16","","NA"
"2015-03-03 01:00","2015","03","03","01:00","-13.9","","-19.4","","63","","36","","18","","","","","M","","","-22","","NA"
"2015-03-03 02:00","2015","03","03","02:00","-15.8","","-20.4","","68","","32","","9","","","","","M","","","-22","","NA"
"2015-03-03 03:00","2015","03","03","03:00","-16.7","","-21.1","","69","","32","","6","","","","","M","","","-21","","NA"
"2015-03-03 04:00","2015","03","03","04:00","-16.4","","-22.1","","61","","35","","16","","","","","M","","","-25","","NA"
"2015-03-03 05:00","2015","03","03","05:00","-19.2","","-23.2","","71","","3","","5","","","","","M","","","-23","","NA"
"2015-03-03 06:00","2015","03","03","06:00","-20.8","","-23.6","","78","","23","","6","","","","","M","","","-26","","NA"
"2015-03-03 07:00","2015","03","03","07:00","-20.6","","-23.6","","77","","24","","4","","","","","M","","","-24","","NA"
"2015-03-03 08:00","2015","03","03","08:00","-18.9","","-21.7","","79","","27","","2","","","","","M","","","-21","","NA"
"2015-03-03 09:00","2015","03","03","09:00","-16.3","","-19.7","","75","","26","","8","","","","","M","","","-22","","NA"
"2015-03-03 10:00","2015","03","03","10:00","-13.6","","-17.6","","72","","26","","12","","","","","M","","","-20","","NA"
"2015-03-03 11:00","2015","03","03","11:00","-11.3","","-17.9","","58","","28","","12","","","","","M","","","-17","","NA"
"2015-03-03 12:00","2015","03","03","12:00","-10.3","","-18.2","","52","","26","","15","","","","","M","","","-17","","NA"
"2015-03-03 13:00","2015","03","03","13:00","-9.5","","-18.8","","47","","29","","15","","","","","M","","","-16","","NA"
"2015-03-03 14:00","2015","03","03","14:00","-8.0","","-21.8","","32","","35","","16","","","","","M","","","-15","","NA"
"2015-03-03 15:00","2015","03","03","15:00","-8.5","","-21.9","","33","","1","","22","","","","","M","","","-16","","NA"
"2015-03-03 16:00","2015","03","03","16:00","-8.5","","-20.7","","37","","1","","17","","","","","M","","","-15","","NA"
"2015-03-03 17:00","2015","03","03","17:00","-9.2","","-21.1","","37","","1","","17","","","","","M","","","-16","","NA"
"2015-03-03 18:00","2015","03","03","18:00","-10.9","","-20.4","","45","","1","","11","","","","","M","","","-17","","NA"
"2015-03-03 19:00","2015","03","03","19:00","-14.2","","-21.0","","56","","8","","2","","","","","M","","","-16","","NA"
"2015-03-03 20:00","2015","03","03","20:00","-16.2","","-21.2","","65","","0","","1","","","","","M","","","-17","","NA"
"2015-03-03 21:00","2015","03","03","21:00","-16.0","","-20.0","","72","","24","","4","","","","","M","","","-19","","NA"
"2015-03-03 22:00","2015","03","03","22:00","-17.6","","-21.5","","71","","23","","5","","","","","M","","","-22","","NA"
"2015-03-03 23:00","2015","03","03","23:00","-17.0","","-21.0","","71","","29","","3","","","","","M","","","-19","","NA"
"2015-03-04 00:00","2015","03","04","00:00","-17.9","","-21.3","","74","","32","","3","","","","","M","","","-20","","NA"
"2015-03-04 01:00","2015","03","04","01:00","-18.4","","-21.6","","75","","30","","6","","","","","M","","","-23","","NA"
"2015-03-04 02:00","2015","03","04","02:00","-17.8","","-21.0","","76","","28","","7","","","","","M","","","-23","","NA"
"2015-03-04 03:00","2015","03","04","03:00","-17.6","","-21.0","","74","","32","","6","","","","","M","","","-22","","NA"
"2015-03-04 04:00","2015","03","04","04:00","-17.8","","-20.8","","77","","33","","4","","","","","M","","","-21","","NA"
"2015-03-04 05:00","2015","03","04","05:00","-18.0","","-21.7","","73","","28","","4","","","","","M","","","-21","","NA"
"2015-03-04 06:00","2015","03","04","06:00","-20.1","","-22.8","","79","","","","0","","","","","M","","","","","NA"
"2015-03-04 07:00","2015","03","04","07:00","-20.7","","-23.3","","79","","17","","3","","","","","M","","","-23","","NA"
"2015-03-04 08:00","2015","03","04","08:00","-17.4","","-20.5","","77","","16","","5","","","","","M","","","-21","","NA"
"2015-03-04 09:00","2015","03","04","09:00","-12.8","","-18.3","","63","","17","","3","","","","","M","","","-15","","NA"
"2015-03-04 10:00","2015","03","04","10:00","-9.3","","-16.0","","58","","17","","7","","","","","M","","","-13","","NA"
"2015-03-04 11:00","2015","03","04","11:00","-6.3","","-14.5","","52","","16","","14","","","","","M","","","-12","","NA"
"2015-03-04 12:00","2015","03","04","12:00","-3.3","","-16.1","","36","","16","","18","","","","","M","","","-9","","NA"
"2015-03-04 13:00","2015","03","04","13:00","-2.0","","-14.7","","37","","15","","20","","","","","M","","","-8","","NA"
"2015-03-04 14:00","2015","03","04","14:00","-0.7","","-15.1","","33","","16","","23","","","","","M","","","-7","","NA"
"2015-03-04 15:00","2015","03","04","15:00","0.9","","-13.6","","33","","14","","20","","","","","M","","","","","NA"
"2015-03-04 16:00","2015","03","04","16:00","1.8","","-13.5","","31","","16","","17","","","","","M","","","","","NA"
"2015-03-04 17:00","2015","03","04","17:00","1.4","","-12.8","","34","","16","","14","","","","","M","","","","","NA"
"2015-03-04 18:00","2015","03","04","18:00","-3.5","","-11.0","","56","","13","","8","","","","","M","","","-7","","NA"
"2015-03-04 19:00","2015","03","04","19:00","-4.4","","-11.7","","57","","16","","7","","","","","M","","","-8","","NA"
"2015-03-04 20:00","2015","03","04","20:00","-7.1","","-12.0","","68","","26","","4","","","","","M","","","-9","","NA"
"2015-03-04 21:00","2015","03","04","21:00","-9.7","","-12.4","","81","","","","0","","","","","M","","","","","NA"
"2015-03-04 22:00","2015","03","04","22:00","-10.6","","-12.9","","83","","22","","1","","","","","M","","","-11","","NA"
"2015-03-04 23:00","2015","03","04","23:00","-11.7","","-13.7","","85","","24","","1","","","","","M","","","-12","","NA"
"2015-03-05 00:00","2015","03","05","00:00","-10.8","","-12.9","","84","","6","","5","","","","","M","","","-14","","NA"
"2015-03-05 01:00","2015","03","05","01:00","-11.3","","-13.8","","82","","36","","1","","","","","M","","","-12","","NA"
"2015-03-05 02:00","2015","03","05","02:00","-10.2","","-12.4","","84","","7","","3","","","","","M","","","-12","","NA"
"2015-03-05 03:00","2015","03","05","03:00","-11.4","","-13.9","","82","","6","","6","","","","","M","","","-15","","NA"
"2015-03-05 04:00","2015","03","05","04:00","-11.8","","-13.9","","84","","","","0","","","","","M","","","","","NA"
"2015-03-05 05:00","2015","03","05","05:00","-11.5","","-13.5","","85","","28","","1","","","","","M","","","-12","","NA"
"2015-03-05 06:00","2015","03","05","06:00","-13.3","","-15.3","","85","","36","","1","","","","","M","","","-14","","NA"
"2015-03-05 07:00","2015","03","05","07:00","-12.1","","-13.7","","88","","15","","1","","","","","M","","","-13","","NA"
"2015-03-05 08:00","2015","03","05","08:00","-9.6","","-12.1","","82","","6","","3","","","","","M","","","-11","","NA"
"2015-03-05 09:00","2015","03","05","09:00","","M","-7.4","","65","","","","0","","","","","M","","","","","NA"
"2015-03-05 10:00","2015","03","05","10:00","2.0","","-6.9","","52","","27","","5","","","","","M","","","","","NA"
"2015-03-05 11:00","2015","03","05","11:00","5.9","","-6.4","","41","","23","","8","","","","","M","","","","","NA"
"2015-03-05 12:00","2015","03","05","12:00","9.3","","-7.4","","30","","29","","10","","","","","M","","","","","NA"
"2015-03-05 13:00","2015","03","05","13:00","9.6","","-7.9","","28","","1","","8","","","","","M","","","","","NA"
"2015-03-05 14:00","2015","03","05","14:00","9.4","","-7.4","","30","","6","","13","","","","","M","","","","","NA"
"2015-03-05 15:00","2015","03","05","15:00","10.2","","-6.7","","30","","9","","12","","","","","M","","","","","NA"
"2015-03-05 16:00","2015","03","05","16:00","9.7","","-6.3","","32","","12","","14","","","","","M","","","","","NA"
"2015-03-05 17:00","2015","03","05","17:00","8.9","","-5.3","","36","","12","","14","","","","","M","","","","","NA"
"2015-03-05 18:00","2015","03","05","18:00","4.1","","-4.0","","56","","13","","9","","","","","M","","","","","NA"
"2015-03-05 19:00","2015","03","05","19:00","4.6","","-6.8","","44","","29","","13","","","","","M","","","","","NA"
"2015-03-05 20:00","2015","03","05","20:00","-0.1","","-4.7","","71","","27","","10","","","","","M","","","-3","","NA"
"2015-03-05 21:00","2015","03","05","21:00","1.3","","-6.7","","55","","27","","12","","","","","M","","","","","NA"
"2015-03-05 22:00","2015","03","05","22:00","-0.1","","-7.3","","58","","20","","5","","","","","M","","","-2","","NA"
"2015-03-05 23:00","2015","03","05","23:00","-0.5","","-7.2","","61","","28","","8","","","","","M","","","-3","","NA"
"2015-03-06 00:00","2015","03","06","00:00","-0.6","","-6.9","","62","","27","","6","","","","","M","","","-3","","NA"
"2015-03-06 01:00","2015","03","06","01:00","-0.6","","-6.8","","63","","25","","6","","","","","M","","","-3","","NA"
"2015-03-06 02:00","2015","03","06","02:00","2.7","","-5.9","","53","","24","","15","","","","","M","","","","","NA"
"2015-03-06 03:00","2015","03","06","03:00","1.6","","-6.6","","55","","21","","9","","","","","M","","","","","NA"
"2015-03-06 04:00","2015","03","06","04:00","0.2","","-5.7","","65","","23","","8","","","","","M","","","","","NA"
"2015-03-06 05:00","2015","03","06","05:00","2.6","","-5.4","","56","","24","","8","","","","","M","","","","","NA"
"2015-03-06 06:00","2015","03","06","06:00","4.5","","-5.8","","47","","26","","16","","","","","M","","","","","NA"
"2015-03-06 07:00","2015","03","06","07:00","2.7","","-6.0","","53","","24","","9","","","","","M","","","","","NA"
"2015-03-06 08:00","2015","03","06","08:00","4.8","","-6.1","","45","","26","","14","","","","","M","","","","","NA"
"2015-03-06 09:00","2015","03","06","09:00","7.5","","-5.3","","40","","26","","14","","","","","M","","","","","NA"
"2015-03-06 10:00","2015","03","06","10:00","11.2","","-6.3","","29","","27","","16","","","","","M","","","","","NA"
"2015-03-06 11:00","2015","03","06","11:00","12.7","","-8.0","","23","","30","","31","","","","","M","","","","","NA"
"2015-03-06 12:00","2015","03","06","12:00","13.2","","-8.7","","21","","30","","31","","","","","M","","","","","NA"
"2015-03-06 13:00","2015","03","06","13:00","13.8","","-10.3","","18","","30","","26","","","","","M","","","","","NA"
"2015-03-06 14:00","2015","03","06","14:00","14.1","","-10.1","","18","","31","","29","","","","","M","","","","","NA"
"2015-03-06 15:00","2015","03","06","15:00","10.2","","-4.0","","37","","6","","23","","","","","M","","","","","NA"
"2015-03-06 16:00","2015","03","06","16:00","8.7","","-5.2","","37","","5","","23","","","","","M","","","","","NA"
"2015-03-06 17:00","2015","03","06","17:00","7.7","","-3.8","","44","","6","","17","","","","","M","","","","","NA"
"2015-03-06 18:00","2015","03","06","18:00","3.1","","-4.9","","56","","9","","6","","","","","M","","","","","NA"
"2015-03-06 19:00","2015","03","06","19:00","-1.2","","-6.0","","70","","7","","7","","","","","M","","","-4","","NA"
"2015-03-06 20:00","2015","03","06","20:00","-2.4","","-5.7","","78","","8","","5","","","","","M","","","-4","","NA"
"2015-03-06 21:00","2015","03","06","21:00","-1.8","","-5.4","","77","","14","","6","","","","","M","","","-4","","NA"
"2015-03-06 22:00","2015","03","06","22:00","-2.6","","-6.5","","74","","17","","7","","","","","M","","","-5","","NA"
"2015-03-06 23:00","2015","03","06","23:00","-2.9","","-6.9","","74","","12","","9","","","","","M","","","-6","","NA"
"2015-03-07 00:00","2015","03","07","00:00","-4.8","","-7.6","","80","","14","","8","","","","","M","","","-8","","NA"
"2015-03-07 01:00","2015","03","07","01:00","-3.8","","-7.0","","78","","14","","6","","","","","M","","","-6","","NA"
"2015-03-07 02:00","2015","03","07","02:00","-4.3","","-7.1","","81","","17","","5","","","","","M","","","-6","","NA"
"2015-03-07 03:00","2015","03","07","03:00","-5.8","","-7.9","","86","","13","","9","","","","","M","","","-10","","NA"
"2015-03-07 04:00","2015","03","07","04:00","-5.9","","-8.0","","85","","","","0","","","","","M","","","","","NA"
"2015-03-07 05:00","2015","03","07","05:00","-7.1","","-8.2","","92","","30","","2","","","","","M","","","-8","","NA"
"2015-03-07 06:00","2015","03","07","06:00","-7.6","","-8.5","","94","","25","","2","","","","","M","","","-9","","NA"
"2015-03-07 07:00","2015","03","07","07:00","-8.2","","-9.5","","91","","31","","5","","","","","M","","","-11","","NA"
"2015-03-07 08:00","2015","03","07","08:00","-4.1","","-5.9","","87","","28","","4","","","","","M","","","-6","","NA"
"2015-03-07 09:00","2015","03","07","09:00","-0.7","","-3.5","","81","","28","","6","","","","","M","","","-3","","NA"
"2015-03-07 10:00","2015","03","07","10:00","3.6","","-2.9","","63","","31","","9","","","","","M","","","","","NA"
"2015-03-07 11:00","2015","03","07","11:00","4.0","","-3.5","","58","","2","","21","","","","","M","","","","","NA"
"2015-03-07 12:00","2015","03","07","12:00","5.7","","-6.2","","42","","3","","23","","","","","M","","","","","NA"
"2015-03-07 13:00","2015","03","07","13:00","6.0","","-9.1","","33","","4","","20","","","","","M","","","","","NA"
"2015-03-07 14:00","2015","03","07","14:00","6.8","","-7.3","","36","","1","","12","","","","","M","","","","","NA"
"2015-03-07 15:00","2015","03","07","15:00","7.2","","-7.2","","35","","7","","7","","","","","M","","","","","NA"
"2015-03-07 16:00","2015","03","07","16:00","7.0","","-6.5","","37","","13","","12","","","","","M","","","","","NA"
"2015-03-07 17:00","2015","03","07","17:00","7.0","","-7.0","","36","","14","","13","","","","","M","","","","","NA"
"2015-03-07 18:00","2015","03","07","18:00","3.7","","-6.2","","48","","13","","7","","","","","M","","","","","NA"
"2015-03-07 19:00","2015","03","07","19:00","2.2","","-5.3","","57","","15","","17","","","","","M","","","","","NA"
"2015-03-07 20:00","2015","03","07","20:00","-0.2","","-5.4","","68","","16","","15","","","","","M","","","-5","","NA"
"2015-03-07 21:00","2015","03","07","21:00","-1.1","","-5.9","","70","","17","","12","","","","","M","","","-5","","NA"
"2015-03-07 22:00","2015","03","07","22:00","-1.9","","-6.4","","71","","18","","7","","","","","M","","","-5","","NA"
"2015-03-07 23:00","2015","03","07","23:00","-4.4","","-7.4","","80","","9","","4","","","","","M","","","-6","","NA"
"2015-03-08 00:00","2015","03","08","00:00","-5.2","","-7.2","","86","","25","","5","","","","","M","","","-7","","NA"
"2015-03-08 01:00","2015","03","08","01:00","-6.4","","-7.7","","91","","25","","3","","","","","M","","","-8","","NA"
"2015-03-08 02:00","2015","03","08","02:00","-5.3","","-7.1","","87","","2","","2","","","","","M","","","-6","","NA"
"2015-03-08 03:00","2015","03","08","03:00","-6.1","","-7.9","","87","","36","","2","","","","","M","","","-7","","NA"
"2015-03-08 04:00","2015","03","08","04:00","-6.3","","-8.1","","87","","36","","1","","","","","M","","","-7","","NA"
"2015-03-08 05:00","2015","03","08","05:00","-6.7","","-9.2","","82","","2","","4","","","","","M","","","-9","","NA"
"2015-03-08 06:00","2015","03","08","06:00","-5.8","","-9.0","","78","","6","","3","","","","","M","","","-7","","NA"
"2015-03-08 07:00","2015","03","08","07:00","-6.6","","-8.7","","85","","17","","1","","","","","M","","","-7","","NA"
"2015-03-08 08:00","2015","03","08","08:00","-4.0","","-6.7","","81","","13","","3","","","","","M","","","-5","","NA"
"2015-03-08 09:00","2015","03","08","09:00","0.1","","-5.0","","68","","25","","3","","","","","M","","","","","NA"
"2015-03-08 10:00","2015","03","08","10:00","4.9","","-4.0","","52","","20","","9","","","","","M","","","","","NA"
"2015-03-08 11:00","2015","03","08","11:00","7.5","","-6.3","","37","","17","","20","","","","","M","","","","","NA"
"2015-03-08 12:00","2015","03","08","12:00","8.9","","-6.5","","33","","19","","16","","","","","M","","","","","NA"
"2015-03-08 13:00","2015","03","08","13:00","9.9","","-8.7","","26","","29","","8","","","","","M","","","","","NA"
"2015-03-08 14:00","2015","03","08","14:00","11.7","","-8.9","","23","","23","","6","","","","","M","","","","","NA"
"2015-03-08 15:00","2015","03","08","15:00","12.9","","-8.3","","22","","19","","9","","","","","M","","","","","NA"
"2015-03-08 16:00","2015","03","08","16:00","11.3","","-6.3","","28","","16","","13","","","","","M","","","","","NA"
"2015-03-08 17:00","2015","03","08","17:00","11.4","","-5.5","","30","","16","","15","","","","","M","","","","","NA"
"2015-03-08 18:00","2015","03","08","18:00","9.5","","-7.1","","30","","25","","10","","","","","M","","","","","NA"
"2015-03-08 19:00","2015","03","08","19:00","4.9","","-7.0","","42","","25","","8","","","","","M","","","","","NA"
"2015-03-08 20:00","2015","03","08","20:00","1.4","","-6.0","","58","","26","","8","","","","","M","","","","","NA"
"2015-03-08 21:00","2015","03","08","21:00","1.4","","-6.0","","58","","25","","8","","","","","M","","","","","NA"
"2015-03-08 22:00","2015","03","08","22:00","0.4","","-6.1","","62","","26","","4","","","","","M","","","","","NA"
"2015-03-08 23:00","2015","03","08","23:00","0.3","","-6.3","","61","","","","0","","","","","M","","","","","NA"
"2015-03-09 00:00","2015","03","09","00:00","1.1","","-5.3","","63","","21","","3","","","","","M","","","","","NA"
"2015-03-09 01:00","2015","03","09","01:00","2.8","","-4.3","","60","","28","","11","","","","","M","","","","","NA"
"2015-03-09 02:00","2015","03","09","02:00","5.1","","-3.7","","53","","26","","12","","","","","M","","","","","NA"
"2015-03-09 03:00","2015","03","09","03:00","7.2","","-3.9","","45","","26","","26","","","","","M","","","","","NA"
"2015-03-09 04:00","2015","03","09","04:00","4.7","","-4.1","","53","","25","","10","","","","","M","","","","","NA"
"2015-03-09 05:00","2015","03","09","05:00","4.5","","-3.9","","54","","25","","11","","","","","M","","","","","NA"
"2015-03-09 06:00","2015","03","09","06:00","4.1","","-3.9","","56","","23","","6","","","","","M","","","","","NA"
"2015-03-09 07:00","2015","03","09","07:00","4.6","","-4.3","","52","","27","","7","","","","","M","","","","","NA"
"2015-03-09 08:00","2015","03","09","08:00","9.1","","-4.3","","38","","26","","15","","","","","M","","","","","NA"
"2015-03-09 09:00","2015","03","09","09:00","9.6","","-5.5","","34","","25","","22","","","","","M","","","","","NA"
"2015-03-09 10:00","2015","03","09","10:00","9.9","","-4.8","","35","","23","","19","","","","","M","","","","","NA"
"2015-03-09 11:00","2015","03","09","11:00","10.6","","-5.8","","31","","25","","15","","","","","M","","","","","NA"
"2015-03-09 12:00","2015","03","09","12:00","14.4","","-5.0","","26","","24","","28","","","","","M","","","","","NA"
"2015-03-09 13:00","2015","03","09","13:00","15.1","","-5.0","","25","","21","","25","","","","","M","","","","","NA"
"2015-03-09 14:00","2015","03","09","14:00","17.3","","-5.6","","20","","27","","29","","","","","M","","","","","NA"
"2015-03-09 15:00","2015","03","09","15:00","16.8","","-5.7","","21","","27","","29","","","","","M","","","","","NA"
"2015-03-09 16:00","2015","03","09","16:00","15.5","","-5.5","","23","","30","","29","","","","","M","","","","","NA"
"2015-03-09 17:00","2015","03","09","17:00","11.2","","-5.1","","31","","30","","15","","","","","M","","","","","NA"
"2015-03-09 18:00","2015","03","09","18:00","8.1","","-4.2","","41","","32","","11","","","","","M","","","","","NA"
"2015-03-09 19:00","2015","03","09","19:00","3.3","","0.0","","79","","5","","12","","","","","M","","","","","NA"
"2015-03-09 20:00","2015","03","09","20:00","2.6","","-0.4","","81","","9","","12","","","","","M","","","","","NA"
"2015-03-09 21:00","2015","03","09","21:00","1.8","","-0.8","","83","","9","","3","","","","","M","","","","","NA"
"2015-03-09 22:00","2015","03","09","22:00","-1.5","","-2.7","","91","","19","","1","","","","","M","","","-2","","NA"
"2015-03-09 23:00","2015","03","09","23:00","-2.8","","-3.5","","95","","17","","2","","","","","M","","","-4","","NA"
"2015-03-10 00:00","2015","03","10","00:00","-3.6","","-4.3","","95","","","","0","","","","","M","","","","","NA"
"2015-03-10 01:00","2015","03","10","01:00","-2.4","","-2.9","","96","","18","","4","","","","","M","","","-4","","NA"
"2015-03-10 02:00","2015","03","10","02:00","-3.6","","-4.4","","94","","13","","6","","","","","M","","","-6","","NA"
"2015-03-10 03:00","2015","03","10","03:00","-2.9","","-4.0","","92","","17","","6","","","","","M","","","-5","","NA"
"2015-03-10 04:00","2015","03","10","04:00","-2.3","","-3.2","","93","","14","","8","","","","","M","","","-5","","NA"
"2015-03-10 05:00","2015","03","10","05:00","-2.9","","-4.0","","92","","8","","5","","","","","M","","","-5","","NA"
"2015-03-10 06:00","2015","03","10","06:00","-4.2","","-4.9","","95","","32","","4","","","","","M","","","-6","","NA"
"2015-03-10 07:00","2015","03","10","07:00","-4.6","","-5.1","","96","","19","","3","","","","","M","","","-6","","NA"
"2015-03-10 08:00","2015","03","10","08:00","-3.2","","-3.9","","95","","27","","2","","","","","M","","","-4","","NA"
"2015-03-10 09:00","2015","03","10","09:00","3.2","","-1.1","","73","","27","","3","","","","","M","","","","","NA"
"2015-03-10 10:00","2015","03","10","10:00","7.2","","0.2","","61","","17","","4","","","","","M","","","","","NA"
"2015-03-10 11:00","2015","03","10","11:00","12.0","","-1.8","","38","","29","","7","","","","","M","","","","","NA"
"2015-03-10 12:00","2015","03","10","12:00","14.0","","-6.5","","23","","26","","10","","","","","M","","","","","NA"
"2015-03-10 13:00","2015","03","10","13:00","14.8","","-7.5","","21","","31","","8","","","","","M","","","","","NA"
"2015-03-10 14:00","2015","03","10","14:00","14.3","","-0.6","","36","","10","","13","","","","","M","","","","","NA"
"2015-03-10 15:00","2015","03","10","15:00","13.9","","-1.9","","33","","7","","20","","","","","M","","","","","NA"
"2015-03-10 16:00","2015","03","10","16:00","12.3","","1.6","","48","","5","","16","","","","","M","","","","","NA"
"2015-03-10 17:00","2015","03","10","17:00","11.3","","0.3","","47","","10","","22","","","","","M","","","","","NA"
"2015-03-10 18:00","2015","03","10","18:00","8.2","","1.0","","61","","10","","16","","","","","M","","","","","NA"
"2015-03-10 19:00","2015","03","10","19:00","5.8","","0.8","","70","","13","","17","","","","","M","","","","","NA"
"2015-03-10 20:00","2015","03","10","20:00","3.1","","-0.3","","79","","2","","7","","","","","M","","","","","NA"
"2015-03-10 21:00","2015","03","10","21:00","2.1","","-0.3","","84","","19","","6","","","","","M","","","","","NA"
"2015-03-10 22:00","2015","03","10","22:00","0.5","","-1.5","","86","","22","","4","","","","","M","","","","","NA"
"2015-03-10 23:00","2015","03","10","23:00","-1.1","","-2.6","","89","","7","","3","","","","","M","","","-2","","NA"
"2015-03-11 00:00","2015","03","11","00:00","-0.9","","-2.4","","90","","24","","5","","","","","M","","","-3","","NA"
"2015-03-11 01:00","2015","03","11","01:00","-1.3","","-2.1","","94","","9","","1","","","","","M","","","-2","","NA"
"2015-03-11 02:00","2015","03","11","02:00","-0.4","","-1.3","","94","","21","","2","","","","","M","","","-1","","NA"
"2015-03-11 03:00","2015","03","11","03:00","-0.8","","-1.7","","94","","","","0","","","","","M","","","","","NA"
"2015-03-11 04:00","2015","03","11","04:00","-0.6","","-1.7","","93","","0","","1","","","","","M","","","-1","","NA"
"2015-03-11 05:00","2015","03","11","05:00","-0.2","","-1.4","","92","","","","0","","","","","M","","","","","NA"
"2015-03-11 06:00","2015","03","11","06:00","0.9","","-0.7","","90","","2","","5","","","","","M","","","","","NA"
"2015-03-11 07:00","2015","03","11","07:00","1.9","","-0.7","","83","","3","","3","","","","","M","","","","","NA"
"2015-03-11 08:00","2015","03","11","08:00","3.1","","-1.6","","71","","19","","6","","","","","M","","","","","NA"
"2015-03-11 09:00","2015","03","11","09:00","4.8","","-1.3","","65","","29","","3","","","","","M","","","","","NA"
"2015-03-11 10:00","2015","03","11","10:00","9.0","","-3.1","","43","","22","","8","","","","","M","","","","","NA"
"2015-03-11 11:00","2015","03","11","11:00","11.3","","-3.2","","36","","20","","14","","","","","M","","","","","NA"
"2015-03-11 12:00","2015","03","11","12:00","13.8","","-3.3","","30","","21","","15","","","","","M","","","","","NA"
"2015-03-11 13:00","2015","03","11","13:00","15.4","","-4.1","","26","","18","","22","","","","","M","","","","","NA"
"2015-03-11 14:00","2015","03","11","14:00","16.5","","-3.4","","25","","23","","25","","","","","M","","","","","NA"
"2015-03-11 15:00","2015","03","11","15:00","15.2","","-3.8","","27","","26","","25","","","","","M","","","","","NA"
"2015-03-11 16:00","2015","03","11","16:00","14.7","","-3.5","","28","","25","","27","","","","","M","","","","","NA"
"2015-03-11 17:00","2015","03","11","17:00","13.9","","-3.1","","31","","25","","19","","","","","M","","","","","NA"
"2015-03-11 18:00","2015","03","11","18:00","8.8","","-3.4","","42","","28","","9","","","","","M","","","","","NA"
"2015-03-11 19:00","2015","03","11","19:00","4.3","","-3.7","","56","","24","","7","","","","","M","","","","","NA"
"2015-03-11 20:00","2015","03","11","20:00","4.8","","-3.4","","55","","26","","11","","","","","M","","","","","NA"
"2015-03-11 21:00","2015","03","11","21:00","3.1","","-3.9","","60","","23","","3","","","","","M","","","","","NA"
"2015-03-11 22:00","2015","03","11","22:00","0.5","","-4.4","","70","","36","","3","","","","","M","","","","","NA"
"2015-03-11 23:00","2015","03","11","23:00","2.1","","-3.5","","67","","19","","2","","","","","M","","","","","NA"
"2015-03-12 00:00","2015","03","12","00:00","3.2","","-3.2","","63","","24","","6","","","","","M","","","","","NA"
"2015-03-12 01:00","2015","03","12","01:00","2.8","","-2.5","","68","","25","","7","","","","","M","","","","","NA"
"2015-03-12 02:00","2015","03","12","02:00","3.2","","-2.3","","67","","23","","7","","","","","M","","","","","NA"
"2015-03-12 03:00","2015","03","12","03:00","1.3","","-3.2","","72","","6","","6","","","","","M","","","","","NA"
"2015-03-12 04:00","2015","03","12","04:00","2.5","","-1.9","","73","","17","","9","","","","","M","","","","","NA"
"2015-03-12 05:00","2015","03","12","05:00","6.6","","-1.2","","57","","22","","14","","","","","M","","","","","NA"
"2015-03-12 06:00","2015","03","12","06:00","6.6","","-1.2","","58","","20","","13","","","","","M","","","","","NA"
"2015-03-12 07:00","2015","03","12","07:00","5.6","","-1.8","","59","","20","","10","","","","","M","","","","","NA"
"2015-03-12 08:00","2015","03","12","08:00","7.3","","-1.5","","54","","20","","16","","","","","M","","","","","NA"
"2015-03-12 09:00","2015","03","12","09:00","11.2","","-1.1","","43","","23","","16","","","","","M","","","","","NA"
"2015-03-12 10:00","2015","03","12","10:00","14.0","","-2.6","","32","","26","","29","","","","","M","","","","","NA"
"2015-03-12 11:00","2015","03","12","11:00","15.3","","-3.3","","28","","26","","24","","","","","M","","","","","NA"
"2015-03-12 12:00","2015","03","12","12:00","15.0","","-4.8","","25","","26","","36","","","","","M","","","","","NA"
"2015-03-12 13:00","2015","03","12","13:00","15.6","","-5.7","","23","","26","","29","","","","","M","","","","","NA"
"2015-03-12 14:00","2015","03","12","14:00","15.8","","-6.3","","21","","27","","31","","","","","M","","","","","NA"
"2015-03-12 15:00","2015","03","12","15:00","15.9","","-6.6","","21","","27","","26","","","","","M","","","","","NA"
"2015-03-12 16:00","2015","03","12","16:00","15.8","","-7.3","","20","","29","","26","","","","","M","","","","","NA"
"2015-03-12 17:00","2015","03","12","17:00","13.2","","-6.0","","26","","26","","23","","","","","M","","","","","NA"
"2015-03-12 18:00","2015","03","12","18:00","7.0","","-5.7","","40","","23","","7","","","","","M","","","","","NA"
"2015-03-12 19:00","2015","03","12","19:00","6.5","","-5.4","","42","","25","","9","","","","","M","","","","","NA"
"2015-03-12 20:00","2015","03","12","20:00","5.1","","-5.7","","46","","24","","9","","","","","M","","","","","NA"
"2015-03-12 21:00","2015","03","12","21:00","4.7","","-5.6","","47","","23","","8","","","","","M","","","","","NA"
"2015-03-12 22:00","2015","03","12","22:00","3.3","","-5.4","","53","","30","","10","","","","","M","","","","","NA"
"2015-03-12 23:00","2015","03","12","23:00","-2.2","","-6.1","","74","","6","","6","","","","","M","","","-5","","NA"
"2015-03-13 00:00","2015","03","13","00:00","1.0","","-5.6","","62","","27","","3","","","","","M","","","","","NA"
"2015-03-13 01:00","2015","03","13","01:00","0.7","","-5.7","","62","","23","","1","","","","","M","","","","","NA"
"2015-03-13 02:00","2015","03","13","02:00","-0.4","","-5.4","","69","","23","","2","","","","","M","","","-1","","NA"
"2015-03-13 03:00","2015","03","13","03:00","-1.5","","-5.3","","75","","11","","3","","","","","M","","","-3","","NA"
"2015-03-13 04:00","2015","03","13","04:00","-0.2","","-5.0","","70","","26","","2","","","","","M","","","-1","","NA"
"2015-03-13 05:00","2015","03","13","05:00","-0.9","","-5.3","","72","","8","","6","","","","","M","","","-3","","NA"
"2015-03-13 06:00","2015","03","13","06:00","0.1","","-5.1","","68","","6","","4","","","","","M","","","","","NA"
"2015-03-13 07:00","2015","03","13","07:00","-1.3","","-4.5","","79","","18","","2","","","","","M","","","-2","","NA"
"2015-03-13 08:00","2015","03","13","08:00","3.2","","-1.5","","71","","18","","4","","","","","M","","","","","NA"
"2015-03-13 09:00","2015","03","13","09:00","3.4","","-1.5","","70","","17","","8","","","","","M","","","","","NA"
"2015-03-13 10:00","2015","03","13","10:00","6.4","","-1.5","","57","","16","","13","","","","","M","","","","","NA"
"2015-03-13 11:00","2015","03","13","11:00","10.5","","-2.0","","42","","15","","17","","","","","M","","","","","NA"
"2015-03-13 12:00","2015","03","13","12:00","13.0","","-4.4","","29","","16","","20","","","","","M","","","","","NA"
"2015-03-13 13:00","2015","03","13","13:00","15.6","","-4.8","","24","","18","","26","","","","","M","","","","","NA"
"2015-03-13 14:00","2015","03","13","14:00","16.8","","-4.5","","23","","17","","27","","","","","M","","","","","NA"
"2015-03-13 15:00","2015","03","13","15:00","18.5","","-5.7","","19","","17","","21","","","","","M","","","","","NA"
"2015-03-13 16:00","2015","03","13","16:00","18.8","","-8.9","","14","","17","","14","","","","","M","","","","","NA"
"2015-03-13 17:00","2015","03","13","17:00","17.6","","-8.7","","16","","23","","16","","","","","M","","","","","NA"
"2015-03-13 18:00","2015","03","13","18:00","14.8","","-6.3","","23","","21","","14","","","","","M","","","","","NA"
"2015-03-13 19:00","2015","03","13","19:00","9.4","","-7.0","","31","","18","","11","","","","","M","","","","","NA"
"2015-03-13 20:00","2015","03","13","20:00","5.3","","-6.3","","43","","18","","13","","","","","M","","","","","NA"
"2015-03-13 21:00","2015","03","13","21:00","9.0","","-7.4","","30","","17","","17","","","","","M","","","","","NA"
"2015-03-13 22:00","2015","03","13","22:00","10.4","","-7.2","","28","","21","","19","","","","","M","","","","","NA"
"2015-03-13 23:00","2015","03","13","23:00","7.9","","-7.0","","34","","18","","11","","","","","M","","","","","NA"
"2015-03-14 00:00","2015","03","14","00:00","8.9","","-8.3","","29","","16","","19","","","","","M","","","","","NA"
"2015-03-14 01:00","2015","03","14","01:00","9.5","","-7.1","","30","","16","","16","","","","","M","","","","","NA"
"2015-03-14 02:00","2015","03","14","02:00","9.7","","-6.5","","31","","18","","17","","","","","M","","","","","NA"
"2015-03-14 03:00","2015","03","14","03:00","10.1","","-5.7","","32","","20","","32","","","","","M","","","","","NA"
"2015-03-14 04:00","2015","03","14","04:00","9.2","","-4.8","","37","","19","","29","","","","","M","","","","","NA"
"2015-03-14 05:00","2015","03","14","05:00","8.4","","-4.7","","39","","19","","29","","","","","M","","","","","NA"
"2015-03-14 06:00","2015","03","14","06:00","8.3","","-3.3","","44","","18","","27","","","","","M","","","","","NA"
"2015-03-14 07:00","2015","03","14","07:00","9.4","","-2.4","","43","","17","","27","","","","","M","","","","","NA"
"2015-03-14 08:00","2015","03","14","08:00","11.6","","-0.3","","44","","18","","29","","","","","M","","","","","NA"
"2015-03-14 09:00","2015","03","14","09:00","13.0","","0.1","","41","","18","","32","","","","","M","","","","","NA"
"2015-03-14 10:00","2015","03","14","10:00","15.0","","-0.8","","34","","21","","20","","","","","M","","","","","NA"
"2015-03-14 11:00","2015","03","14","11:00","15.2","","-1.2","","32","","25","","30","","","","","M","","","","","NA"
"2015-03-14 12:00","2015","03","14","12:00","15.3","","0.1","","35","","26","","39","","","","","M","","","","","NA"
"2015-03-14 13:00","2015","03","14","13:00","15.7","","-0.3","","34","","26","","38","","","","","M","","","","","NA"
"2015-03-14 14:00","2015","03","14","14:00","16.0","","-0.4","","33","","24","","37","","","","","M","","","","","NA"
"2015-03-14 15:00","2015","03","14","15:00","15.7","","-0.7","","33","","25","","30","","","","","M","","","","","NA"
"2015-03-14 16:00","2015","03","14","16:00","15.9","","-0.9","","32","","26","","45","","","","","M","","","","","NA"
"2015-03-14 17:00","2015","03","14","17:00","14.7","","-0.5","","35","","24","","30","","","","","M","","","","","NA"
"2015-03-14 18:00","2015","03","14","18:00","11.3","","0.5","","47","","24","","20","","","","","M","","","","","NA"
"2015-03-14 19:00","2015","03","14","19:00","10.3","","1.5","","54","","25","","28","","","","","M","","","","","NA"
"2015-03-14 20:00","2015","03","14","20:00","10.3","","1.3","","54","","26","","49","","","","","M","","","","","NA"
"2015-03-14 21:00","2015","03","14","21:00","7.8","","1.9","","66","","25","","33","","","","","M","","","","","NA"
"2015-03-14 22:00","2015","03","14","22:00","7.3","","1.2","","66","","23","","27","","","","","M","","","","","NA"
"2015-03-14 23:00","2015","03","14","23:00","6.1","","-3.2","","51","","26","","16","","","","","M","","","","","NA"
"2015-03-15 00:00","2015","03","15","00:00","4.4","","-3.5","","57","","26","","9","","","","","M","","","","","NA"
"2015-03-15 01:00","2015","03","15","01:00","6.2","","-4.2","","48","","26","","14","","","","","M","","","","","NA"
"2015-03-15 02:00","2015","03","15","02:00","6.2","","-2.9","","52","","25","","15","","","","","M","","","","","NA"
"2015-03-15 03:00","2015","03","15","03:00","3.9","","-4.2","","56","","1","","8","","","","","M","","","","","NA"
"2015-03-15 04:00","2015","03","15","04:00","5.2","","-3.5","","54","","36","","2","","","","","M","","","","","NA"
"2015-03-15 05:00","2015","03","15","05:00","5.0","","-5.1","","48","","5","","8","","","","","M","","","","","NA"
"2015-03-15 06:00","2015","03","15","06:00","3.6","","-5.5","","51","","7","","10","","","","","M","","","","","NA"
"2015-03-15 07:00","2015","03","15","07:00","2.1","","-4.6","","61","","7","","11","","","","","M","","","","","NA"
"2015-03-15 08:00","2015","03","15","08:00","3.4","","-2.3","","66","","7","","17","","","","","M","","","","","NA"
"2015-03-15 09:00","2015","03","15","09:00","3.4","","-2.8","","64","","7","","24","","","","","M","","","","","NA"
"2015-03-15 10:00","2015","03","15","10:00","3.3","","-5.6","","52","","6","","26","","","","","M","","","","","NA"
"2015-03-15 11:00","2015","03","15","11:00","3.7","","-5.0","","53","","5","","22","","","","","M","","","","","NA"
"2015-03-15 12:00","2015","03","15","12:00","4.2","","-6.0","","47","","8","","19","","","","","M","","","","","NA"
"2015-03-15 13:00","2015","03","15","13:00","3.2","","-4.6","","56","","8","","18","","","","","M","","","","","NA"
"2015-03-15 14:00","2015","03","15","14:00","2.8","","-4.9","","57","","8","","16","","","","","M","","","","","NA"
"2015-03-15 15:00","2015","03","15","15:00","2.7","","-6.6","","50","","9","","17","","","","","M","","","","","NA"
"2015-03-15 16:00","2015","03","15","16:00","0.3","","-2.0","","85","","10","","17","","","","","M","","","","","NA"
"2015-03-15 17:00","2015","03","15","17:00","-0.5","","-1.6","","93","","7","","12","","","","","M","","","-4","","NA"
"2015-03-15 18:00","2015","03","15","18:00","-1.2","","-2.0","","94","","4","","16","","","","","M","","","-6","","NA"
"2015-03-15 19:00","2015","03","15","19:00","-1.5","","-2.3","","95","","4","","15","","","","","M","","","-6","","NA"
"2015-03-15 20:00","2015","03","15","20:00","-1.8","","-2.5","","95","","4","","16","","","","","M","","","-7","","NA"
"2015-03-15 21:00","2015","03","15","21:00","-2.2","","-2.9","","95","","4","","13","","","","","M","","","-7","","NA"
"2015-03-15 22:00","2015","03","15","22:00","-2.2","","-2.8","","95","","3","","7","","","","","M","","","-5","","NA"
"2015-03-15 23:00","2015","03","15","23:00","-2.6","","-3.3","","95","","6","","6","","","","","M","","","-5","","NA"
"2015-03-16 00:00","2015","03","16","00:00","-2.7","","-3.5","","95","","5","","9","","","","","M","","","-6","","NA"
"2015-03-16 01:00","2015","03","16","01:00","-2.7","","-3.5","","95","","3","","7","","","","","M","","","-6","","NA"
"2015-03-16 02:00","2015","03","16","02:00","-2.7","","-3.4","","95","","5","","7","","","","","M","","","-6","","NA"
"2015-03-16 03:00","2015","03","16","03:00","-2.7","","-3.4","","95","","3","","7","","","","","M","","","-6","","NA"
"2015-03-16 04:00","2015","03","16","04:00","-2.7","","-3.4","","95","","1","","6","","","","","M","","","-5","","NA"
"2015-03-16 05:00","2015","03","16","05:00","-3.1","","-3.7","","95","","35","","7","","","","","M","","","-6","","NA"
"2015-03-16 06:00","2015","03","16","06:00","-3.6","","-4.3","","95","","2","","2","","","","","M","","","-4","","NA"
"2015-03-16 07:00","2015","03","16","07:00","-3.3","","-3.9","","95","","33","","2","","","","","M","","","-4","","NA"
"2015-03-16 08:00","2015","03","16","08:00","-2.3","","-3.0","","95","","","","0","","","","","M","","","","","NA"
"2015-03-16 09:00","2015","03","16","09:00","-1.9","","-3.1","","92","","11","","4","","","","","M","","","-3","","NA"
"2015-03-16 10:00","2015","03","16","10:00","-2.0","","-3.3","","91","","12","","10","","","","","M","","","-6","","NA"
"2015-03-16 11:00","2015","03","16","11:00","-1.4","","-3.1","","88","","13","","11","","","","","M","","","-5","","NA"
"2015-03-16 12:00","2015","03","16","12:00","-0.3","","-2.9","","82","","16","","15","","","","","M","","","-5","","NA"
"2015-03-16 13:00","2015","03","16","13:00","-0.5","","-3.4","","81","","16","","15","","","","","M","","","-5","","NA"
"2015-03-16 14:00","2015","03","16","14:00","-0.2","","-3.4","","79","","17","","23","","","","","M","","","-6","","NA"
"2015-03-16 15:00","2015","03","16","15:00","-0.5","","-3.6","","80","","17","","25","","","","","M","","","-7","","NA"
"2015-03-16 16:00","2015","03","16","16:00","-0.5","","-3.3","","81","","16","","25","","","","","M","","","-7","","NA"
"2015-03-16 17:00","2015","03","16","17:00","-0.8","","-3.4","","83","","17","","32","","","","","M","","","-8","","NA"
"2015-03-16 18:00","2015","03","16","18:00","-1.9","","-4.1","","85","","17","","25","","","","","M","","","-8","","NA"
"2015-03-16 19:00","2015","03","16","19:00","-3.6","","-5.0","","90","","17","","17","","","","","M","","","-9","","NA"
"2015-03-16 20:00","2015","03","16","20:00","-3.8","","-5.3","","89","","16","","23","","","","","M","","","-11","","NA"
"2015-03-16 21:00","2015","03","16","21:00","-4.0","","-5.4","","90","","16","","17","","","","","M","","","-10","","NA"
"2015-03-16 22:00","2015","03","16","22:00","-3.6","","-5.8","","85","","17","","19","","","","","M","","","-10","","NA"
"2015-03-16 23:00","2015","03","16","23:00","-5.9","","-6.9","","93","","17","","8","","","","","M","","","-10","","NA"
"2015-03-17 00:00","2015","03","17","00:00","-6.4","","-7.4","","92","","18","","6","","","","","M","","","-9","","NA"
"2015-03-17 01:00","2015","03","17","01:00","-6.4","","-7.5","","92","","20","","3","","","","","M","","","-8","","NA"
"2015-03-17 02:00","2015","03","17","02:00","-8.3","","-9.1","","94","","9","","2","","","","","M","","","-9","","NA"
"2015-03-17 03:00","2015","03","17","03:00","-5.6","","-6.3","","95","","10","","3","","","","","M","","","-7","","NA"
"2015-03-17 04:00","2015","03","17","04:00","-0.9","","-2.9","","86","","18","","20","","","","","M","","","-6","","NA"
"2015-03-17 05:00","2015","03","17","05:00","-0.6","","-3.3","","82","","18","","19","","","","","M","","","-6","","NA"
"2015-03-17 06:00","2015","03","17","06:00","-1.0","","-3.2","","85","","17","","15","","","","","M","","","-6","","NA"
"2015-03-17 07:00","2015","03","17","07:00","-1.0","","-2.8","","88","","17","","11","","","","","M","","","-5","","NA"
"2015-03-17 08:00","2015","03","17","08:00","-0.7","","-2.6","","87","","16","","12","","","","","M","","","-5","","NA"
"2015-03-17 09:00","2015","03","17","09:00","-2.1","","-4.2","","86","","32","","5","","","","","M","","","-4","","NA"
"2015-03-17 10:00","2015","03","17","10:00","1.1","","-2.1","","80","","18","","6","","","","","M","","","","","NA"
"2015-03-17 11:00","2015","03","17","11:00","0.4","","-2.0","","84","","14","","18","","","","","M","","","","","NA"
"2015-03-17 12:00","2015","03","17","12:00","0.5","","-2.2","","82","","15","","19","","","","","M","","","","","NA"
"2015-03-17 13:00","2015","03","17","13:00","0.9","","-2.3","","80","","14","","19","","","","","M","","","","","NA"
"2015-03-17 14:00","2015","03","17","14:00","1.6","","-2.1","","77","","16","","13","","","","","M","","","","","NA"
"2015-03-17 15:00","2015","03","17","15:00","1.2","","-2.5","","76","","13","","16","","","","","M","","","","","NA"
"2015-03-17 16:00","2015","03","17","16:00","1.1","","-2.4","","78","","14","","16","","","","","M","","","","","NA"
"2015-03-17 17:00","2015","03","17","17:00","0.5","","-1.9","","84","","15","","16","","","","","M","","","","","NA"
"2015-03-17 18:00","2015","03","17","18:00","0.2","","-2.1","","84","","15","","15","","","","","M","","","","","NA"
"2015-03-17 19:00","2015","03","17","19:00","0.0","","-2.2","","86","","16","","13","","","","","M","","","-4","","NA"
"2015-03-17 20:00","2015","03","17","20:00","-0.2","","-2.2","","87","","17","","9","","","","","M","","","-3","","NA"
"2015-03-17 21:00","2015","03","17","21:00","-0.3","","-1.9","","89","","19","","5","","","","","M","","","-2","","NA"
"2015-03-17 22:00","2015","03","17","22:00","-0.4","","-1.7","","90","","21","","2","","","","","M","","","-1","","NA"
"2015-03-17 23:00","2015","03","17","23:00","-0.2","","-1.8","","89","","16","","3","","","","","M","","","-1","","NA"
"2015-03-18 00:00","2015","03","18","00:00","-0.6","","-1.7","","92","","10","","7","","","","","M","","","-3","","NA"
"2015-03-18 01:00","2015","03","18","01:00","-0.4","","-1.8","","90","","11","","5","","","","","M","","","-2","","NA"
"2015-03-18 02:00","2015","03","18","02:00","-0.5","","-1.8","","90","","7","","4","","","","","M","","","-2","","NA"
"2015-03-18 03:00","2015","03","18","03:00","-0.5","","-1.5","","93","","9","","4","","","","","M","","","-2","","NA"
"2015-03-18 04:00","2015","03","18","04:00","-0.6","","-1.4","","94","","4","","3","","","","","M","","","-2","","NA"
"2015-03-18 05:00","2015","03","18","05:00","-0.8","","-1.5","","95","","1","","2","","","","","M","","","-1","","NA"
"2015-03-18 06:00","2015","03","18","06:00","-0.9","","-1.5","","95","","32","","2","","","","","M","","","-2","","NA"
"2015-03-18 07:00","2015","03","18","07:00","-0.9","","-1.6","","95","","30","","6","","","","","M","","","-3","","NA"
"2015-03-18 08:00","2015","03","18","08:00","-0.2","","-1.3","","92","","30","","8","","","","","M","","","-3","","NA"
"2015-03-18 09:00","2015","03","18","09:00","-0.2","","-1.5","","91","","26","","8","","","","","M","","","-3","","NA"
"2015-03-18 10:00","2015","03","18","10:00","-0.9","","-2.2","","91","","26","","9","","","","","M","","","-4","","NA"
"2015-03-18 11:00","2015","03","18","11:00","1.0","","-1.5","","83","","26","","7","","","","","M","","","","","NA"
"2015-03-18 12:00","2015","03","18","12:00","4.4","","-0.6","","70","","27","","8","","","","","M","","","","","NA"
"2015-03-18 13:00","2015","03","18","13:00","6.9","","-0.4","","60","","32","","5","","","","","M","","","","","NA"
"2015-03-18 14:00","2015","03","18","14:00","9.9","","-2.8","","41","","35","","17","","","","","M","","","","","NA"
"2015-03-18 15:00","2015","03","18","15:00","9.9","","-4.1","","37","","1","","17","","","","","M","","","","","NA"
"2015-03-18 16:00","2015","03","18","16:00","9.7","","-5.3","","34","","3","","18","","","","","M","","","","","NA"
"2015-03-18 17:00","2015","03","18","17:00","8.9","","-4.9","","38","","4","","16","","","","","M","","","","","NA"
"2015-03-18 18:00","2015","03","18","18:00","5.9","","-2.2","","56","","11","","1","","","","","M","","","","","NA"
"2015-03-18 19:00","2015","03","18","19:00","3.1","","-3.7","","61","","15","","5","","","","","M","","","","","NA"
"2015-03-18 20:00","2015","03","18","20:00","1.3","","-4.6","","65","","14","","6","","","","","M","","","","","NA"
"2015-03-18 21:00","2015","03","18","21:00","-0.1","","-5.0","","69","","30","","3","","","","","M","","","-1","","NA"
"2015-03-18 22:00","2015","03","18","22:00","-1.9","","-5.7","","75","","31","","4","","","","","M","","","-3","","NA"
"2015-03-18 23:00","2015","03","18","23:00","-2.3","","-4.2","","86","","26","","3","","","","","M","","","-3","","NA"
"2015-03-19 00:00","2015","03","19","00:00","-3.5","","-5.1","","89","","0","","1","","","","","M","","","-4","","NA"
"2015-03-19 01:00","2015","03","19","01:00","-3.8","","-5.8","","86","","5","","2","","","","","M","","","-5","","NA"
"2015-03-19 02:00","2015","03","19","02:00","-4.0","","-6.1","","85","","26","","5","","","","","M","","","-6","","NA"
"2015-03-19 03:00","2015","03","19","03:00","-4.1","","-5.5","","90","","0","","1","","","","","M","","","-5","","NA"
"2015-03-19 04:00","2015","03","19","04:00","-2.4","","-4.9","","83","","35","","3","","","","","M","","","-4","","NA"
"2015-03-19 05:00","2015","03","19","05:00","-3.6","","-5.8","","85","","1","","3","","","","","M","","","-5","","NA"
"2015-03-19 06:00","2015","03","19","06:00","-3.5","","-5.7","","85","","6","","2","","","","","M","","","-4","","NA"
"2015-03-19 07:00","2015","03","19","07:00","-4.1","","-6.1","","86","","8","","3","","","","","M","","","-5","","NA"
"2015-03-19 08:00","2015","03","19","08:00","0.1","","-2.8","","81","","14","","4","","","","","M","","","","","NA"
"2015-03-19 09:00","2015","03","19","09:00","3.3","","-1.4","","72","","16","","8","","","","","M","","","","","NA"
"2015-03-19 10:00","2015","03","19","10:00","5.5","","-1.0","","63","","13","","13","","","","","M","","","","","NA"
"2015-03-19 11:00","2015","03","19","11:00","7.0","","1.8","","70","","17","","15","","","","","M","","","","","NA"
"2015-03-19 12:00","2015","03","19","12:00","9.8","","1.8","","58","","19","","12","","","","","M","","","","","NA"
"2015-03-19 13:00","2015","03","19","13:00","11.9","","1.4","","49","","19","","20","","","","","M","","","","","NA"
"2015-03-19 14:00","2015","03","19","14:00","12.0","","0.3","","44","","22","","21","","","","","M","","","","","NA"
"2015-03-19 15:00","2015","03","19","15:00","13.3","","0.6","","42","","20","","26","","","","","M","","","","","NA"
"2015-03-19 16:00","2015","03","19","16:00","13.8","","-1.5","","35","","22","","25","","","","","M","","","","","NA"
"2015-03-19 17:00","2015","03","19","17:00","11.8","","-0.8","","42","","23","","29","","","","","M","","","","","NA"
"2015-03-19 18:00","2015","03","19","18:00","10.9","","-1.0","","44","","25","","26","","","","","M","","","","","NA"
"2015-03-19 19:00","2015","03","19","19:00","6.7","","-1.1","","58","","25","","13","","","","","M","","","","","NA"
"2015-03-19 20:00","2015","03","19","20:00","3.6","","-1.7","","68","","24","","9","","","","","M","","","","","NA"
"2015-03-19 21:00","2015","03","19","21:00","2.8","","-0.5","","79","","34","","12","","","","","M","","","","","NA"
"2015-03-19 22:00","2015","03","19","22:00","1.7","","-1.0","","83","","32","","12","","","","","M","","","","","NA"
"2015-03-19 23:00","2015","03","19","23:00","-0.5","","-1.9","","90","","22","","7","","","","","M","","","-3","","NA"
"2015-03-20 00:00","2015","03","20","00:00","-0.4","","-2.0","","89","","23","","4","","","","","M","","","-2","","NA"
"2015-03-20 01:00","2015","03","20","01:00","-2.2","","-3.8","","89","","4","","8","","","","","M","","","-5","","NA"
"2015-03-20 02:00","2015","03","20","02:00","-2.1","","-3.2","","92","","22","","3","","","","","M","","","-3","","NA"
"2015-03-20 03:00","2015","03","20","03:00","-2.0","","-3.1","","93","","12","","2","","","","","M","","","-3","","NA"
"2015-03-20 04:00","2015","03","20","04:00","-2.4","","-3.5","","92","","0","","1","","","","","M","","","-3","","NA"
"2015-03-20 05:00","2015","03","20","05:00","-1.5","","-2.7","","92","","36","","1","","","","","M","","","-2","","NA"
"2015-03-20 06:00","2015","03","20","06:00","-1.9","","-3.0","","92","","25","","2","","","","","M","","","-3","","NA"
"2015-03-20 07:00","2015","03","20","07:00","-1.0","","-2.4","","91","","1","","16","","","","","M","","","-6","","NA"
"2015-03-20 08:00","2015","03","20","08:00","-1.8","","-2.9","","92","","36","","15","","","","","M","","","-7","","NA"
"2015-03-20 09:00","2015","03","20","09:00","-1.4","","-2.7","","91","","35","","12","","","","","M","","","-5","","NA"
"2015-03-20 10:00","2015","03","20","10:00","-1.4","","-2.6","","92","","36","","17","","","","","M","","","-7","","NA"
"2015-03-20 11:00","2015","03","20","11:00","-0.2","","-2.0","","88","","33","","10","","","","","M","","","-4","","NA"
"2015-03-20 12:00","2015","03","20","12:00","1.4","","-1.9","","78","","9","","8","","","","","M","","","","","NA"
"2015-03-20 13:00","2015","03","20","13:00","1.9","","-0.9","","81","","9","","16","","","","","M","","","","","NA"
"2015-03-20 14:00","2015","03","20","14:00","2.8","","-0.5","","79","","11","","16","","","","","M","","","","","NA"
"2015-03-20 15:00","2015","03","20","15:00","1.5","","-0.4","","87","","11","","21","","","","","M","","","","","NA"
"2015-03-20 16:00","2015","03","20","16:00","1.7","","-0.2","","87","","11","","20","","","","","M","","","","","NA"
"2015-03-20 17:00","2015","03","20","17:00","1.4","","-0.3","","88","","11","","21","","","","","M","","","","","NA"
"2015-03-20 18:00","2015","03","20","18:00","1.0","","-0.4","","91","","11","","20","","","","","M","","","","","NA"
"2015-03-20 19:00","2015","03","20","19:00","0.5","","-0.3","","94","","10","","16","","","","","M","","","","","NA"
"2015-03-20 20:00","2015","03","20","20:00","0.5","","-0.1","","95","","11","","14","","","","","M","","","","","NA"
"2015-03-20 21:00","2015","03","20","21:00","0.5","","-0.1","","96","","11","","11","","","","","M","","","","","NA"
"2015-03-20 22:00","2015","03","20","22:00","0.6","","0.0","","96","","12","","13","","","","","M","","","","","NA"
"2015-03-20 23:00","2015","03","20","23:00","0.4","","-0.2","","96","","11","","14","","","","","M","","","","","NA"
"2015-03-21 00:00","2015","03","21","00:00","0.1","","-0.4","","96","","11","","14","","","","","M","","","","","NA"
"2015-03-21 01:00","2015","03","21","01:00","-0.2","","-0.7","","97","","10","","13","","","","","M","","","-4","","NA"
"2015-03-21 02:00","2015","03","21","02:00","-0.5","","-1.0","","97","","9","","13","","","","","M","","","-5","","NA"
"2015-03-21 03:00","2015","03","21","03:00","-0.8","","-1.2","","97","","11","","12","","","","","M","","","-5","","NA"
"2015-03-21 04:00","2015","03","21","04:00","-0.7","","-1.1","","97","","11","","7","","","","","M","","","-3","","NA"
"2015-03-21 05:00","2015","03","21","05:00","-0.8","","-1.2","","97","","10","","8","","","","","M","","","-4","","NA"
"2015-03-21 06:00","2015","03","21","06:00","-1.0","","-1.4","","97","","9","","10","","","","","M","","","-5","","NA"
"2015-03-21 07:00","2015","03","21","07:00","-1.1","","-1.6","","97","","11","","2","","","","","M","","","-2","","NA"
"2015-03-21 08:00","2015","03","21","08:00","-1.0","","-1.4","","97","","10","","5","","","","","M","","","-3","","NA"
"2015-03-21 09:00","2015","03","21","09:00","-0.7","","-1.1","","97","","6","","5","","","","","M","","","-2","","NA"
"2015-03-21 10:00","2015","03","21","10:00","-0.2","","-0.6","","97","","10","","8","","","","","M","","","-3","","NA"
"2015-03-21 11:00","2015","03","21","11:00","1.7","","1.2","","96","","11","","10","","","","","M","","","","","NA"
"2015-03-21 12:00","2015","03","21","12:00","5.7","","4.7","","93","","11","","13","","","","","M","","","","","NA"
"2015-03-21 13:00","2015","03","21","13:00","11.1","","4.0","","62","","11","","16","","","","","M","","","","","NA"
"2015-03-21 14:00","2015","03","21","14:00","13.7","","2.8","","48","","32","","10","","","","","M","","","","","NA"
"2015-03-21 15:00","2015","03","21","15:00","11.5","","4.8","","64","","5","","19","","","","","M","","","","","NA"
"2015-03-21 16:00","2015","03","21","16:00","8.2","","3.7","","74","","2","","24","","","","","M","","","","","NA"
"2015-03-21 17:00","2015","03","21","17:00","5.6","","2.2","","79","","33","","25","","","","","M","","","","","NA"
"2015-03-21 18:00","2015","03","21","18:00","1.2","","0.3","","94","","35","","29","","","","","M","","","","","NA"
"2015-03-21 19:00","2015","03","21","19:00","0.1","","-0.6","","96","","5","","16","","","","","M","","","","","NA"
"2015-03-21 20:00","2015","03","21","20:00","-0.1","","-0.7","","96","","36","","11","","","","","M","","","-4","","NA"
"2015-03-21 21:00","2015","03","21","21:00","-0.5","","-1.2","","96","","36","","14","","","","","M","","","-5","","NA"
"2015-03-21 22:00","2015","03","21","22:00","-1.0","","-1.6","","96","","35","","16","","","","","M","","","-6","","NA"
"2015-03-21 23:00","2015","03","21","23:00","-1.6","","-2.1","","97","","35","","19","","","","","M","","","-7","","NA"
"2015-03-22 00:00","2015","03","22","00:00","-2.1","","-3.0","","93","","35","","16","","","","","M","","","-7","","NA"
"2015-03-22 01:00","2015","03","22","01:00","-2.8","","-3.9","","92","","34","","20","","","","","M","","","-9","","NA"
"2015-03-22 02:00","2015","03","22","02:00","-2.9","","-4.0","","92","","35","","15","","","","","M","","","-8","","NA"
"2015-03-22 03:00","2015","03","22","03:00","-4.3","","-5.4","","92","","34","","6","","","","","M","","","-7","","NA"
"2015-03-22 04:00","2015","03","22","04:00","-5.7","","-6.5","","94","","30","","3","","","","","M","","","-7","","NA"
"2015-03-22 05:00","2015","03","22","05:00","-6.1","","-7.0","","94","","29","","5","","","","","M","","","-9","","NA"
"2015-03-22 06:00","2015","03","22","06:00","-6.2","","-6.9","","94","","31","","6","","","","","M","","","-9","","NA"
"2015-03-22 07:00","2015","03","22","07:00","-5.8","","-6.8","","93","","31","","4","","","","","M","","","-8","","NA"
"2015-03-22 08:00","2015","03","22","08:00","-2.6","","-5.0","","84","","34","","13","","","","","M","","","-7","","NA"
"2015-03-22 09:00","2015","03","22","09:00","-1.1","","-4.9","","75","","35","","20","","","","","M","","","-7","","NA"
"2015-03-22 10:00","2015","03","22","10:00","-0.4","","-5.0","","71","","36","","18","","","","","M","","","-5","","NA"
"2015-03-22 11:00","2015","03","22","11:00","0.5","","-4.8","","68","","1","","15","","","","","M","","","","","NA"
"2015-03-22 12:00","2015","03","22","12:00","2.1","","-3.9","","65","","36","","9","","","","","M","","","","","NA"
"2015-03-22 13:00","2015","03","22","13:00","2.7","","-4.2","","60","","7","","12","","","","","M","","","","","NA"
"2015-03-22 14:00","2015","03","22","14:00","3.5","","-4.2","","57","","3","","7","","","","","M","","","","","NA"
"2015-03-22 15:00","2015","03","22","15:00","3.6","","-3.7","","59","","6","","13","","","","","M","","","","","NA"
"2015-03-22 16:00","2015","03","22","16:00","4.2","","-4.0","","55","","7","","11","","","","","M","","","","","NA"
"2015-03-22 17:00","2015","03","22","17:00","3.6","","-3.9","","58","","7","","14","","","","","M","","","","","NA"
"2015-03-22 18:00","2015","03","22","18:00","2.5","","-4.0","","62","","6","","17","","","","","M","","","","","NA"
"2015-03-22 19:00","2015","03","22","19:00","-0.7","","-4.5","","75","","8","","9","","","","","M","","","-4","","NA"
"2015-03-22 20:00","2015","03","22","20:00","-2.6","","-4.9","","84","","7","","9","","","","","M","","","-6","","NA"
"2015-03-22 21:00","2015","03","22","21:00","-2.3","","-4.8","","83","","9","","11","","","","","M","","","-6","","NA"
"2015-03-22 22:00","2015","03","22","22:00","-3.1","","-5.1","","86","","11","","11","","","","","M","","","-7","","NA"
"2015-03-22 23:00","2015","03","22","23:00","-3.8","","-5.6","","87","","12","","8","","","","","M","","","-7","","NA"
"2015-03-23 00:00","2015","03","23","00:00","-5.0","","-6.2","","91","","12","","3","","","","","M","","","-6","","NA"
"2015-03-23 01:00","2015","03","23","01:00","-3.4","","-4.9","","89","","12","","13","","","","","M","","","-8","","NA"
"2015-03-23 02:00","2015","03","23","02:00","-3.1","","-5.1","","87","","13","","18","","","","","M","","","-9","","NA"
"2015-03-23 03:00","2015","03","23","03:00","-3.4","","-5.4","","87","","15","","17","","","","","M","","","-9","","NA"
"2015-03-23 04:00","2015","03","23","04:00","-4.5","","-5.7","","91","","13","","5","","","","","M","","","-7","","NA"
"2015-03-23 05:00","2015","03","23","05:00","-5.5","","-6.6","","92","","11","","6","","","","","M","","","-8","","NA"
"2015-03-23 06:00","2015","03","23","06:00","-6.1","","-7.0","","93","","9","","7","","","","","M","","","-9","","NA"
"2015-03-23 07:00","2015","03","23","07:00","-4.9","","-6.3","","90","","9","","13","","","","","M","","","-10","","NA"
"2015-03-23 08:00","2015","03","23","08:00","-4.7","","-6.1","","90","","9","","17","","","","","M","","","-11","","NA"
"2015-03-23 09:00","2015","03","23","09:00","-4.3","","-5.7","","90","","10","","19","","","","","M","","","-10","","NA"
"2015-03-23 10:00","2015","03","23","10:00","-4.0","","-5.4","","90","","10","","15","","","","","M","","","-9","","NA"
"2015-03-23 11:00","2015","03","23","11:00","-3.5","","-4.8","","90","","9","","10","","","","","M","","","-7","","NA"
"2015-03-23 12:00","2015","03","23","12:00","-3.2","","-4.7","","90","","7","","9","","","","","M","","","-7","","NA"
"2015-03-23 13:00","2015","03","23","13:00","-2.9","","-4.5","","89","","7","","7","","","","","M","","","-6","","NA"
"2015-03-23 14:00","2015","03","23","14:00","-3.5","","-4.8","","90","","6","","13","","","","","M","","","-8","","NA"
"2015-03-23 15:00","2015","03","23","15:00","-3.4","","-4.8","","90","","7","","14","","","","","M","","","-8","","NA"
"2015-03-23 16:00","2015","03","23","16:00","-2.5","","-4.6","","86","","7","","8","","","","","M","","","-6","","NA"
"2015-03-23 17:00","2015","03","23","17:00","-2.8","","-4.9","","85","","10","","7","","","","","M","","","-6","","NA"
"2015-03-23 18:00","2015","03","23","18:00","-4.1","","-5.8","","88","","12","","3","","","","","M","","","-5","","NA"
"2015-03-23 19:00","2015","03","23","19:00","-5.5","","-6.3","","94","","11","","5","","","","","M","","","-8","","NA"
"2015-03-23 20:00","2015","03","23","20:00","-3.9","","-5.1","","92","","5","","2","","","","","M","","","-5","","NA"
"2015-03-23 21:00","2015","03","23","21:00","-3.9","","-5.0","","92","","1","","7","","","","","M","","","-7","","NA"
"2015-03-23 22:00","2015","03","23","22:00","-3.9","","-4.9","","92","","31","","8","","","","","M","","","-7","","NA"
"2015-03-23 23:00","2015","03","23","23:00","-3.9","","-5.1","","91","","31","","8","","","","","M","","","-7","","NA"
"2015-03-24 00:00","2015","03","24","00:00","-3.8","","-4.6","","94","","27","","10","","","","","M","","","-8","","NA"
"2015-03-24 01:00","2015","03","24","01:00","-3.7","","-4.4","","95","","25","","8","","","","","M","","","-7","","NA"
"2015-03-24 02:00","2015","03","24","02:00","-3.6","","-4.2","","95","","27","","5","","","","","M","","","-6","","NA"
"2015-03-24 03:00","2015","03","24","03:00","-3.4","","-4.2","","94","","26","","1","","","","","M","","","-4","","NA"
"2015-03-24 04:00","2015","03","24","04:00","-2.9","","-3.9","","93","","30","","5","","","","","M","","","-5","","NA"
"2015-03-24 05:00","2015","03","24","05:00","-2.6","","-3.8","","91","","36","","7","","","","","M","","","-5","","NA"
"2015-03-24 06:00","2015","03","24","06:00","-2.6","","-4.0","","90","","1","","10","","","","","M","","","-6","","NA"
"2015-03-24 07:00","2015","03","24","07:00","-2.4","","-3.8","","90","","2","","12","","","","","M","","","-7","","NA"
"2015-03-24 08:00","2015","03","24","08:00","-2.0","","-3.6","","89","","36","","14","","","","","M","","","-7","","NA"
"2015-03-24 09:00","2015","03","24","09:00","-1.6","","-3.4","","87","","35","","11","","","","","M","","","-5","","NA"
"2015-03-24 10:00","2015","03","24","10:00","-0.6","","-3.4","","81","","35","","9","","","","","M","","","-4","","NA"
"2015-03-24 11:00","2015","03","24","11:00","-1.1","","-4.0","","81","","2","","15","","","","","M","","","-6","","NA"
"2015-03-24 12:00","2015","03","24","12:00","-0.5","","-4.0","","77","","36","","7","","","","","M","","","-3","","NA"
"2015-03-24 13:00","2015","03","24","13:00","0.0","","-4.4","","72","","1","","10","","","","","M","","","-3","","NA"
"2015-03-24 14:00","2015","03","24","14:00","-0.3","","-4.3","","74","","2","","12","","","","","M","","","-4","","NA"
"2015-03-24 15:00","2015","03","24","15:00","0.8","","-4.1","","70","","34","","6","","","","","M","","","","","NA"
"2015-03-24 16:00","2015","03","24","16:00","1.1","","-4.0","","69","","31","","2","","","","","M","","","","","NA"
"2015-03-24 17:00","2015","03","24","17:00","0.5","","-3.8","","73","","5","","1","","","","","M","","","","","NA"
"2015-03-24 18:00","2015","03","24","18:00","-0.2","","-3.9","","76","","14","","5","","","","","M","","","-2","","NA"
"2015-03-24 19:00","2015","03","24","19:00","-0.7","","-3.9","","79","","13","","5","","","","","M","","","-2","","NA"
"2015-03-24 20:00","2015","03","24","20:00","-3.8","","-5.7","","86","","16","","5","","","","","M","","","-6","","NA"
"2015-03-24 21:00","2015","03","24","21:00","-5.3","","-6.7","","90","","15","","7","","","","","M","","","-9","","NA"
"2015-03-24 22:00","2015","03","24","22:00","-5.3","","-6.5","","92","","15","","7","","","","","M","","","-9","","NA"
"2015-03-24 23:00","2015","03","24","23:00","-5.4","","-6.0","","95","","16","","11","","","","","M","","","-10","","NA"
"2015-03-25 00:00","2015","03","25","00:00","-7.4","","-8.4","","93","","21","","5","","","","","M","","","-10","","NA"
"2015-03-25 01:00","2015","03","25","01:00","-9.5","","-10.6","","91","","5","","3","","","","","M","","","-11","","NA"
"2015-03-25 02:00","2015","03","25","02:00","-9.1","","-10.2","","91","","13","","5","","","","","M","","","-12","","NA"
"2015-03-25 03:00","2015","03","25","03:00","-8.8","","-9.9","","92","","17","","3","","","","","M","","","-10","","NA"
"2015-03-25 04:00","2015","03","25","04:00","-8.1","","-9.2","","92","","16","","1","","","","","M","","","-9","","NA"
"2015-03-25 05:00","2015","03","25","05:00","-7.6","","-8.6","","92","","17","","2","","","","","M","","","-9","","NA"
"2015-03-25 06:00","2015","03","25","06:00","-8.7","","-9.9","","91","","18","","4","","","","","M","","","-11","","NA"
"2015-03-25 07:00","2015","03","25","07:00","-10.0","","-11.3","","91","","21","","2","","","","","M","","","-11","","NA"
"2015-03-25 08:00","2015","03","25","08:00","-8.6","","-9.7","","92","","17","","4","","","","","M","","","-11","","NA"
"2015-03-25 09:00","2015","03","25","09:00","-5.1","","-5.9","","94","","17","","6","","","","","M","","","-8","","NA"
"2015-03-25 10:00","2015","03","25","10:00","-2.9","","-3.6","","95","","17","","11","","","","","M","","","-7","","NA"
"2015-03-25 11:00","2015","03","25","11:00","-0.8","","-1.7","","94","","16","","9","","","","","M","","","-4","","NA"
"2015-03-25 12:00","2015","03","25","12:00","2.8","","1.6","","91","","17","","8","","","","","M","","","","","NA"
"2015-03-25 13:00","2015","03","25","13:00","6.4","","-1.9","","55","","22","","16","","","","","M","","","","","NA"
"2015-03-25 14:00","2015","03","25","14:00","7.7","","-1.7","","51","","21","","18","","","","","M","","","","","NA"
"2015-03-25 15:00","2015","03","25","15:00","9.3","","-3.1","","42","","21","","12","","","","","M","","","","","NA"
"2015-03-25 16:00","2015","03","25","16:00","10.6","","-3.7","","36","","25","","8","","","","","M","","","","","NA"
"2015-03-25 17:00","2015","03","25","17:00","10.8","","-4.6","","34","","22","","4","","","","","M","","","","","NA"
"2015-03-25 18:00","2015","03","25","18:00","8.4","","0.5","","57","","11","","6","","","","","M","","","","","NA"
"2015-03-25 19:00","2015","03","25","19:00","3.4","","-1.9","","68","","24","","6","","","","","M","","","","","NA"
"2015-03-25 20:00","2015","03","25","20:00","3.3","","-2.0","","68","","22","","4","","","","","M","","","","","NA"
"2015-03-25 21:00","2015","03","25","21:00","3.4","","-1.9","","68","","23","","6","","","","","M","","","","","NA"
"2015-03-25 22:00","2015","03","25","22:00","2.5","","-1.8","","73","","28","","3","","","","","M","","","","","NA"
"2015-03-25 23:00","2015","03","25","23:00","0.7","","-2.3","","81","","16","","3","","","","","M","","","","","NA"
"2015-03-26 00:00","2015","03","26","00:00","1.6","","-2.2","","76","","20","","4","","","","","M","","","","","NA"
"2015-03-26 01:00","2015","03","26","01:00","-0.7","","-3.4","","82","","0","","1","","","","","M","","","-1","","NA"
"2015-03-26 02:00","2015","03","26","02:00","2.7","","-3.0","","66","","26","","3","","","","","M","","","","","NA"
"2015-03-26 03:00","2015","03","26","03:00","0.0","","-3.5","","77","","14","","10","","","","","M","","","-3","","NA"
"2015-03-26 04:00","2015","03","26","04:00","-0.4","","-3.2","","81","","14","","6","","","","","M","","","-2","","NA"
"2015-03-26 05:00","2015","03","26","05:00","-0.1","","-2.9","","81","","15","","8","","","","","M","","","-3","","NA"
"2015-03-26 06:00","2015","03","26","06:00","0.4","","-2.7","","80","","17","","10","","","","","M","","","","","NA"
"2015-03-26 07:00","2015","03","26","07:00","-1.2","","-3.1","","87","","25","","2","","","","","M","","","-2","","NA"
"2015-03-26 08:00","2015","03","26","08:00","4.2","","-0.8","","70","","23","","3","","","","","M","","","","","NA"
"2015-03-26 09:00","2015","03","26","09:00","10.6","","2.0","","55","","28","","9","","","","","M","","","","","NA"
"2015-03-26 10:00","2015","03","26","10:00","13.8","","2.9","","48","","28","","16","","","","","M","","","","","NA"
"2015-03-26 11:00","2015","03","26","11:00","14.7","","-0.5","","35","","25","","7","","","","","M","","","","","NA"
"2015-03-26 12:00","2015","03","26","12:00","15.2","","-0.3","","35","","25","","14","","","","","M","","","","","NA"
"2015-03-26 13:00","2015","03","26","13:00","16.5","","-1.1","","30","","27","","13","","","","","M","","","","","NA"
"2015-03-26 14:00","2015","03","26","14:00","17.3","","-0.2","","30","","31","","7","","","","","M","","","","","NA"
"2015-03-26 15:00","2015","03","26","15:00","17.4","","0.8","","32","","30","","21","","","","","M","","","","","NA"
"2015-03-26 16:00","2015","03","26","16:00","15.6","","1.8","","39","","31","","17","","","","","M","","","","","NA"
"2015-03-26 17:00","2015","03","26","17:00","14.3","","2.3","","44","","26","","10","","","","","M","","","","","NA"
"2015-03-26 18:00","2015","03","26","18:00","13.1","","1.6","","46","","29","","11","","","","","M","","","","","NA"
"2015-03-26 19:00","2015","03","26","19:00","10.6","","2.2","","56","","27","","10","","","","","M","","","","","NA"
"2015-03-26 20:00","2015","03","26","20:00","10.7","","2.0","","55","","25","","14","","","","","M","","","","","NA"
"2015-03-26 21:00","2015","03","26","21:00","10.8","","2.0","","55","","26","","18","","","","","M","","","","","NA"
"2015-03-26 22:00","2015","03","26","22:00","9.1","","2.4","","63","","23","","10","","","","","M","","","","","NA"
"2015-03-26 23:00","2015","03","26","23:00","9.1","","2.7","","64","","24","","14","","","","","M","","","","","NA"
"2015-03-27 00:00","2015","03","27","00:00","8.2","","2.2","","66","","24","","8","","","","","M","","","","","NA"
"2015-03-27 01:00","2015","03","27","01:00","8.9","","1.7","","61","","26","","17","","","","","M","","","","","NA"
"2015-03-27 02:00","2015","03","27","02:00","7.5","","1.5","","66","","26","","6","","","","","M","","","","","NA"
"2015-03-27 03:00","2015","03","27","03:00","7.1","","1.2","","66","","23","","11","","","","","M","","","","","NA"
"2015-03-27 04:00","2015","03","27","04:00","7.7","","0.9","","62","","19","","8","","","","","M","","","","","NA"
"2015-03-27 05:00","2015","03","27","05:00","8.2","","1.0","","60","","23","","18","","","","","M","","","","","NA"
"2015-03-27 06:00","2015","03","27","06:00","7.3","","0.9","","64","","23","","17","","","","","M","","","","","NA"
"2015-03-27 07:00","2015","03","27","07:00","7.8","","0.9","","62","","24","","11","","","","","M","","","","","NA"
"2015-03-27 08:00","2015","03","27","08:00","7.9","","1.0","","62","","24","","8","","","","","M","","","","","NA"
"2015-03-27 09:00","2015","03","27","09:00","9.8","","0.8","","53","","23","","10","","","","","M","","","","","NA"
"2015-03-27 10:00","2015","03","27","10:00","10.3","","-0.1","","49","","26","","15","","","","","M","","","","","NA"
"2015-03-27 11:00","2015","03","27","11:00","10.9","","-0.2","","46","","18","","5","","","","","M","","","","","NA"
"2015-03-27 12:00","2015","03","27","12:00","11.4","","-0.4","","44","","23","","4","","","","","M","","","","","NA"
"2015-03-27 13:00","2015","03","27","13:00","12.2","","-0.2","","42","","12","","9","","","","","M","","","","","NA"
"2015-03-27 14:00","2015","03","27","14:00","11.6","","2.5","","53","","11","","13","","","","","M","","","","","NA"
"2015-03-27 15:00","2015","03","27","15:00","","M","-3.2","","19","","24","","25","","","","","M","","","","","NA"
"2015-03-27 16:00","2015","03","27","16:00","20.9","","-3.4","","19","","23","","25","","","","","M","","","","","NA"
"2015-03-27 17:00","2015","03","27","17:00","20.6","","-4.0","","19","","23","","22","","","","","M","","","","","NA"
"2015-03-27 18:00","2015","03","27","18:00","17.1","","-1.8","","27","","23","","9","","","","","M","","","","","NA"
"2015-03-27 19:00","2015","03","27","19:00","13.4","","0.1","","40","","19","","10","","","","","M","","","","","NA"
"2015-03-27 20:00","2015","03","27","20:00","12.8","","-0.5","","40","","21","","22","","","","","M","","","","","NA"
"2015-03-27 21:00","2015","03","27","21:00","8.9","","0.3","","55","","16","","15","","","","","M","","","","","NA"
"2015-03-27 22:00","2015","03","27","22:00","9.9","","1.0","","54","","18","","20","","","","","M","","","","","NA"
"2015-03-27 23:00","2015","03","27","23:00","11.8","","0.6","","46","","21","","25","","","","","M","","","","","NA"
"2015-03-28 00:00","2015","03","28","00:00","7.7","","0.4","","60","","20","","23","","","","","M","","","","","NA"
"2015-03-28 01:00","2015","03","28","01:00","8.8","","-0.4","","53","","20","","23","","","","","M","","","","","NA"
"2015-03-28 02:00","2015","03","28","02:00","8.9","","-0.5","","52","","19","","20","","","","","M","","","","","NA"
"2015-03-28 03:00","2015","03","28","03:00","6.3","","0.0","","64","","18","","14","","","","","M","","","","","NA"
"2015-03-28 04:00","2015","03","28","04:00","9.6","","0.4","","53","","19","","27","","","","","M","","","","","NA"
"2015-03-28 05:00","2015","03","28","05:00","10.4","","1.0","","52","","21","","22","","","","","M","","","","","NA"
"2015-03-28 06:00","2015","03","28","06:00","10.6","","1.8","","55","","22","","20","","","","","M","","","","","NA"
"2015-03-28 07:00","2015","03","28","07:00","8.7","","2.1","","63","","23","","13","","","","","M","","","","","NA"
"2015-03-28 08:00","2015","03","28","08:00","8.5","","1.9","","63","","29","","2","","","","","M","","","","","NA"
"2015-03-28 09:00","2015","03","28","09:00","6.6","","2.5","","75","","5","","9","","","","","M","","","","","NA"
"2015-03-28 10:00","2015","03","28","10:00","6.2","","3.3","","81","","36","","19","","","","","M","","","","","NA"
"2015-03-28 11:00","2015","03","28","11:00","5.6","","3.6","","87","","1","","30","","","","","M","","","","","NA"
"2015-03-28 12:00","2015","03","28","12:00","5.9","","3.9","","87","","33","","27","","","","","M","","","","","NA"
"2015-03-28 13:00","2015","03","28","13:00","5.1","","3.1","","87","","32","","24","","","","","M","","","","","NA"
"2015-03-28 14:00","2015","03","28","14:00","6.0","","4.0","","87","","30","","18","","","","","M","","","","","NA"
"2015-03-28 15:00","2015","03","28","15:00","7.3","","4.5","","82","","30","","17","","","","","M","","","","","NA"
"2015-03-28 16:00","2015","03","28","16:00","9.2","","3.6","","68","","35","","27","","","","","M","","","","","NA"
"2015-03-28 17:00","2015","03","28","17:00","9.5","","1.6","","57","","35","","21","","","","","M","","","","","NA"
"2015-03-28 18:00","2015","03","28","18:00","7.6","","1.5","","65","","3","","17","","","","","M","","","","","NA"
"2015-03-28 19:00","2015","03","28","19:00","5.2","","1.1","","75","","8","","4","","","","","M","","","","","NA"
"2015-03-28 20:00","2015","03","28","20:00","3.0","","0.2","","82","","12","","6","","","","","M","","","","","NA"
"2015-03-28 21:00","2015","03","28","21:00","1.6","","-0.8","","84","","16","","6","","","","","M","","","","","NA"
"2015-03-28 22:00","2015","03","28","22:00","0.5","","-1.3","","87","","18","","7","","","","","M","","","","","NA"
"2015-03-28 23:00","2015","03","28","23:00","-0.1","","-1.5","","90","","19","","5","","","","","M","","","-2","","NA"
"2015-03-29 00:00","2015","03","29","00:00","0.9","","-1.1","","87","","16","","13","","","","","M","","","","","NA"
"2015-03-29 01:00","2015","03","29","01:00","1.2","","-0.5","","88","","19","","13","","","","","M","","","","","NA"
"2015-03-29 02:00","2015","03","29","02:00","1.2","","-3.0","","73","","22","","9","","","","","M","","","","","NA"
"2015-03-29 03:00","2015","03","29","03:00","0.9","","-3.4","","73","","18","","11","","","","","M","","","","","NA"
"2015-03-29 04:00","2015","03","29","04:00","1.0","","-3.7","","71","","22","","9","","","","","M","","","","","NA"
"2015-03-29 05:00","2015","03","29","05:00","1.3","","-3.6","","70","","21","","9","","","","","M","","","","","NA"
"2015-03-29 06:00","2015","03","29","06:00","3.5","","-3.4","","61","","20","","12","","","","","M","","","","","NA"
"2015-03-29 07:00","2015","03","29","07:00","4.6","","-2.5","","60","","20","","7","","","","","M","","","","","NA"
"2015-03-29 08:00","2015","03","29","08:00","6.0","","-2.8","","53","","19","","9","","","","","M","","","","","NA"
"2015-03-29 09:00","2015","03","29","09:00","6.0","","-1.7","","58","","22","","12","","","","","M","","","","","NA"
"2015-03-29 10:00","2015","03","29","10:00","8.2","","-0.2","","55","","24","","15","","","","","M","","","","","NA"
"2015-03-29 11:00","2015","03","29","11:00","11.1","","-0.9","","43","","24","","20","","","","","M","","","","","NA"
"2015-03-29 12:00","2015","03","29","12:00","14.7","","-1.8","","32","","24","","30","","","","","M","","","","","NA"
"2015-03-29 13:00","2015","03","29","13:00","15.4","","-3.3","","28","","22","","25","","","","","M","","","","","NA"
"2015-03-29 14:00","2015","03","29","14:00","15.0","","-2.9","","29","","25","","26","","","","","M","","","","","NA"
"2015-03-29 15:00","2015","03","29","15:00","17.3","","-2.0","","27","","24","","35","","","","","M","","","","","NA"
"2015-03-29 16:00","2015","03","29","16:00","15.2","","-2.6","","29","","25","","31","","","","","M","","","","","NA"
"2015-03-29 17:00","2015","03","29","17:00","14.3","","-2.6","","31","","25","","29","","","","","M","","","","","NA"
"2015-03-29 18:00","2015","03","29","18:00","12.9","","-2.1","","35","","26","","27","","","","","M","","","","","NA"
"2015-03-29 19:00","2015","03","29","19:00","9.9","","-1.6","","45","","25","","20","","","","","M","","","","","NA"
"2015-03-29 20:00","2015","03","29","20:00","8.4","","-1.0","","52","","28","","20","","","","","M","","","","","NA"
"2015-03-29 21:00","2015","03","29","21:00","6.7","","-1.1","","58","","24","","10","","","","","M","","","","","NA"
"2015-03-29 22:00","2015","03","29","22:00","4.0","","-1.8","","66","","24","","4","","","","","M","","","","","NA"
"2015-03-29 23:00","2015","03","29","23:00","2.8","","-1.8","","72","","34","","1","","","","","M","","","","","NA"
"2015-03-30 00:00","2015","03","30","00:00","1.5","","-2.3","","76","","18","","8","","","","","M","","","","","NA"
"2015-03-30 01:00","2015","03","30","01:00","2.0","","-2.3","","73","","22","","7","","","","","M","","","","","NA"
"2015-03-30 02:00","2015","03","30","02:00","-0.1","","-3.1","","80","","24","","7","","","","","M","","","-3","","NA"
"2015-03-30 03:00","2015","03","30","03:00","0.1","","-2.8","","80","","11","","2","","","","","M","","","","","NA"
"2015-03-30 04:00","2015","03","30","04:00","0.3","","-3.0","","79","","2","","3","","","","","M","","","","","NA"
"2015-03-30 05:00","2015","03","30","05:00","-2.5","","-4.1","","88","","24","","2","","","","","M","","","-3","","NA"
"2015-03-30 06:00","2015","03","30","06:00","-2.8","","-3.8","","93","","","","0","","","","","M","","","","","NA"
"2015-03-30 07:00","2015","03","30","07:00","0.5","","-2.0","","83","","4","","2","","","","","M","","","","","NA"
"2015-03-30 08:00","2015","03","30","08:00","3.0","","-0.9","","75","","3","","5","","","","","M","","","","","NA"
"2015-03-30 09:00","2015","03","30","09:00","7.4","","-0.5","","57","","13","","8","","","","","M","","","","","NA"
"2015-03-30 10:00","2015","03","30","10:00","10.2","","0.0","","49","","13","","19","","","","","M","","","","","NA"
"2015-03-30 11:00","2015","03","30","11:00","12.7","","0.4","","43","","19","","25","","","","","M","","","","","NA"
"2015-03-30 12:00","2015","03","30","12:00","15.7","","-1.0","","32","","21","","27","","","","","M","","","","","NA"
"2015-03-30 13:00","2015","03","30","13:00","16.6","","-2.1","","28","","19","","25","","","","","M","","","","","NA"
"2015-03-30 14:00","2015","03","30","14:00","16.3","","-1.7","","29","","15","","14","","","","","M","","","","","NA"
"2015-03-30 15:00","2015","03","30","15:00","18.4","","-2.1","","25","","24","","17","","","","","M","","","","","NA"
"2015-03-30 16:00","2015","03","30","16:00","18.2","","-2.9","","24","","24","","21","","","","","M","","","","","NA"
"2015-03-30 17:00","2015","03","30","17:00","17.7","","-3.3","","24","","22","","20","","","","","M","","","","","NA"
"2015-03-30 18:00","2015","03","30","18:00","16.2","","-2.4","","28","","23","","17","","","","","M","","","","","NA"
"2015-03-30 19:00","2015","03","30","19:00","10.9","","-1.7","","42","","22","","5","","","","","M","","","","","NA"
"2015-03-30 20:00","2015","03","30","20:00","8.9","","-2.2","","46","","21","","11","","","","","M","","","","","NA"
"2015-03-30 21:00","2015","03","30","21:00","9.0","","-2.8","","43","","22","","13","","","","","M","","","","","NA"
"2015-03-30 22:00","2015","03","30","22:00","7.5","","-2.3","","50","","22","","6","","","","","M","","","","","NA"
"2015-03-30 23:00","2015","03","30","23:00","8.0","","-2.7","","47","","21","","14","","","","","M","","","","","NA"
"2015-03-31 00:00","2015","03","31","00:00","6.7","","-2.4","","52","","19","","9","","","","","M","","","","","NA"
"2015-03-31 01:00","2015","03","31","01:00","6.1","","-2.4","","55","","13","","8","","","","","M","","","","","NA"
"2015-03-31 02:00","2015","03","31","02:00","6.9","","-2.1","","53","","21","","21","","","","","M","","","","","NA"
"2015-03-31 03:00","2015","03","31","03:00","5.0","","-2.6","","58","","20","","16","","","","","M","","","","","NA"
"2015-03-31 04:00","2015","03","31","04:00","5.5","","-2.8","","55","","20","","18","","","","","M","","","","","NA"
"2015-03-31 05:00","2015","03","31","05:00","2.7","","-3.4","","64","","18","","12","","","","","M","","","","","NA"
"2015-03-31 06:00","2015","03","31","06:00","0.8","","-4.4","","68","","17","","7","","","","","M","","","","","NA"
"2015-03-31 07:00","2015","03","31","07:00","2.4","","-3.2","","67","","17","","10","","","","","M","","","","","NA"
"2015-03-31 08:00","2015","03","31","08:00","8.1","","-1.9","","49","","17","","12","","","","","M","","","","","NA"
"2015-03-31 09:00","2015","03","31","09:00","13.9","","-5.2","","26","","17","","16","","","","","M","","","","","NA"
"2015-03-31 10:00","2015","03","31","10:00","16.1","","-8.5","","18","","21","","9","","","","","M","","","","","NA"
"2015-03-31 11:00","2015","03","31","11:00","17.4","","-6.8","","18","","25","","35","","","","","M","","","","","NA"
"2015-03-31 12:00","2015","03","31","12:00","17.8","","-6.2","","19","","23","","28","","","","","M","","","","","NA"
"2015-03-31 13:00","2015","03","31","13:00","16.9","","-6.7","","19","","24","","41","","","","","M","","","","","NA"
"2015-03-31 14:00","2015","03","31","14:00","16.7","","-5.4","","22","","23","","38","","","","","M","","","","","NA"
"2015-03-31 15:00","2015","03","31","15:00","15.9","","-5.1","","23","","24","","40","","","","","M","","","","","NA"
"2015-03-31 16:00","2015","03","31","16:00","14.9","","-5.8","","24","","23","","45","","","","","M","","","","","NA"
"2015-03-31 17:00","2015","03","31","17:00","13.2","","-4.5","","29","","24","","38","","","","","M","","","","","NA"
"2015-03-31 18:00","2015","03","31","18:00","9.4","","-0.6","","50","","26","","31","","","","","M","","","","","NA"
"2015-03-31 19:00","2015","03","31","19:00","6.7","","-5.7","","41","","24","","15","","","","","M","","","","","NA"
"2015-03-31 20:00","2015","03","31","20:00","4.9","","-5.8","","46","","25","","10","","","","","M","","","","","NA"
"2015-03-31 21:00","2015","03","31","21:00","4.6","","-6.2","","45","","26","","25","","","","","M","","","","","NA"
"2015-03-31 22:00","2015","03","31","22:00","4.4","","-4.1","","54","","34","","14","","","","","M","","","","","NA"
"2015-03-31 23:00","2015","03","31","23:00","3.2","","-2.2","","68","","35","","19","","","","","M","","","","","NA"
