"Station Name","QUEENSTOWN"
"Province","ALBERTA"
"Latitude","50.60"
"Longitude","-112.80"
"Elevation","941.00"
"Climate Identifier","3035342"
"WMO Identifier","71073"
"TC Identifier","PQU"
"All times are specified in Local Standard Time (LST). Add 1 hour to adjust for Daylight Saving Time where and when it is observed."

"Legend"
"E","Estimated"
"M","Missing"
"NA","Not Available"

"Date/Time","Year","Month","Day","Time","Temp (°C)","Temp Flag","Dew Point Temp (°C)","Dew Point Temp Flag","Rel Hum (%)","Rel Hum Flag","Wind Dir (10s deg)","Wind Dir Flag","Wind Spd (km/h)","Wind Spd Flag","Visibility (km)","Visibility Flag","Stn Press (kPa)","Stn Press Flag","Hmdx","Hmdx Flag","Wind Chill","Wind Chill Flag","Weather"
"2017-03-01 00:00","2017","03","01","00:00","-10.5","","-13.5","","78","","20","","16","","","","","M","","","-18","","NA"
"2017-03-01 01:00","2017","03","01","01:00","-11.1","","-14.3","","77","","21","","7","","","","","M","","","-15","","NA"
"2017-03-01 02:00","2017","03","01","02:00","-11.5","","-15.2","","74","","19","","9","","","","","M","","","-17","","NA"
"2017-03-01 03:00","2017","03","01","03:00","-9.6","","-14.6","","67","","20","","6","","","","","M","","","-13","","NA"
"2017-03-01 04:00","2017","03","01","04:00","-8.5","","-15.1","","59","","21","","8","","","","","M","","","-13","","NA"
"2017-03-01 05:00","2017","03","01","05:00","-6.4","","-13.9","","55","","27","","17","","","","","M","","","-13","","NA"
"2017-03-01 06:00","2017","03","01","06:00","-6.6","","-14.1","","55","","25","","10","","","","","M","","","-11","","NA"
"2017-03-01 07:00","2017","03","01","07:00","-6.2","","-14.7","","51","","28","","17","","","","","M","","","-12","","NA"
"2017-03-01 08:00","2017","03","01","08:00","-6.3","","-13.7","","55","","22","","5","","","","","M","","","-9","","NA"
"2017-03-01 09:00","2017","03","01","09:00","-4.7","","-13.3","","51","","31","","3","","","","","M","","","-6","","NA"
"2017-03-01 10:00","2017","03","01","10:00","-1.8","","-13.1","","42","","32","","9","","","","","M","","","-5","","NA"
"2017-03-01 11:00","2017","03","01","11:00","-0.5","","-14.4","","34","","33","","26","","","","","M","","","-7","","NA"
"2017-03-01 12:00","2017","03","01","12:00","0.0","","-13.9","","34","","34","","27","","","","","M","","","-6","","NA"
"2017-03-01 13:00","2017","03","01","13:00","1.0","","-15.4","","28","","34","","27","","","","","M","","","","","NA"
"2017-03-01 14:00","2017","03","01","14:00","1.2","","-15.1","","29","","36","","23","","","","","M","","","","","NA"
"2017-03-01 15:00","2017","03","01","15:00","1.5","","-14.6","","29","","2","","22","","","","","M","","","","","NA"
"2017-03-01 16:00","2017","03","01","16:00","0.4","","-14.8","","31","","2","","30","","","","","M","","","","","NA"
"2017-03-01 17:00","2017","03","01","17:00","-2.0","","-12.1","","46","","2","","31","","","","","M","","","-9","","NA"
"2017-03-01 18:00","2017","03","01","18:00","-5.0","","-12.8","","54","","1","","20","","","","","M","","","-12","","NA"
"2017-03-01 19:00","2017","03","01","19:00","-6.8","","-12.8","","62","","1","","19","","","","","M","","","-14","","NA"
"2017-03-01 20:00","2017","03","01","20:00","-8.1","","-12.8","","69","","1","","20","","","","","M","","","-15","","NA"
"2017-03-01 21:00","2017","03","01","21:00","-9.6","","-13.1","","76","","36","","13","","","","","M","","","-16","","NA"
"2017-03-01 22:00","2017","03","01","22:00","-9.6","","-12.6","","79","","2","","4","","","","","M","","","-12","","NA"
"2017-03-01 23:00","2017","03","01","23:00","-9.4","","-12.2","","80","","20","","2","","","","","M","","","-11","","NA"
"2017-03-02 00:00","2017","03","02","00:00","-9.8","","-12.7","","80","","16","","4","","","","","M","","","-12","","NA"
"2017-03-02 01:00","2017","03","02","01:00","-10.6","","-13.4","","80","","21","","8","","","","","M","","","-15","","NA"
"2017-03-02 02:00","2017","03","02","02:00","-11.2","","-13.5","","83","","19","","3","","","","","M","","","-13","","NA"
"2017-03-02 03:00","2017","03","02","03:00","-10.4","","-13.2","","79","","20","","15","","","","","M","","","-17","","NA"
"2017-03-02 04:00","2017","03","02","04:00","-9.9","","-12.7","","80","","19","","14","","","","","M","","","-16","","NA"
"2017-03-02 05:00","2017","03","02","05:00","-10.4","","-13.6","","77","","19","","13","","","","","M","","","-17","","NA"
"2017-03-02 06:00","2017","03","02","06:00","-9.7","","-13.0","","77","","20","","15","","","","","M","","","-16","","NA"
"2017-03-02 07:00","2017","03","02","07:00","-10.1","","-13.3","","78","","20","","10","","","","","M","","","-15","","NA"
"2017-03-02 08:00","2017","03","02","08:00","-7.3","","-12.5","","66","","19","","15","","","","","M","","","-13","","NA"
"2017-03-02 09:00","2017","03","02","09:00","-4.4","","-11.2","","59","","19","","15","","","","","M","","","-10","","NA"
"2017-03-02 10:00","2017","03","02","10:00","-3.4","","-9.8","","61","","19","","13","","","","","M","","","-8","","NA"
"2017-03-02 11:00","2017","03","02","11:00","-1.8","","-9.5","","56","","20","","17","","","","","M","","","-7","","NA"
"2017-03-02 12:00","2017","03","02","12:00","-0.5","","-8.9","","53","","21","","23","","","","","M","","","-6","","NA"
"2017-03-02 13:00","2017","03","02","13:00","1.1","","-8.0","","50","","18","","18","","","","","M","","","","","NA"
"2017-03-02 14:00","2017","03","02","14:00","2.9","","-7.2","","47","","20","","22","","","","","M","","","","","NA"
"2017-03-02 15:00","2017","03","02","15:00","2.9","","-6.4","","50","","21","","23","","","","","M","","","","","NA"
"2017-03-02 16:00","2017","03","02","16:00","2.9","","-6.0","","52","","21","","22","","","","","M","","","","","NA"
"2017-03-02 17:00","2017","03","02","17:00","2.0","","-5.3","","59","","21","","21","","","","","M","","","","","NA"
"2017-03-02 18:00","2017","03","02","18:00","1.9","","-5.0","","60","","21","","20","","","","","M","","","","","NA"
"2017-03-02 19:00","2017","03","02","19:00","1.0","","-5.2","","64","","22","","19","","","","","M","","","","","NA"
"2017-03-02 20:00","2017","03","02","20:00","0.7","","-5.0","","66","","22","","20","","","","","M","","","","","NA"
"2017-03-02 21:00","2017","03","02","21:00","-0.9","","-5.5","","71","","23","","20","","","","","M","","","-6","","NA"
"2017-03-02 22:00","2017","03","02","22:00","-2.0","","-6.2","","73","","21","","16","","","","","M","","","-7","","NA"
"2017-03-02 23:00","2017","03","02","23:00","-1.9","","-6.7","","70","","23","","21","","","","","M","","","-8","","NA"
"2017-03-03 00:00","2017","03","03","00:00","-3.5","","-7.6","","73","","21","","13","","","","","M","","","-8","","NA"
"2017-03-03 01:00","2017","03","03","01:00","-4.4","","-8.9","","71","","18","","7","","","","","M","","","-8","","NA"
"2017-03-03 02:00","2017","03","03","02:00","-4.0","","-9.3","","67","","20","","9","","","","","M","","","-8","","NA"
"2017-03-03 03:00","2017","03","03","03:00","-4.4","","-9.5","","68","","19","","9","","","","","M","","","-8","","NA"
"2017-03-03 04:00","2017","03","03","04:00","-3.9","","-9.2","","66","","21","","8","","","","","M","","","-7","","NA"
"2017-03-03 05:00","2017","03","03","05:00","-4.2","","-9.5","","66","","20","","9","","","","","M","","","-8","","NA"
"2017-03-03 06:00","2017","03","03","06:00","-4.7","","-9.7","","68","","20","","10","","","","","M","","","-9","","NA"
"2017-03-03 07:00","2017","03","03","07:00","-4.1","","-8.8","","70","","22","","10","","","","","M","","","-8","","NA"
"2017-03-03 08:00","2017","03","03","08:00","-2.1","","-8.1","","64","","20","","18","","","","","M","","","-8","","NA"
"2017-03-03 09:00","2017","03","03","09:00","2.7","","-6.1","","52","","24","","30","","","","","M","","","","","NA"
"2017-03-03 10:00","2017","03","03","10:00","4.7","","-7.7","","40","","23","","45","","","","","M","","","","","NA"
"2017-03-03 11:00","2017","03","03","11:00","5.4","","-6.8","","41","","22","","39","","","","","M","","","","","NA"
"2017-03-03 12:00","2017","03","03","12:00","7.6","","-7.4","","34","","22","","44","","","","","M","","","","","NA"
"2017-03-03 13:00","2017","03","03","13:00","8.3","","-7.2","","32","","23","","29","","","","","M","","","","","NA"
"2017-03-03 14:00","2017","03","03","14:00","9.0","","-7.4","","31","","24","","43","","","","","M","","","","","NA"
"2017-03-03 15:00","2017","03","03","15:00","9.0","","-7.9","","29","","24","","43","","","","","M","","","","","NA"
"2017-03-03 16:00","2017","03","03","16:00","9.1","","-7.4","","30","","24","","43","","","","","M","","","","","NA"
"2017-03-03 17:00","2017","03","03","17:00","8.3","","-6.6","","34","","23","","33","","","","","M","","","","","NA"
"2017-03-03 18:00","2017","03","03","18:00","5.2","","-4.5","","50","","19","","28","","","","","M","","","","","NA"
"2017-03-03 19:00","2017","03","03","19:00","3.5","","-4.0","","58","","20","","34","","","","","M","","","","","NA"
"2017-03-03 20:00","2017","03","03","20:00","2.3","","-3.7","","64","","20","","34","","","","","M","","","","","NA"
"2017-03-03 21:00","2017","03","03","21:00","2.7","","-4.0","","61","","20","","31","","","","","M","","","","","NA"
"2017-03-03 22:00","2017","03","03","22:00","1.9","","-3.9","","65","","18","","31","","","","","M","","","","","NA"
"2017-03-03 23:00","2017","03","03","23:00","2.3","","-3.8","","64","","20","","40","","","","","M","","","","","NA"
"2017-03-04 00:00","2017","03","04","00:00","2.9","","-3.7","","62","","20","","38","","","","","M","","","","","NA"
"2017-03-04 01:00","2017","03","04","01:00","2.6","","-3.9","","62","","20","","34","","","","","M","","","","","NA"
"2017-03-04 02:00","2017","03","04","02:00","2.1","","-4.1","","63","","19","","33","","","","","M","","","","","NA"
"2017-03-04 03:00","2017","03","04","03:00","1.8","","-4.0","","65","","20","","26","","","","","M","","","","","NA"
"2017-03-04 04:00","2017","03","04","04:00","-0.1","","-5.0","","69","","22","","17","","","","","M","","","-5","","NA"
"2017-03-04 05:00","2017","03","04","05:00","-4.7","","-6.8","","85","","21","","16","","","","","M","","","-10","","NA"
"2017-03-04 06:00","2017","03","04","06:00","-5.9","","-7.4","","89","","20","","11","","","","","M","","","-11","","NA"
"2017-03-04 07:00","2017","03","04","07:00","-6.0","","-8.3","","84","","36","","14","","","","","M","","","-12","","NA"
"2017-03-04 08:00","2017","03","04","08:00","-6.2","","-8.4","","84","","34","","12","","","","","M","","","-11","","NA"
"2017-03-04 09:00","2017","03","04","09:00","-5.1","","-7.7","","82","","34","","18","","","","","M","","","-11","","NA"
"2017-03-04 10:00","2017","03","04","10:00","-3.2","","-6.7","","77","","35","","24","","","","","M","","","-10","","NA"
"2017-03-04 11:00","2017","03","04","11:00","-3.3","","-6.7","","77","","36","","26","","","","","M","","","-10","","NA"
"2017-03-04 12:00","2017","03","04","12:00","-3.7","","-6.8","","79","","36","","29","","","","","M","","","-11","","NA"
"2017-03-04 13:00","2017","03","04","13:00","-5.0","","-7.5","","83","","1","","32","","","","","M","","","-13","","NA"
"2017-03-04 14:00","2017","03","04","14:00","-6.8","","-9.1","","84","","1","","28","","","","","M","","","-15","","NA"
"2017-03-04 15:00","2017","03","04","15:00","-7.2","","-10.0","","80","","1","","27","","","","","M","","","-15","","NA"
"2017-03-04 16:00","2017","03","04","16:00","-7.5","","-11.1","","76","","1","","24","","","","","M","","","-15","","NA"
"2017-03-04 17:00","2017","03","04","17:00","-8.4","","-11.9","","76","","2","","22","","","","","M","","","-16","","NA"
"2017-03-04 18:00","2017","03","04","18:00","-9.5","","-12.4","","80","","2","","23","","","","","M","","","-18","","NA"
"2017-03-04 19:00","2017","03","04","19:00","-10.1","","-12.8","","80","","2","","23","","","","","M","","","-19","","NA"
"2017-03-04 20:00","2017","03","04","20:00","-10.6","","-13.3","","80","","2","","21","","","","","M","","","-19","","NA"
"2017-03-04 21:00","2017","03","04","21:00","-11.0","","-13.7","","80","","3","","17","","","","","M","","","-18","","NA"
"2017-03-04 22:00","2017","03","04","22:00","-11.1","","-13.6","","82","","3","","18","","","","","M","","","-19","","NA"
"2017-03-04 23:00","2017","03","04","23:00","-11.1","","-13.4","","83","","4","","13","","","","","M","","","-18","","NA"
"2017-03-05 00:00","2017","03","05","00:00","-11.4","","-13.6","","84","","6","","14","","","","","M","","","-18","","NA"
"2017-03-05 01:00","2017","03","05","01:00","-11.8","","-13.8","","85","","7","","12","","","","","M","","","-18","","NA"
"2017-03-05 02:00","2017","03","05","02:00","-12.0","","-13.7","","87","","2","","14","","","","","M","","","-19","","NA"
"2017-03-05 03:00","2017","03","05","03:00","-12.1","","-13.6","","88","","3","","15","","","","","M","","","-19","","NA"
"2017-03-05 04:00","2017","03","05","04:00","-12.4","","-14.0","","87","","3","","15","","","","","M","","","-20","","NA"
"2017-03-05 05:00","2017","03","05","05:00","-12.8","","-14.7","","86","","7","","12","","","","","M","","","-19","","NA"
"2017-03-05 06:00","2017","03","05","06:00","-13.0","","-14.8","","87","","6","","11","","","","","M","","","-19","","NA"
"2017-03-05 07:00","2017","03","05","07:00","-13.1","","-15.0","","86","","4","","9","","","","","M","","","-19","","NA"
"2017-03-05 08:00","2017","03","05","08:00","-13.1","","-15.0","","86","","3","","10","","","","","M","","","-19","","NA"
"2017-03-05 09:00","2017","03","05","09:00","-12.9","","-14.8","","86","","2","","9","","","","","M","","","-18","","NA"
"2017-03-05 10:00","2017","03","05","10:00","-12.5","","-14.4","","85","","4","","13","","","","","M","","","-19","","NA"
"2017-03-05 11:00","2017","03","05","11:00","-12.1","","-14.2","","85","","2","","14","","","","","M","","","-19","","NA"
"2017-03-05 12:00","2017","03","05","12:00","-11.7","","-14.6","","79","","3","","14","","","","","M","","","-19","","NA"
"2017-03-05 13:00","2017","03","05","13:00","-11.2","","-14.0","","80","","3","","15","","","","","M","","","-18","","NA"
"2017-03-05 14:00","2017","03","05","14:00","-10.9","","-13.7","","80","","4","","12","","","","","M","","","-17","","NA"
"2017-03-05 15:00","2017","03","05","15:00","-10.9","","-14.2","","76","","3","","10","","","","","M","","","-16","","NA"
"2017-03-05 16:00","2017","03","05","16:00","-9.8","","-13.6","","74","","4","","8","","","","","M","","","-14","","NA"
"2017-03-05 17:00","2017","03","05","17:00","-10.8","","-14.7","","73","","5","","4","","","","","M","","","-13","","NA"
"2017-03-05 18:00","2017","03","05","18:00","-11.7","","-14.6","","79","","8","","6","","","","","M","","","-15","","NA"
"2017-03-05 19:00","2017","03","05","19:00","-11.7","","-14.6","","79","","14","","5","","","","","M","","","-15","","NA"
"2017-03-05 20:00","2017","03","05","20:00","-11.9","","-14.3","","83","","9","","5","","","","","M","","","-15","","NA"
"2017-03-05 21:00","2017","03","05","21:00","-12.1","","-14.2","","84","","15","","9","","","","","M","","","-17","","NA"
"2017-03-05 22:00","2017","03","05","22:00","-14.6","","-17.1","","81","","14","","13","","","","","M","","","-22","","NA"
"2017-03-05 23:00","2017","03","05","23:00","-13.4","","-15.2","","87","","13","","12","","","","","M","","","-20","","NA"
"2017-03-06 00:00","2017","03","06","00:00","-12.8","","-14.6","","86","","17","","9","","","","","M","","","-18","","NA"
"2017-03-06 01:00","2017","03","06","01:00","-12.9","","-14.8","","86","","20","","5","","","","","M","","","-16","","NA"
"2017-03-06 02:00","2017","03","06","02:00","-13.0","","-14.8","","86","","25","","5","","","","","M","","","-16","","NA"
"2017-03-06 03:00","2017","03","06","03:00","-13.2","","-15.0","","87","","19","","5","","","","","M","","","-17","","NA"
"2017-03-06 04:00","2017","03","06","04:00","-14.0","","-16.0","","85","","20","","6","","","","","M","","","-18","","NA"
"2017-03-06 05:00","2017","03","06","05:00","-13.7","","-15.3","","87","","19","","7","","","","","M","","","-18","","NA"
"2017-03-06 06:00","2017","03","06","06:00","-13.5","","-15.2","","87","","23","","3","","","","","M","","","-16","","NA"
"2017-03-06 07:00","2017","03","06","07:00","-13.6","","-15.3","","87","","26","","8","","","","","M","","","-19","","NA"
"2017-03-06 08:00","2017","03","06","08:00","-13.3","","-15.1","","87","","27","","5","","","","","M","","","-17","","NA"
"2017-03-06 09:00","2017","03","06","09:00","-12.5","","-14.4","","86","","23","","3","","","","","M","","","-14","","NA"
"2017-03-06 10:00","2017","03","06","10:00","-11.7","","-13.8","","84","","36","","15","","","","","M","","","-19","","NA"
"2017-03-06 11:00","2017","03","06","11:00","-11.2","","-14.2","","78","","35","","10","","","","","M","","","-17","","NA"
"2017-03-06 12:00","2017","03","06","12:00","-10.9","","-14.6","","74","","36","","15","","","","","M","","","-18","","NA"
"2017-03-06 13:00","2017","03","06","13:00","-10.4","","-14.3","","73","","34","","15","","","","","M","","","-17","","NA"
"2017-03-06 14:00","2017","03","06","14:00","-10.3","","-14.5","","71","","34","","17","","","","","M","","","-18","","NA"
"2017-03-06 15:00","2017","03","06","15:00","-9.3","","-13.6","","71","","34","","14","","","","","M","","","-16","","NA"
"2017-03-06 16:00","2017","03","06","16:00","-9.2","","-14.5","","65","","34","","13","","","","","M","","","-15","","NA"
"2017-03-06 17:00","2017","03","06","17:00","-9.3","","-15.1","","63","","35","","13","","","","","M","","","-15","","NA"
"2017-03-06 18:00","2017","03","06","18:00","-12.5","","-16.7","","70","","34","","12","","","","","M","","","-19","","NA"
"2017-03-06 19:00","2017","03","06","19:00","-13.7","","-16.6","","78","","1","","14","","","","","M","","","-21","","NA"
"2017-03-06 20:00","2017","03","06","20:00","-14.9","","-17.3","","82","","35","","12","","","","","M","","","-22","","NA"
"2017-03-06 21:00","2017","03","06","21:00","-16.1","","-18.5","","82","","35","","14","","","","","M","","","-24","","NA"
"2017-03-06 22:00","2017","03","06","22:00","-16.4","","-18.7","","82","","36","","12","","","","","M","","","-24","","NA"
"2017-03-06 23:00","2017","03","06","23:00","-18.0","","-20.4","","82","","34","","8","","","","","M","","","-24","","NA"
"2017-03-07 00:00","2017","03","07","00:00","-18.3","","-20.6","","82","","34","","8","","","","","M","","","-24","","NA"
"2017-03-07 01:00","2017","03","07","01:00","-18.0","","-20.4","","81","","36","","8","","","","","M","","","-24","","NA"
"2017-03-07 02:00","2017","03","07","02:00","-18.3","","-20.7","","81","","31","","4","","","","","M","","","-22","","NA"
"2017-03-07 03:00","2017","03","07","03:00","-18.1","","-20.2","","83","","32","","9","","","","","M","","","-24","","NA"
"2017-03-07 04:00","2017","03","07","04:00","-18.2","","-20.9","","80","","34","","13","","","","","M","","","-26","","NA"
"2017-03-07 05:00","2017","03","07","05:00","-17.5","","-20.0","","81","","33","","14","","","","","M","","","-26","","NA"
"2017-03-07 06:00","2017","03","07","06:00","-17.5","","-20.0","","81","","35","","15","","","","","M","","","-26","","NA"
"2017-03-07 07:00","2017","03","07","07:00","-17.2","","-19.7","","81","","33","","21","","","","","M","","","-27","","NA"
"2017-03-07 08:00","2017","03","07","08:00","-16.8","","-19.4","","80","","33","","22","","","","","M","","","-27","","NA"
"2017-03-07 09:00","2017","03","07","09:00","-15.3","","-18.2","","78","","34","","26","","","","","M","","","-26","","NA"
"2017-03-07 10:00","2017","03","07","10:00","-14.7","","-17.5","","79","","34","","29","","","","","M","","","-25","","NA"
"2017-03-07 11:00","2017","03","07","11:00","-12.6","","-16.2","","74","","35","","29","","","","","M","","","-23","","NA"
"2017-03-07 12:00","2017","03","07","12:00","-11.8","","-15.8","","72","","35","","29","","","","","M","","","-22","","NA"
"2017-03-07 13:00","2017","03","07","13:00","-10.9","","-15.6","","68","","34","","23","","","","","M","","","-20","","NA"
"2017-03-07 14:00","2017","03","07","14:00","-10.1","","-14.8","","69","","35","","26","","","","","M","","","-19","","NA"
"2017-03-07 15:00","2017","03","07","15:00","-9.0","","-14.6","","64","","35","","21","","","","","M","","","-17","","NA"
"2017-03-07 16:00","2017","03","07","16:00","-8.8","","-15.3","","59","","1","","15","","","","","M","","","-15","","NA"
"2017-03-07 17:00","2017","03","07","17:00","-9.0","","-15.9","","58","","1","","11","","","","","M","","","-14","","NA"
"2017-03-07 18:00","2017","03","07","18:00","-10.7","","-17.0","","60","","6","","8","","","","","M","","","-15","","NA"
"2017-03-07 19:00","2017","03","07","19:00","-15.2","","-18.8","","74","","5","","9","","","","","M","","","-21","","NA"
"2017-03-07 20:00","2017","03","07","20:00","-15.5","","-18.8","","76","","8","","9","","","","","M","","","-21","","NA"
"2017-03-07 21:00","2017","03","07","21:00","-13.9","","-17.4","","75","","8","","11","","","","","M","","","-20","","NA"
"2017-03-07 22:00","2017","03","07","22:00","-14.3","","-17.9","","74","","8","","15","","","","","M","","","-22","","NA"
"2017-03-07 23:00","2017","03","07","23:00","-14.5","","-18.3","","73","","9","","13","","","","","M","","","-22","","NA"
"2017-03-08 00:00","2017","03","08","00:00","-15.1","","-18.7","","74","","10","","19","","","","","M","","","-24","","NA"
"2017-03-08 01:00","2017","03","08","01:00","-15.6","","-18.9","","75","","10","","25","","","","","M","","","-26","","NA"
"2017-03-08 02:00","2017","03","08","02:00","-15.9","","-19.0","","78","","8","","16","","","","","M","","","-24","","NA"
"2017-03-08 03:00","2017","03","08","03:00","-16.3","","-18.9","","80","","7","","17","","","","","M","","","-25","","NA"
"2017-03-08 04:00","2017","03","08","04:00","-16.5","","-19.0","","81","","8","","17","","","","","M","","","-25","","NA"
"2017-03-08 05:00","2017","03","08","05:00","-16.4","","-18.9","","81","","10","","23","","","","","M","","","-27","","NA"
"2017-03-08 06:00","2017","03","08","06:00","-16.0","","-18.4","","81","","9","","13","","","","","M","","","-24","","NA"
"2017-03-08 07:00","2017","03","08","07:00","-15.9","","-18.4","","81","","10","","21","","","","","M","","","-26","","NA"
"2017-03-08 08:00","2017","03","08","08:00","-15.8","","-18.2","","81","","6","","7","","","","","M","","","-21","","NA"
"2017-03-08 09:00","2017","03","08","09:00","-15.0","","-17.8","","79","","7","","13","","","","","M","","","-22","","NA"
"2017-03-08 10:00","2017","03","08","10:00","-14.8","","-17.7","","78","","6","","11","","","","","M","","","-21","","NA"
"2017-03-08 11:00","2017","03","08","11:00","-14.6","","-17.8","","76","","5","","14","","","","","M","","","-22","","NA"
"2017-03-08 12:00","2017","03","08","12:00","-13.1","","-16.4","","76","","4","","20","","","","","M","","","-22","","NA"
"2017-03-08 13:00","2017","03","08","13:00","-13.2","","-16.9","","74","","2","","20","","","","","M","","","-22","","NA"
"2017-03-08 14:00","2017","03","08","14:00","-13.0","","-16.7","","74","","3","","17","","","","","M","","","-21","","NA"
"2017-03-08 15:00","2017","03","08","15:00","-12.9","","-16.3","","75","","3","","20","","","","","M","","","-22","","NA"
"2017-03-08 16:00","2017","03","08","16:00","-13.5","","-17.2","","74","","3","","20","","","","","M","","","-22","","NA"
"2017-03-08 17:00","2017","03","08","17:00","-14.2","","-17.9","","74","","3","","20","","","","","M","","","-23","","NA"
"2017-03-08 18:00","2017","03","08","18:00","-15.7","","-18.6","","79","","36","","22","","","","","M","","","-25","","NA"
"2017-03-08 19:00","2017","03","08","19:00","-16.8","","-19.5","","79","","36","","24","","","","","M","","","-27","","NA"
"2017-03-08 20:00","2017","03","08","20:00","-17.2","","-19.7","","81","","1","","23","","","","","M","","","-28","","NA"
"2017-03-08 21:00","2017","03","08","21:00","-18.1","","-20.7","","80","","36","","22","","","","","M","","","-29","","NA"
"2017-03-08 22:00","2017","03","08","22:00","-18.7","","-21.3","","80","","1","","19","","","","","M","","","-29","","NA"
"2017-03-08 23:00","2017","03","08","23:00","-19.3","","-22.0","","79","","1","","19","","","","","M","","","-29","","NA"
"2017-03-09 00:00","2017","03","09","00:00","-21.0","","-23.6","","79","","36","","16","","","","","M","","","-31","","NA"
"2017-03-09 01:00","2017","03","09","01:00","-22.2","","-25.1","","77","","36","","14","","","","","M","","","-31","","NA"
"2017-03-09 02:00","2017","03","09","02:00","-22.5","","-25.3","","78","","1","","14","","","","","M","","","-32","","NA"
"2017-03-09 03:00","2017","03","09","03:00","-21.6","","-24.3","","78","","1","","10","","","","","M","","","-29","","NA"
"2017-03-09 04:00","2017","03","09","04:00","-21.1","","-23.9","","78","","2","","13","","","","","M","","","-30","","NA"
"2017-03-09 05:00","2017","03","09","05:00","-21.5","","-24.4","","78","","2","","15","","","","","M","","","-31","","NA"
"2017-03-09 06:00","2017","03","09","06:00","-23.1","","-26.1","","76","","4","","8","","","","","M","","","-30","","NA"
"2017-03-09 07:00","2017","03","09","07:00","-23.6","","-26.7","","76","","6","","5","","","","","M","","","-28","","NA"
"2017-03-09 08:00","2017","03","09","08:00","-23.0","","-26.1","","76","","1","","2","","","","","M","","","-25","","NA"
"2017-03-09 09:00","2017","03","09","09:00","-21.1","","-24.1","","76","","5","","4","","","","","M","","","-25","","NA"
"2017-03-09 10:00","2017","03","09","10:00","-19.6","","-23.0","","74","","8","","6","","","","","M","","","-25","","NA"
"2017-03-09 11:00","2017","03","09","11:00","-18.7","","-22.5","","72","","8","","6","","","","","M","","","-24","","NA"
"2017-03-09 12:00","2017","03","09","12:00","-16.6","","-20.9","","69","","11","","2","","","","","M","","","-18","","NA"
"2017-03-09 13:00","2017","03","09","13:00","-16.3","","-21.1","","66","","17","","4","","","","","M","","","-19","","NA"
"2017-03-09 14:00","2017","03","09","14:00","-16.6","","-21.2","","67","","13","","6","","","","","M","","","-21","","NA"
"2017-03-09 15:00","2017","03","09","15:00","-16.9","","-21.2","","70","","11","","9","","","","","M","","","-23","","NA"
"2017-03-09 16:00","2017","03","09","16:00","-17.5","","-21.6","","70","","11","","15","","","","","M","","","-26","","NA"
"2017-03-09 17:00","2017","03","09","17:00","-18.4","","-21.9","","74","","13","","18","","","","","M","","","-28","","NA"
"2017-03-09 18:00","2017","03","09","18:00","-18.4","","-21.4","","77","","14","","19","","","","","M","","","-28","","NA"
"2017-03-09 19:00","2017","03","09","19:00","-18.3","","-21.2","","78","","14","","14","","","","","M","","","-27","","NA"
"2017-03-09 20:00","2017","03","09","20:00","-18.2","","-21.0","","79","","14","","14","","","","","M","","","-27","","NA"
"2017-03-09 21:00","2017","03","09","21:00","-18.1","","-20.8","","80","","12","","15","","","","","M","","","-27","","NA"
"2017-03-09 22:00","2017","03","09","22:00","-17.7","","-20.3","","80","","12","","18","","","","","M","","","-27","","NA"
"2017-03-09 23:00","2017","03","09","23:00","-18.1","","-20.8","","79","","13","","24","","","","","M","","","-29","","NA"
"2017-03-10 00:00","2017","03","10","00:00","-18.4","","-21.2","","79","","12","","24","","","","","M","","","-29","","NA"
"2017-03-10 01:00","2017","03","10","01:00","-18.6","","-21.4","","79","","11","","18","","","","","M","","","-28","","NA"
"2017-03-10 02:00","2017","03","10","02:00","-18.9","","-21.7","","79","","11","","22","","","","","M","","","-30","","NA"
"2017-03-10 03:00","2017","03","10","03:00","-19.2","","-22.0","","78","","11","","22","","","","","M","","","-30","","NA"
"2017-03-10 04:00","2017","03","10","04:00","-19.1","","-21.9","","78","","11","","17","","","","","M","","","-29","","NA"
"2017-03-10 05:00","2017","03","10","05:00","-19.0","","-21.7","","79","","11","","19","","","","","M","","","-29","","NA"
"2017-03-10 06:00","2017","03","10","06:00","-19.1","","-21.8","","79","","10","","24","","","","","M","","","-30","","NA"
"2017-03-10 07:00","2017","03","10","07:00","-19.1","","-21.8","","79","","10","","22","","","","","M","","","-30","","NA"
"2017-03-10 08:00","2017","03","10","08:00","-18.9","","-21.7","","79","","10","","22","","","","","M","","","-30","","NA"
"2017-03-10 09:00","2017","03","10","09:00","-18.5","","-21.3","","78","","10","","22","","","","","M","","","-29","","NA"
"2017-03-10 10:00","2017","03","10","10:00","-18.4","","-21.5","","77","","10","","24","","","","","M","","","-29","","NA"
"2017-03-10 11:00","2017","03","10","11:00","-17.7","","-21.0","","75","","10","","24","","","","","M","","","-28","","NA"
"2017-03-10 12:00","2017","03","10","12:00","-16.8","","-20.3","","75","","10","","23","","","","","M","","","-27","","NA"
"2017-03-10 13:00","2017","03","10","13:00","-16.4","","-19.8","","75","","10","","22","","","","","M","","","-26","","NA"
"2017-03-10 14:00","2017","03","10","14:00","-16.2","","-19.7","","75","","9","","20","","","","","M","","","-26","","NA"
"2017-03-10 15:00","2017","03","10","15:00","-15.9","","-19.4","","75","","8","","18","","","","","M","","","-25","","NA"
"2017-03-10 16:00","2017","03","10","16:00","-16.5","","-19.7","","76","","6","","13","","","","","M","","","-24","","NA"
"2017-03-10 17:00","2017","03","10","17:00","-17.0","","-20.0","","78","","6","","17","","","","","M","","","-26","","NA"
"2017-03-10 18:00","2017","03","10","18:00","-17.3","","-20.2","","78","","6","","13","","","","","M","","","-25","","NA"
"2017-03-10 19:00","2017","03","10","19:00","-17.7","","-20.4","","80","","7","","13","","","","","M","","","-26","","NA"
"2017-03-10 20:00","2017","03","10","20:00","-17.7","","-20.3","","80","","6","","10","","","","","M","","","-24","","NA"
"2017-03-10 21:00","2017","03","10","21:00","-17.9","","-20.4","","81","","6","","10","","","","","M","","","-25","","NA"
"2017-03-10 22:00","2017","03","10","22:00","-18.5","","-20.9","","81","","7","","11","","","","","M","","","-26","","NA"
"2017-03-10 23:00","2017","03","10","23:00","-19.5","","-22.1","","80","","8","","11","","","","","M","","","-27","","NA"
"2017-03-11 00:00","2017","03","11","00:00","-19.1","","-21.6","","81","","9","","9","","","","","M","","","-26","","NA"
"2017-03-11 01:00","2017","03","11","01:00","-19.1","","-21.6","","81","","9","","8","","","","","M","","","-25","","NA"
"2017-03-11 02:00","2017","03","11","02:00","-20.9","","-23.6","","79","","11","","7","","","","","M","","","-27","","NA"
"2017-03-11 03:00","2017","03","11","03:00","-22.5","","-25.2","","79","","13","","12","","","","","M","","","-31","","NA"
"2017-03-11 04:00","2017","03","11","04:00","-22.0","","-24.5","","80","","12","","13","","","","","M","","","-31","","NA"
"2017-03-11 05:00","2017","03","11","05:00","-20.5","","-23.0","","80","","13","","12","","","","","M","","","-29","","NA"
"2017-03-11 06:00","2017","03","11","06:00","-20.3","","-22.8","","80","","12","","9","","","","","M","","","-27","","NA"
"2017-03-11 07:00","2017","03","11","07:00","-20.3","","-22.9","","80","","13","","11","","","","","M","","","-28","","NA"
"2017-03-11 08:00","2017","03","11","08:00","-19.6","","-22.2","","80","","12","","15","","","","","M","","","-29","","NA"
"2017-03-11 09:00","2017","03","11","09:00","-19.0","","-21.6","","80","","12","","15","","","","","M","","","-28","","NA"
"2017-03-11 10:00","2017","03","11","10:00","-18.3","","-21.0","","79","","12","","16","","","","","M","","","-27","","NA"
"2017-03-11 11:00","2017","03","11","11:00","-17.2","","-19.9","","79","","12","","23","","","","","M","","","-28","","NA"
"2017-03-11 12:00","2017","03","11","12:00","-16.7","","-19.7","","78","","12","","26","","","","","M","","","-28","","NA"
"2017-03-11 13:00","2017","03","11","13:00","-16.3","","-19.4","","77","","12","","30","","","","","M","","","-28","","NA"
"2017-03-11 14:00","2017","03","11","14:00","-15.7","","-19.1","","75","","11","","30","","","","","M","","","-27","","NA"
"2017-03-11 15:00","2017","03","11","15:00","-16.0","","-19.1","","77","","10","","23","","","","","M","","","-26","","NA"
"2017-03-11 16:00","2017","03","11","16:00","-16.0","","-19.0","","78","","10","","23","","","","","M","","","-26","","NA"
"2017-03-11 17:00","2017","03","11","17:00","-16.1","","-18.8","","79","","10","","24","","","","","M","","","-26","","NA"
"2017-03-11 18:00","2017","03","11","18:00","-16.2","","-18.8","","80","","9","","21","","","","","M","","","-26","","NA"
"2017-03-11 19:00","2017","03","11","19:00","-16.4","","-19.0","","81","","7","","21","","","","","M","","","-26","","NA"
"2017-03-11 20:00","2017","03","11","20:00","-16.7","","-19.2","","81","","5","","11","","","","","M","","","-24","","NA"
"2017-03-11 21:00","2017","03","11","21:00","-16.7","","-19.2","","81","","7","","18","","","","","M","","","-26","","NA"
"2017-03-11 22:00","2017","03","11","22:00","-16.6","","-19.1","","81","","5","","12","","","","","M","","","-24","","NA"
"2017-03-11 23:00","2017","03","11","23:00","-16.8","","-19.2","","82","","3","","16","","","","","M","","","-25","","NA"
"2017-03-12 00:00","2017","03","12","00:00","-16.7","","-19.1","","82","","2","","17","","","","","M","","","-26","","NA"
"2017-03-12 01:00","2017","03","12","01:00","-16.7","","-19.1","","82","","2","","17","","","","","M","","","-26","","NA"
"2017-03-12 02:00","2017","03","12","02:00","-16.7","","-19.0","","82","","4","","20","","","","","M","","","-26","","NA"
"2017-03-12 03:00","2017","03","12","03:00","-16.8","","-19.2","","82","","4","","18","","","","","M","","","-26","","NA"
"2017-03-12 04:00","2017","03","12","04:00","-17.1","","-19.4","","82","","4","","17","","","","","M","","","-26","","NA"
"2017-03-12 05:00","2017","03","12","05:00","-17.1","","-19.5","","82","","3","","16","","","","","M","","","-26","","NA"
"2017-03-12 06:00","2017","03","12","06:00","-17.6","","-20.1","","81","","3","","13","","","","","M","","","-25","","NA"
"2017-03-12 07:00","2017","03","12","07:00","-18.6","","-21.2","","81","","2","","13","","","","","M","","","-27","","NA"
"2017-03-12 08:00","2017","03","12","08:00","-17.1","","-19.7","","80","","3","","13","","","","","M","","","-25","","NA"
"2017-03-12 09:00","2017","03","12","09:00","-16.6","","-19.5","","79","","2","","9","","","","","M","","","-23","","NA"
"2017-03-12 10:00","2017","03","12","10:00","-15.2","","-18.5","","76","","1","","6","","","","","M","","","-19","","NA"
"2017-03-12 11:00","2017","03","12","11:00","-14.4","","-18.3","","72","","5","","6","","","","","M","","","-19","","NA"
"2017-03-12 12:00","2017","03","12","12:00","-12.8","","-17.3","","69","","6","","5","","","","","M","","","-16","","NA"
"2017-03-12 13:00","2017","03","12","13:00","-12.2","","-17.3","","66","","13","","4","","","","","M","","","-15","","NA"
"2017-03-12 14:00","2017","03","12","14:00","-12.5","","-17.7","","65","","12","","8","","","","","M","","","-17","","NA"
"2017-03-12 15:00","2017","03","12","15:00","-13.5","","-17.9","","70","","13","","11","","","","","M","","","-20","","NA"
"2017-03-12 16:00","2017","03","12","16:00","-14.4","","-18.0","","74","","14","","15","","","","","M","","","-22","","NA"
"2017-03-12 17:00","2017","03","12","17:00","-14.7","","-18.0","","76","","14","","16","","","","","M","","","-23","","NA"
"2017-03-12 18:00","2017","03","12","18:00","-15.0","","-17.8","","79","","15","","19","","","","","M","","","-24","","NA"
"2017-03-12 19:00","2017","03","12","19:00","-15.3","","-17.9","","80","","15","","21","","","","","M","","","-25","","NA"
"2017-03-12 20:00","2017","03","12","20:00","-17.2","","-19.7","","81","","15","","22","","","","","M","","","-27","","NA"
"2017-03-12 21:00","2017","03","12","21:00","-17.6","","-19.9","","83","","15","","17","","","","","M","","","-27","","NA"
"2017-03-12 22:00","2017","03","12","22:00","-17.0","","-19.3","","82","","14","","25","","","","","M","","","-28","","NA"
"2017-03-12 23:00","2017","03","12","23:00","-17.0","","-19.4","","82","","14","","26","","","","","M","","","-28","","NA"
"2017-03-13 00:00","2017","03","13","00:00","-17.5","","-19.9","","81","","14","","23","","","","","M","","","-28","","NA"
"2017-03-13 01:00","2017","03","13","01:00","-17.7","","-20.1","","81","","14","","12","","","","","M","","","-25","","NA"
"2017-03-13 02:00","2017","03","13","02:00","-17.1","","-19.5","","82","","16","","10","","","","","M","","","-24","","NA"
"2017-03-13 03:00","2017","03","13","03:00","-17.5","","-19.9","","82","","15","","20","","","","","M","","","-27","","NA"
"2017-03-13 04:00","2017","03","13","04:00","-18.0","","-20.5","","81","","16","","12","","","","","M","","","-26","","NA"
"2017-03-13 05:00","2017","03","13","05:00","-17.6","","-19.9","","82","","16","","8","","","","","M","","","-23","","NA"
"2017-03-13 06:00","2017","03","13","06:00","-18.1","","-20.6","","81","","12","","4","","","","","M","","","-21","","NA"
"2017-03-13 07:00","2017","03","13","07:00","-18.6","","-21.2","","80","","16","","4","","","","","M","","","-22","","NA"
"2017-03-13 08:00","2017","03","13","08:00","-18.1","","-20.5","","81","","18","","4","","","","","M","","","-21","","NA"
"2017-03-13 09:00","2017","03","13","09:00","-15.1","","-17.2","","84","","","","0","","","","","M","","","","","NA"
"2017-03-13 10:00","2017","03","13","10:00","-12.9","","-14.7","","86","","0","","1","","","","","M","","","-14","","NA"
"2017-03-13 11:00","2017","03","13","11:00","-12.3","","-14.2","","85","","19","","4","","","","","M","","","-15","","NA"
"2017-03-13 12:00","2017","03","13","12:00","-7.5","","-10.0","","83","","0","","1","","","","","M","","","-8","","NA"
"2017-03-13 13:00","2017","03","13","13:00","-5.9","","-10.4","","71","","24","","2","","","","","M","","","-7","","NA"
"2017-03-13 14:00","2017","03","13","14:00","-5.2","","-11.6","","61","","26","","3","","","","","M","","","-7","","NA"
"2017-03-13 15:00","2017","03","13","15:00","-5.3","","-11.0","","64","","15","","2","","","","","M","","","-6","","NA"
"2017-03-13 16:00","2017","03","13","16:00","-5.2","","-9.9","","69","","24","","4","","","","","M","","","-7","","NA"
"2017-03-13 17:00","2017","03","13","17:00","-3.6","","-8.1","","71","","16","","4","","","","","M","","","-5","","NA"
"2017-03-13 18:00","2017","03","13","18:00","-5.7","","-8.5","","81","","27","","4","","","","","M","","","-8","","NA"
"2017-03-13 19:00","2017","03","13","19:00","-6.3","","-9.2","","80","","16","","5","","","","","M","","","-9","","NA"
"2017-03-13 20:00","2017","03","13","20:00","-7.4","","-10.0","","82","","11","","4","","","","","M","","","-9","","NA"
"2017-03-13 21:00","2017","03","13","21:00","-9.2","","-11.5","","84","","27","","2","","","","","M","","","-10","","NA"
"2017-03-13 22:00","2017","03","13","22:00","-9.5","","-11.7","","84","","16","","3","","","","","M","","","-11","","NA"
"2017-03-13 23:00","2017","03","13","23:00","-4.2","","-6.7","","83","","17","","4","","","","","M","","","-6","","NA"
"2017-03-14 00:00","2017","03","14","00:00","-5.4","","-6.9","","89","","18","","4","","","","","M","","","-7","","NA"
"2017-03-14 01:00","2017","03","14","01:00","-8.0","","-10.7","","81","","23","","3","","","","","M","","","-10","","NA"
"2017-03-14 02:00","2017","03","14","02:00","-1.8","","-5.6","","76","","18","","3","","","","","M","","","-3","","NA"
"2017-03-14 03:00","2017","03","14","03:00","-0.5","","-4.8","","73","","18","","4","","","","","M","","","-2","","NA"
"2017-03-14 04:00","2017","03","14","04:00","-0.2","","-4.4","","74","","20","","4","","","","","M","","","-1","","NA"
"2017-03-14 05:00","2017","03","14","05:00","-0.4","","-4.6","","73","","19","","6","","","","","M","","","-2","","NA"
"2017-03-14 06:00","2017","03","14","06:00","-0.2","","-4.4","","73","","20","","7","","","","","M","","","-3","","NA"
"2017-03-14 07:00","2017","03","14","07:00","-0.7","","-4.8","","74","","18","","4","","","","","M","","","-2","","NA"
"2017-03-14 08:00","2017","03","14","08:00","2.0","","-3.8","","66","","18","","4","","","","","M","","","","","NA"
"2017-03-14 09:00","2017","03","14","09:00","2.9","","-3.8","","61","","16","","5","","","","","M","","","","","NA"
"2017-03-14 10:00","2017","03","14","10:00","5.2","","-4.1","","51","","20","","4","","","","","M","","","","","NA"
"2017-03-14 11:00","2017","03","14","11:00","2.9","","-3.6","","62","","20","","15","","","","","M","","","","","NA"
"2017-03-14 12:00","2017","03","14","12:00","3.0","","-2.6","","66","","16","","19","","","","","M","","","","","NA"
"2017-03-14 13:00","2017","03","14","13:00","4.7","","-1.0","","67","","18","","28","","","","","M","","","","","NA"
"2017-03-14 14:00","2017","03","14","14:00","3.5","","-1.1","","72","","17","","27","","","","","M","","","","","NA"
"2017-03-14 15:00","2017","03","14","15:00","4.0","","-0.7","","72","","17","","34","","","","","M","","","","","NA"
"2017-03-14 16:00","2017","03","14","16:00","3.8","","-0.1","","76","","17","","36","","","","","M","","","","","NA"
"2017-03-14 17:00","2017","03","14","17:00","4.2","","0.3","","76","","17","","34","","","","","M","","","","","NA"
"2017-03-14 18:00","2017","03","14","18:00","1.8","","-0.3","","86","","15","","27","","","","","M","","","","","NA"
"2017-03-14 19:00","2017","03","14","19:00","4.0","","0.2","","76","","20","","22","","","","","M","","","","","NA"
"2017-03-14 20:00","2017","03","14","20:00","3.7","","0.1","","77","","19","","21","","","","","M","","","","","NA"
"2017-03-14 21:00","2017","03","14","21:00","3.2","","-0.3","","78","","19","","11","","","","","M","","","","","NA"
"2017-03-14 22:00","2017","03","14","22:00","4.3","","0.0","","73","","19","","24","","","","","M","","","","","NA"
"2017-03-14 23:00","2017","03","14","23:00","4.9","","-0.2","","70","","20","","28","","","","","M","","","","","NA"
"2017-03-15 00:00","2017","03","15","00:00","4.5","","-0.4","","70","","20","","22","","","","","M","","","","","NA"
"2017-03-15 01:00","2017","03","15","01:00","4.3","","-0.4","","71","","20","","19","","","","","M","","","","","NA"
"2017-03-15 02:00","2017","03","15","02:00","3.8","","-0.4","","74","","21","","7","","","","","M","","","","","NA"
"2017-03-15 03:00","2017","03","15","03:00","3.8","","0.1","","77","","20","","18","","","","","M","","","","","NA"
"2017-03-15 04:00","2017","03","15","04:00","4.3","","0.1","","74","","20","","20","","","","","M","","","","","NA"
"2017-03-15 05:00","2017","03","15","05:00","4.0","","0.3","","77","","19","","21","","","","","M","","","","","NA"
"2017-03-15 06:00","2017","03","15","06:00","3.3","","-0.1","","79","","20","","12","","","","","M","","","","","NA"
"2017-03-15 07:00","2017","03","15","07:00","4.0","","0.1","","76","","17","","5","","","","","M","","","","","NA"
"2017-03-15 08:00","2017","03","15","08:00","4.8","","0.3","","73","","20","","20","","","","","M","","","","","NA"
"2017-03-15 09:00","2017","03","15","09:00","4.4","","0.3","","75","","20","","23","","","","","M","","","","","NA"
"2017-03-15 10:00","2017","03","15","10:00","5.7","","0.8","","71","","20","","21","","","","","M","","","","","NA"
"2017-03-15 11:00","2017","03","15","11:00","6.2","","1.1","","70","","20","","25","","","","","M","","","","","NA"
"2017-03-15 12:00","2017","03","15","12:00","6.9","","1.4","","68","","21","","28","","","","","M","","","","","NA"
"2017-03-15 13:00","2017","03","15","13:00","7.7","","1.5","","65","","21","","35","","","","","M","","","","","NA"
"2017-03-15 14:00","2017","03","15","14:00","9.3","","2.2","","61","","22","","39","","","","","M","","","","","NA"
"2017-03-15 15:00","2017","03","15","15:00","9.5","","3.0","","64","","21","","40","","","","","M","","","","","NA"
"2017-03-15 16:00","2017","03","15","16:00","10.6","","2.9","","59","","22","","31","","","","","M","","","","","NA"
"2017-03-15 17:00","2017","03","15","17:00","9.3","","3.0","","65","","22","","32","","","","","M","","","","","NA"
"2017-03-15 18:00","2017","03","15","18:00","3.7","","-0.6","","74","","33","","25","","","","","M","","","","","NA"
"2017-03-15 19:00","2017","03","15","19:00","0.8","","-2.8","","77","","34","","12","","","","","M","","","","","NA"
"2017-03-15 20:00","2017","03","15","20:00","0.2","","-3.0","","79","","34","","19","","","","","M","","","","","NA"
"2017-03-15 21:00","2017","03","15","21:00","0.1","","-3.3","","78","","33","","15","","","","","M","","","","","NA"
"2017-03-15 22:00","2017","03","15","22:00","0.0","","-3.3","","79","","35","","12","","","","","M","","","-4","","NA"
"2017-03-15 23:00","2017","03","15","23:00","-0.3","","-3.4","","80","","35","","12","","","","","M","","","-4","","NA"
"2017-03-16 00:00","2017","03","16","00:00","-0.8","","-3.7","","81","","35","","11","","","","","M","","","-5","","NA"
"2017-03-16 01:00","2017","03","16","01:00","-1.2","","-4.0","","81","","36","","10","","","","","M","","","-5","","NA"
"2017-03-16 02:00","2017","03","16","02:00","-1.1","","-4.2","","80","","35","","15","","","","","M","","","-6","","NA"
"2017-03-16 03:00","2017","03","16","03:00","-1.2","","-4.7","","77","","36","","19","","","","","M","","","-7","","NA"
"2017-03-16 04:00","2017","03","16","04:00","-1.7","","-4.2","","83","","1","","14","","","","","M","","","-6","","NA"
"2017-03-16 05:00","2017","03","16","05:00","-2.2","","-4.3","","86","","36","","20","","","","","M","","","-8","","NA"
"2017-03-16 06:00","2017","03","16","06:00","-1.9","","-3.4","","89","","34","","10","","","","","M","","","-6","","NA"
"2017-03-16 07:00","2017","03","16","07:00","-1.9","","-3.3","","91","","35","","11","","","","","M","","","-6","","NA"
"2017-03-16 08:00","2017","03","16","08:00","-0.9","","-2.2","","91","","34","","16","","","","","M","","","-6","","NA"
"2017-03-16 09:00","2017","03","16","09:00","-0.2","","-1.9","","88","","33","","13","","","","","M","","","-4","","NA"
"2017-03-16 10:00","2017","03","16","10:00","0.0","","-1.5","","90","","32","","11","","","","","M","","","-4","","NA"
"2017-03-16 11:00","2017","03","16","11:00","0.5","","-1.4","","87","","31","","8","","","","","M","","","","","NA"
"2017-03-16 12:00","2017","03","16","12:00","2.0","","-0.8","","82","","26","","12","","","","","M","","","","","NA"
"2017-03-16 13:00","2017","03","16","13:00","3.2","","-1.1","","73","","30","","9","","","","","M","","","","","NA"
"2017-03-16 14:00","2017","03","16","14:00","5.6","","-0.9","","63","","35","","4","","","","","M","","","","","NA"
"2017-03-16 15:00","2017","03","16","15:00","6.5","","-0.4","","61","","9","","4","","","","","M","","","","","NA"
"2017-03-16 16:00","2017","03","16","16:00","6.3","","0.0","","64","","10","","11","","","","","M","","","","","NA"
"2017-03-16 17:00","2017","03","16","17:00","6.7","","-0.3","","61","","9","","11","","","","","M","","","","","NA"
"2017-03-16 18:00","2017","03","16","18:00","3.3","","-0.6","","75","","8","","16","","","","","M","","","","","NA"
"2017-03-16 19:00","2017","03","16","19:00","0.9","","-1.4","","84","","6","","15","","","","","M","","","","","NA"
"2017-03-16 20:00","2017","03","16","20:00","0.2","","-1.4","","89","","5","","13","","","","","M","","","","","NA"
"2017-03-16 21:00","2017","03","16","21:00","-0.5","","-1.8","","91","","22","","4","","","","","M","","","-2","","NA"
"2017-03-16 22:00","2017","03","16","22:00","-1.3","","-2.4","","92","","32","","8","","","","","M","","","-4","","NA"
"2017-03-16 23:00","2017","03","16","23:00","-0.6","","-1.6","","93","","33","","7","","","","","M","","","-3","","NA"
"2017-03-17 00:00","2017","03","17","00:00","-2.0","","-3.1","","93","","34","","1","","","","","M","","","-2","","NA"
"2017-03-17 01:00","2017","03","17","01:00","-2.9","","-3.9","","93","","22","","5","","","","","M","","","-5","","NA"
"2017-03-17 02:00","2017","03","17","02:00","-2.4","","-3.4","","93","","20","","5","","","","","M","","","-4","","NA"
"2017-03-17 03:00","2017","03","17","03:00","-3.0","","-4.1","","92","","21","","8","","","","","M","","","-6","","NA"
"2017-03-17 04:00","2017","03","17","04:00","-2.3","","-3.3","","93","","20","","7","","","","","M","","","-5","","NA"
"2017-03-17 05:00","2017","03","17","05:00","-2.7","","-3.9","","92","","18","","6","","","","","M","","","-5","","NA"
"2017-03-17 06:00","2017","03","17","06:00","-3.4","","-4.6","","91","","20","","6","","","","","M","","","-6","","NA"
"2017-03-17 07:00","2017","03","17","07:00","-3.1","","-4.2","","92","","21","","9","","","","","M","","","-7","","NA"
"2017-03-17 08:00","2017","03","17","08:00","-1.5","","-3.7","","85","","20","","5","","","","","M","","","-3","","NA"
"2017-03-17 09:00","2017","03","17","09:00","-0.2","","-3.8","","77","","22","","6","","","","","M","","","-2","","NA"
"2017-03-17 10:00","2017","03","17","10:00","1.0","","-3.2","","74","","22","","19","","","","","M","","","","","NA"
"2017-03-17 11:00","2017","03","17","11:00","3.0","","-3.8","","61","","22","","16","","","","","M","","","","","NA"
"2017-03-17 12:00","2017","03","17","12:00","3.7","","-3.1","","61","","22","","17","","","","","M","","","","","NA"
"2017-03-17 13:00","2017","03","17","13:00","4.4","","-3.4","","57","","21","","22","","","","","M","","","","","NA"
"2017-03-17 14:00","2017","03","17","14:00","5.1","","-4.1","","51","","18","","27","","","","","M","","","","","NA"
"2017-03-17 15:00","2017","03","17","15:00","5.4","","-4.5","","49","","18","","31","","","","","M","","","","","NA"
"2017-03-17 16:00","2017","03","17","16:00","5.2","","-3.4","","54","","18","","30","","","","","M","","","","","NA"
"2017-03-17 17:00","2017","03","17","17:00","4.9","","-3.4","","55","","19","","28","","","","","M","","","","","NA"
"2017-03-17 18:00","2017","03","17","18:00","3.7","","-3.3","","60","","17","","25","","","","","M","","","","","NA"
"2017-03-17 19:00","2017","03","17","19:00","2.6","","-1.8","","73","","15","","26","","","","","M","","","","","NA"
"2017-03-17 20:00","2017","03","17","20:00","3.2","","-2.2","","68","","17","","29","","","","","M","","","","","NA"
"2017-03-17 21:00","2017","03","17","21:00","3.2","","-3.0","","64","","18","","33","","","","","M","","","","","NA"
"2017-03-17 22:00","2017","03","17","22:00","2.6","","-2.9","","67","","17","","31","","","","","M","","","","","NA"
"2017-03-17 23:00","2017","03","17","23:00","2.5","","-3.3","","65","","18","","35","","","","","M","","","","","NA"
"2017-03-18 00:00","2017","03","18","00:00","2.0","","-3.2","","68","","18","","28","","","","","M","","","","","NA"
"2017-03-18 01:00","2017","03","18","01:00","2.5","","-2.5","","69","","19","","31","","","","","M","","","","","NA"
"2017-03-18 02:00","2017","03","18","02:00","4.1","","-1.7","","66","","20","","35","","","","","M","","","","","NA"
"2017-03-18 03:00","2017","03","18","03:00","3.4","","-1.5","","70","","20","","30","","","","","M","","","","","NA"
"2017-03-18 04:00","2017","03","18","04:00","4.2","","-1.2","","68","","19","","35","","","","","M","","","","","NA"
"2017-03-18 05:00","2017","03","18","05:00","5.1","","-0.8","","66","","20","","37","","","","","M","","","","","NA"
"2017-03-18 06:00","2017","03","18","06:00","5.6","","-0.6","","64","","20","","36","","","","","M","","","","","NA"
"2017-03-18 07:00","2017","03","18","07:00","6.5","","-0.3","","62","","19","","44","","","","","M","","","","","NA"
"2017-03-18 08:00","2017","03","18","08:00","7.1","","0.3","","62","","19","","43","","","","","M","","","","","NA"
"2017-03-18 09:00","2017","03","18","09:00","8.2","","1.3","","62","","20","","43","","","","","M","","","","","NA"
"2017-03-18 10:00","2017","03","18","10:00","10.3","","2.9","","60","","20","","43","","","","","M","","","","","NA"
"2017-03-18 11:00","2017","03","18","11:00","12.9","","3.4","","52","","19","","54","","","","","M","","","","","NA"
"2017-03-18 12:00","2017","03","18","12:00","12.9","","4.1","","55","","20","","42","","","","","M","","","","","NA"
"2017-03-18 13:00","2017","03","18","13:00","14.1","","4.5","","52","","20","","42","","","","","M","","","","","NA"
"2017-03-18 14:00","2017","03","18","14:00","14.5","","4.7","","52","","22","","41","","","","","M","","","","","NA"
"2017-03-18 15:00","2017","03","18","15:00","14.6","","4.2","","50","","21","","47","","","","","M","","","","","NA"
"2017-03-18 16:00","2017","03","18","16:00","13.6","","3.9","","52","","21","","45","","","","","M","","","","","NA"
"2017-03-18 17:00","2017","03","18","17:00","12.0","","4.0","","58","","22","","37","","","","","M","","","","","NA"
"2017-03-18 18:00","2017","03","18","18:00","10.8","","2.6","","57","","23","","48","","","","","M","","","","","NA"
"2017-03-18 19:00","2017","03","18","19:00","8.0","","2.1","","66","","23","","38","","","","","M","","","","","NA"
"2017-03-18 20:00","2017","03","18","20:00","7.2","","1.5","","67","","23","","45","","","","","M","","","","","NA"
"2017-03-18 21:00","2017","03","18","21:00","7.2","","-0.9","","56","","23","","60","","","","","M","","","","","NA"
"2017-03-18 22:00","2017","03","18","22:00","6.7","","-2.4","","52","","24","","43","","","","","M","","","","","NA"
"2017-03-18 23:00","2017","03","18","23:00","3.2","","-0.6","","76","","32","","24","","","","","M","","","","","NA"
"2017-03-19 00:00","2017","03","19","00:00","3.2","","-2.4","","67","","27","","33","","","","","M","","","","","NA"
"2017-03-19 01:00","2017","03","19","01:00","3.2","","-3.7","","60","","28","","29","","","","","M","","","","","NA"
"2017-03-19 02:00","2017","03","19","02:00","1.4","","-2.9","","73","","33","","36","","","","","M","","","","","NA"
"2017-03-19 03:00","2017","03","19","03:00","-1.3","","-5.9","","71","","36","","32","","","","","M","","","-8","","NA"
"2017-03-19 04:00","2017","03","19","04:00","-2.2","","-6.5","","73","","35","","22","","","","","M","","","-8","","NA"
"2017-03-19 05:00","2017","03","19","05:00","-3.5","","-6.5","","80","","36","","10","","","","","M","","","-7","","NA"
"2017-03-19 06:00","2017","03","19","06:00","-2.1","","-6.9","","70","","30","","11","","","","","M","","","-6","","NA"
"2017-03-19 07:00","2017","03","19","07:00","-3.1","","-7.3","","73","","3","","12","","","","","M","","","-8","","NA"
"2017-03-19 08:00","2017","03","19","08:00","-1.0","","-6.8","","65","","30","","7","","","","","M","","","-4","","NA"
"2017-03-19 09:00","2017","03","19","09:00","-0.7","","-6.3","","66","","24","","11","","","","","M","","","-4","","NA"
"2017-03-19 10:00","2017","03","19","10:00","0.8","","-9.0","","48","","22","","11","","","","","M","","","","","NA"
"2017-03-19 11:00","2017","03","19","11:00","1.6","","-11.4","","37","","13","","8","","","","","M","","","","","NA"
"2017-03-19 12:00","2017","03","19","12:00","3.4","","-11.0","","34","","11","","9","","","","","M","","","","","NA"
"2017-03-19 13:00","2017","03","19","13:00","4.3","","-11.5","","31","","21","","5","","","","","M","","","","","NA"
"2017-03-19 14:00","2017","03","19","14:00","5.2","","-10.8","","30","","21","","12","","","","","M","","","","","NA"
"2017-03-19 15:00","2017","03","19","15:00","3.1","","-8.1","","43","","33","","17","","","","","M","","","","","NA"
"2017-03-19 16:00","2017","03","19","16:00","5.2","","-10.3","","32","","27","","8","","","","","M","","","","","NA"
"2017-03-19 17:00","2017","03","19","17:00","4.3","","-12.8","","28","","31","","20","","","","","M","","","","","NA"
"2017-03-19 18:00","2017","03","19","18:00","3.2","","-12.7","","30","","32","","23","","","","","M","","","","","NA"
"2017-03-19 19:00","2017","03","19","19:00","-0.1","","-10.8","","44","","30","","15","","","","","M","","","-5","","NA"
"2017-03-19 20:00","2017","03","19","20:00","-1.6","","-10.8","","49","","30","","12","","","","","M","","","-6","","NA"
"2017-03-19 21:00","2017","03","19","21:00","-2.9","","-11.5","","52","","29","","5","","","","","M","","","-5","","NA"
"2017-03-19 22:00","2017","03","19","22:00","-2.8","","-11.0","","53","","29","","8","","","","","M","","","-6","","NA"
"2017-03-19 23:00","2017","03","19","23:00","-3.0","","-12.0","","50","","28","","9","","","","","M","","","-7","","NA"
"2017-03-20 00:00","2017","03","20","00:00","-3.7","","-11.9","","53","","24","","6","","","","","M","","","-6","","NA"
"2017-03-20 01:00","2017","03","20","01:00","-4.8","","-10.8","","63","","24","","9","","","","","M","","","-9","","NA"
"2017-03-20 02:00","2017","03","20","02:00","-4.9","","-11.5","","60","","24","","7","","","","","M","","","-8","","NA"
"2017-03-20 03:00","2017","03","20","03:00","-4.7","","-12.4","","55","","28","","5","","","","","M","","","-7","","NA"
"2017-03-20 04:00","2017","03","20","04:00","-3.8","","-12.0","","53","","1","","22","","","","","M","","","-10","","NA"
"2017-03-20 05:00","2017","03","20","05:00","-6.1","","-11.1","","68","","1","","18","","","","","M","","","-13","","NA"
"2017-03-20 06:00","2017","03","20","06:00","-7.8","","-11.3","","76","","1","","14","","","","","M","","","-14","","NA"
"2017-03-20 07:00","2017","03","20","07:00","-7.4","","-10.3","","80","","2","","13","","","","","M","","","-13","","NA"
"2017-03-20 08:00","2017","03","20","08:00","-3.4","","-8.0","","71","","3","","15","","","","","M","","","-9","","NA"
"2017-03-20 09:00","2017","03","20","09:00","-2.5","","-7.3","","69","","3","","23","","","","","M","","","-9","","NA"
"2017-03-20 10:00","2017","03","20","10:00","-1.9","","-7.9","","64","","4","","9","","","","","M","","","-5","","NA"
"2017-03-20 11:00","2017","03","20","11:00","-1.4","","-8.7","","58","","1","","11","","","","","M","","","-5","","NA"
"2017-03-20 12:00","2017","03","20","12:00","0.1","","-9.6","","48","","2","","8","","","","","M","","","","","NA"
"2017-03-20 13:00","2017","03","20","13:00","1.1","","-9.0","","47","","8","","7","","","","","M","","","","","NA"
"2017-03-20 14:00","2017","03","20","14:00","1.2","","-10.0","","43","","7","","8","","","","","M","","","","","NA"
"2017-03-20 15:00","2017","03","20","15:00","2.5","","-9.6","","41","","35","","6","","","","","M","","","","","NA"
"2017-03-20 16:00","2017","03","20","16:00","0.6","","-10.7","","43","","13","","5","","","","","M","","","","","NA"
"2017-03-20 17:00","2017","03","20","17:00","0.8","","-10.1","","44","","15","","17","","","","","M","","","","","NA"
"2017-03-20 18:00","2017","03","20","18:00","-0.2","","-8.3","","54","","15","","16","","","","","M","","","-5","","NA"
"2017-03-20 19:00","2017","03","20","19:00","-3.5","","-8.8","","67","","12","","14","","","","","M","","","-9","","NA"
"2017-03-20 20:00","2017","03","20","20:00","-3.7","","-8.9","","67","","12","","19","","","","","M","","","-10","","NA"
"2017-03-20 21:00","2017","03","20","21:00","-3.8","","-8.5","","70","","12","","20","","","","","M","","","-10","","NA"
"2017-03-20 22:00","2017","03","20","22:00","-3.8","","-8.9","","68","","12","","23","","","","","M","","","-11","","NA"
"2017-03-20 23:00","2017","03","20","23:00","-3.9","","-9.2","","66","","13","","28","","","","","M","","","-11","","NA"
"2017-03-21 00:00","2017","03","21","00:00","-4.5","","-10.0","","66","","13","","28","","","","","M","","","-12","","NA"
"2017-03-21 01:00","2017","03","21","01:00","-4.5","","-9.4","","69","","13","","32","","","","","M","","","-13","","NA"
"2017-03-21 02:00","2017","03","21","02:00","-4.2","","-9.1","","69","","15","","32","","","","","M","","","-12","","NA"
"2017-03-21 03:00","2017","03","21","03:00","-4.7","","-9.1","","71","","14","","32","","","","","M","","","-13","","NA"
"2017-03-21 04:00","2017","03","21","04:00","-4.8","","-8.9","","73","","14","","31","","","","","M","","","-13","","NA"
"2017-03-21 05:00","2017","03","21","05:00","-4.7","","-8.7","","74","","14","","29","","","","","M","","","-12","","NA"
"2017-03-21 06:00","2017","03","21","06:00","-4.6","","-8.4","","75","","14","","28","","","","","M","","","-12","","NA"
"2017-03-21 07:00","2017","03","21","07:00","-4.4","","-8.4","","74","","14","","31","","","","","M","","","-12","","NA"
"2017-03-21 08:00","2017","03","21","08:00","-3.7","","-8.7","","68","","15","","31","","","","","M","","","-11","","NA"
"2017-03-21 09:00","2017","03","21","09:00","-2.2","","-9.2","","58","","15","","38","","","","","M","","","-10","","NA"
"2017-03-21 10:00","2017","03","21","10:00","-1.5","","-8.1","","61","","16","","34","","","","","M","","","-9","","NA"
"2017-03-21 11:00","2017","03","21","11:00","-0.9","","-7.7","","60","","16","","31","","","","","M","","","-8","","NA"
"2017-03-21 12:00","2017","03","21","12:00","0.3","","-6.7","","59","","16","","37","","","","","M","","","","","NA"
"2017-03-21 13:00","2017","03","21","13:00","2.8","","-5.0","","56","","16","","33","","","","","M","","","","","NA"
"2017-03-21 14:00","2017","03","21","14:00","3.8","","-5.1","","52","","16","","35","","","","","M","","","","","NA"
"2017-03-21 15:00","2017","03","21","15:00","4.3","","-4.2","","54","","16","","38","","","","","M","","","","","NA"
"2017-03-21 16:00","2017","03","21","16:00","6.6","","-3.3","","49","","18","","39","","","","","M","","","","","NA"
"2017-03-21 17:00","2017","03","21","17:00","4.9","","-2.7","","58","","15","","31","","","","","M","","","","","NA"
"2017-03-21 18:00","2017","03","21","18:00","3.7","","-2.7","","63","","15","","34","","","","","M","","","","","NA"
"2017-03-21 19:00","2017","03","21","19:00","2.1","","-2.8","","70","","15","","33","","","","","M","","","","","NA"
"2017-03-21 20:00","2017","03","21","20:00","2.1","","-2.6","","71","","16","","37","","","","","M","","","","","NA"
"2017-03-21 21:00","2017","03","21","21:00","1.7","","-2.2","","75","","15","","38","","","","","M","","","","","NA"
"2017-03-21 22:00","2017","03","21","22:00","0.9","","-2.3","","80","","15","","32","","","","","M","","","","","NA"
"2017-03-21 23:00","2017","03","21","23:00","0.1","","-2.4","","83","","15","","30","","","","","M","","","","","NA"
"2017-03-22 00:00","2017","03","22","00:00","-0.2","","-2.2","","87","","15","","30","","","","","M","","","-7","","NA"
"2017-03-22 01:00","2017","03","22","01:00","0.9","","-1.2","","86","","17","","37","","","","","M","","","","","NA"
"2017-03-22 02:00","2017","03","22","02:00","1.4","","-1.0","","85","","17","","25","","","","","M","","","","","NA"
"2017-03-22 03:00","2017","03","22","03:00","0.8","","-1.2","","86","","19","","17","","","","","M","","","","","NA"
"2017-03-22 04:00","2017","03","22","04:00","0.9","","-1.1","","86","","16","","30","","","","","M","","","","","NA"
"2017-03-22 05:00","2017","03","22","05:00","1.0","","-0.7","","88","","17","","25","","","","","M","","","","","NA"
"2017-03-22 06:00","2017","03","22","06:00","2.6","","0.7","","87","","20","","19","","","","","M","","","","","NA"
"2017-03-22 07:00","2017","03","22","07:00","2.3","","0.7","","89","","24","","12","","","","","M","","","","","NA"
"2017-03-22 08:00","2017","03","22","08:00","3.5","","1.3","","86","","25","","10","","","","","M","","","","","NA"
"2017-03-22 09:00","2017","03","22","09:00","7.1","","2.5","","72","","23","","6","","","","","M","","","","","NA"
"2017-03-22 10:00","2017","03","22","10:00","10.0","","1.5","","55","","22","","16","","","","","M","","","","","NA"
"2017-03-22 11:00","2017","03","22","11:00","12.8","","0.1","","42","","25","","12","","","","","M","","","","","NA"
"2017-03-22 12:00","2017","03","22","12:00","14.6","","-3.0","","29","","27","","34","","","","","M","","","","","NA"
"2017-03-22 13:00","2017","03","22","13:00","15.0","","-3.2","","28","","28","","37","","","","","M","","","","","NA"
"2017-03-22 14:00","2017","03","22","14:00","15.5","","-4.0","","26","","27","","30","","","","","M","","","","","NA"
"2017-03-22 15:00","2017","03","22","15:00","13.9","","2.6","","46","","35","","15","","","","","M","","","","","NA"
"2017-03-22 16:00","2017","03","22","16:00","13.3","","2.9","","49","","33","","18","","","","","M","","","","","NA"
"2017-03-22 17:00","2017","03","22","17:00","13.0","","2.6","","49","","2","","15","","","","","M","","","","","NA"
"2017-03-22 18:00","2017","03","22","18:00","10.9","","2.2","","55","","5","","9","","","","","M","","","","","NA"
"2017-03-22 19:00","2017","03","22","19:00","5.3","","1.2","","75","","7","","10","","","","","M","","","","","NA"
"2017-03-22 20:00","2017","03","22","20:00","4.3","","0.4","","76","","12","","9","","","","","M","","","","","NA"
"2017-03-22 21:00","2017","03","22","21:00","3.3","","-3.2","","62","","21","","17","","","","","M","","","","","NA"
"2017-03-22 22:00","2017","03","22","22:00","3.1","","-5.2","","54","","22","","6","","","","","M","","","","","NA"
"2017-03-22 23:00","2017","03","22","23:00","1.8","","-4.8","","62","","20","","11","","","","","M","","","","","NA"
"2017-03-23 00:00","2017","03","23","00:00","1.5","","-4.3","","65","","20","","9","","","","","M","","","","","NA"
"2017-03-23 01:00","2017","03","23","01:00","0.7","","-4.2","","70","","21","","10","","","","","M","","","","","NA"
"2017-03-23 02:00","2017","03","23","02:00","1.2","","-4.1","","68","","24","","11","","","","","M","","","","","NA"
"2017-03-23 03:00","2017","03","23","03:00","0.8","","-3.9","","71","","19","","7","","","","","M","","","","","NA"
"2017-03-23 04:00","2017","03","23","04:00","0.5","","-3.3","","75","","21","","9","","","","","M","","","","","NA"
"2017-03-23 05:00","2017","03","23","05:00","1.3","","-3.9","","68","","24","","5","","","","","M","","","","","NA"
"2017-03-23 06:00","2017","03","23","06:00","0.5","","-4.6","","69","","24","","11","","","","","M","","","","","NA"
"2017-03-23 07:00","2017","03","23","07:00","0.4","","-4.3","","71","","25","","9","","","","","M","","","","","NA"
"2017-03-23 08:00","2017","03","23","08:00","3.8","","-4.0","","57","","19","","9","","","","","M","","","","","NA"
"2017-03-23 09:00","2017","03","23","09:00","6.3","","-3.4","","50","","24","","13","","","","","M","","","","","NA"
"2017-03-23 10:00","2017","03","23","10:00","9.6","","-4.9","","36","","27","","21","","","","","M","","","","","NA"
"2017-03-23 11:00","2017","03","23","11:00","11.6","","-7.7","","25","","31","","20","","","","","M","","","","","NA"
"2017-03-23 12:00","2017","03","23","12:00","12.4","","-8.2","","23","","31","","21","","","","","M","","","","","NA"
"2017-03-23 13:00","2017","03","23","13:00","13.1","","-8.5","","21","","30","","21","","","","","M","","","","","NA"
"2017-03-23 14:00","2017","03","23","14:00","12.8","","-9.1","","21","","30","","16","","","","","M","","","","","NA"
"2017-03-23 15:00","2017","03","23","15:00","12.8","","-7.8","","23","","32","","32","","","","","M","","","","","NA"
"2017-03-23 16:00","2017","03","23","16:00","11.1","","-7.4","","27","","34","","27","","","","","M","","","","","NA"
"2017-03-23 17:00","2017","03","23","17:00","10.1","","-7.5","","28","","35","","32","","","","","M","","","","","NA"
"2017-03-23 18:00","2017","03","23","18:00","7.5","","-2.1","","51","","2","","24","","","","","M","","","","","NA"
"2017-03-23 19:00","2017","03","23","19:00","3.2","","-0.7","","76","","4","","20","","","","","M","","","","","NA"
"2017-03-23 20:00","2017","03","23","20:00","-0.5","","-3.1","","82","","2","","14","","","","","M","","","-5","","NA"
"2017-03-23 21:00","2017","03","23","21:00","-0.8","","-2.8","","87","","21","","4","","","","","M","","","-2","","NA"
"2017-03-23 22:00","2017","03","23","22:00","-1.3","","-3.1","","88","","2","","15","","","","","M","","","-6","","NA"
"2017-03-23 23:00","2017","03","23","23:00","-2.3","","-4.0","","88","","4","","8","","","","","M","","","-5","","NA"
"2017-03-24 00:00","2017","03","24","00:00","-2.8","","-4.0","","91","","2","","10","","","","","M","","","-7","","NA"
"2017-03-24 01:00","2017","03","24","01:00","-3.2","","-4.4","","92","","2","","14","","","","","M","","","-8","","NA"
"2017-03-24 02:00","2017","03","24","02:00","-5.1","","-6.2","","92","","9","","9","","","","","M","","","-9","","NA"
"2017-03-24 03:00","2017","03","24","03:00","-5.3","","-6.3","","92","","11","","9","","","","","M","","","-9","","NA"
"2017-03-24 04:00","2017","03","24","04:00","-5.4","","-6.4","","92","","16","","7","","","","","M","","","-9","","NA"
"2017-03-24 05:00","2017","03","24","05:00","-6.2","","-7.3","","92","","16","","4","","","","","M","","","-8","","NA"
"2017-03-24 06:00","2017","03","24","06:00","-5.5","","-6.6","","92","","17","","8","","","","","M","","","-9","","NA"
"2017-03-24 07:00","2017","03","24","07:00","-3.7","","-4.7","","93","","16","","10","","","","","M","","","-8","","NA"
"2017-03-24 08:00","2017","03","24","08:00","-3.0","","-3.9","","94","","16","","13","","","","","M","","","-8","","NA"
"2017-03-24 09:00","2017","03","24","09:00","-1.8","","-2.7","","94","","16","","11","","","","","M","","","-6","","NA"
"2017-03-24 10:00","2017","03","24","10:00","-0.3","","-1.1","","94","","16","","16","","","","","M","","","-5","","NA"
"2017-03-24 11:00","2017","03","24","11:00","3.3","","0.5","","82","","17","","24","","","","","M","","","","","NA"
"2017-03-24 12:00","2017","03","24","12:00","5.4","","-3.3","","54","","16","","28","","","","","M","","","","","NA"
"2017-03-24 13:00","2017","03","24","13:00","8.9","","-5.2","","36","","18","","36","","","","","M","","","","","NA"
"2017-03-24 14:00","2017","03","24","14:00","11.0","","-6.4","","29","","19","","35","","","","","M","","","","","NA"
"2017-03-24 15:00","2017","03","24","15:00","12.3","","-7.0","","25","","20","","31","","","","","M","","","","","NA"
"2017-03-24 16:00","2017","03","24","16:00","13.0","","-6.5","","25","","21","","30","","","","","M","","","","","NA"
"2017-03-24 17:00","2017","03","24","17:00","12.4","","-5.2","","29","","22","","31","","","","","M","","","","","NA"
"2017-03-24 18:00","2017","03","24","18:00","9.4","","-3.5","","40","","22","","30","","","","","M","","","","","NA"
"2017-03-24 19:00","2017","03","24","19:00","7.7","","-2.7","","48","","21","","26","","","","","M","","","","","NA"
"2017-03-24 20:00","2017","03","24","20:00","5.8","","-2.0","","57","","23","","17","","","","","M","","","","","NA"
"2017-03-24 21:00","2017","03","24","21:00","4.9","","-2.0","","61","","22","","23","","","","","M","","","","","NA"
"2017-03-24 22:00","2017","03","24","22:00","4.4","","-1.9","","64","","23","","30","","","","","M","","","","","NA"
"2017-03-24 23:00","2017","03","24","23:00","2.6","","-2.2","","71","","21","","21","","","","","M","","","","","NA"
"2017-03-25 00:00","2017","03","25","00:00","1.4","","-2.6","","75","","21","","23","","","","","M","","","","","NA"
"2017-03-25 01:00","2017","03","25","01:00","0.1","","-3.8","","75","","20","","7","","","","","M","","","","","NA"
"2017-03-25 02:00","2017","03","25","02:00","1.1","","-3.7","","70","","24","","9","","","","","M","","","","","NA"
"2017-03-25 03:00","2017","03","25","03:00","-0.1","","-4.8","","70","","24","","11","","","","","M","","","-4","","NA"
"2017-03-25 04:00","2017","03","25","04:00","0.2","","-5.2","","67","","28","","9","","","","","M","","","","","NA"
"2017-03-25 05:00","2017","03","25","05:00","0.6","","-4.9","","67","","28","","14","","","","","M","","","","","NA"
"2017-03-25 06:00","2017","03","25","06:00","-1.9","","-6.2","","73","","8","","8","","","","","M","","","-5","","NA"
"2017-03-25 07:00","2017","03","25","07:00","-1.5","","-6.1","","71","","33","","3","","","","","M","","","-3","","NA"
"2017-03-25 08:00","2017","03","25","08:00","4.0","","-5.3","","51","","23","","4","","","","","M","","","","","NA"
"2017-03-25 09:00","2017","03","25","09:00","7.4","","-6.5","","37","","23","","7","","","","","M","","","","","NA"
"2017-03-25 10:00","2017","03","25","10:00","8.9","","-6.3","","34","","24","","31","","","","","M","","","","","NA"
"2017-03-25 11:00","2017","03","25","11:00","10.6","","-6.9","","28","","25","","29","","","","","M","","","","","NA"
"2017-03-25 12:00","2017","03","25","12:00","11.0","","-7.4","","27","","26","","26","","","","","M","","","","","NA"
"2017-03-25 13:00","2017","03","25","13:00","12.5","","-7.5","","24","","25","","30","","","","","M","","","","","NA"
"2017-03-25 14:00","2017","03","25","14:00","12.5","","-7.2","","25","","25","","31","","","","","M","","","","","NA"
"2017-03-25 15:00","2017","03","25","15:00","12.4","","-8.4","","23","","25","","30","","","","","M","","","","","NA"
"2017-03-25 16:00","2017","03","25","16:00","12.0","","-6.9","","26","","24","","34","","","","","M","","","","","NA"
"2017-03-25 17:00","2017","03","25","17:00","10.3","","-9.0","","25","","24","","36","","","","","M","","","","","NA"
"2017-03-25 18:00","2017","03","25","18:00","9.5","","-6.3","","32","","28","","23","","","","","M","","","","","NA"
"2017-03-25 19:00","2017","03","25","19:00","4.8","","-7.7","","40","","26","","17","","","","","M","","","","","NA"
"2017-03-25 20:00","2017","03","25","20:00","3.1","","-7.2","","47","","27","","22","","","","","M","","","","","NA"
"2017-03-25 21:00","2017","03","25","21:00","-0.3","","-6.7","","62","","22","","12","","","","","M","","","-4","","NA"
"2017-03-25 22:00","2017","03","25","22:00","-0.5","","-6.5","","64","","24","","13","","","","","M","","","-5","","NA"
"2017-03-25 23:00","2017","03","25","23:00","-0.8","","-6.2","","67","","25","","18","","","","","M","","","-6","","NA"
"2017-03-26 00:00","2017","03","26","00:00","-1.2","","-6.5","","67","","22","","14","","","","","M","","","-6","","NA"
"2017-03-26 01:00","2017","03","26","01:00","-1.4","","-7.1","","65","","20","","8","","","","","M","","","-4","","NA"
"2017-03-26 02:00","2017","03","26","02:00","0.1","","-6.7","","60","","26","","16","","","","","M","","","","","NA"
"2017-03-26 03:00","2017","03","26","03:00","-2.4","","-7.4","","69","","21","","8","","","","","M","","","-6","","NA"
"2017-03-26 04:00","2017","03","26","04:00","-3.5","","-8.1","","71","","21","","9","","","","","M","","","-7","","NA"
"2017-03-26 05:00","2017","03","26","05:00","-4.8","","-8.6","","74","","26","","4","","","","","M","","","-7","","NA"
"2017-03-26 06:00","2017","03","26","06:00","-4.3","","-9.6","","66","","31","","12","","","","","M","","","-9","","NA"
"2017-03-26 07:00","2017","03","26","07:00","-3.5","","-9.0","","65","","23","","8","","","","","M","","","-7","","NA"
"2017-03-26 08:00","2017","03","26","08:00","0.5","","-6.7","","59","","20","","6","","","","","M","","","","","NA"
"2017-03-26 09:00","2017","03","26","09:00","2.8","","-7.4","","47","","33","","10","","","","","M","","","","","NA"
"2017-03-26 10:00","2017","03","26","10:00","6.1","","-5.1","","45","","34","","11","","","","","M","","","","","NA"
"2017-03-26 11:00","2017","03","26","11:00","7.6","","-10.0","","27","","35","","12","","","","","M","","","","","NA"
"2017-03-26 12:00","2017","03","26","12:00","8.1","","-11.9","","23","","31","","10","","","","","M","","","","","NA"
"2017-03-26 13:00","2017","03","26","13:00","10.2","","-11.8","","20","","21","","7","","","","","M","","","","","NA"
"2017-03-26 14:00","2017","03","26","14:00","10.0","","-10.6","","22","","24","","15","","","","","M","","","","","NA"
"2017-03-26 15:00","2017","03","26","15:00","10.6","","-12.5","","18","","20","","15","","","","","M","","","","","NA"
"2017-03-26 16:00","2017","03","26","16:00","10.6","","-11.3","","20","","21","","9","","","","","M","","","","","NA"
"2017-03-26 17:00","2017","03","26","17:00","10.3","","-11.0","","21","","18","","14","","","","","M","","","","","NA"
"2017-03-26 18:00","2017","03","26","18:00","7.4","","-8.2","","32","","14","","14","","","","","M","","","","","NA"
"2017-03-26 19:00","2017","03","26","19:00","3.3","","-8.6","","41","","16","","17","","","","","M","","","","","NA"
"2017-03-26 20:00","2017","03","26","20:00","3.4","","-8.8","","40","","19","","15","","","","","M","","","","","NA"
"2017-03-26 21:00","2017","03","26","21:00","2.1","","-8.2","","46","","17","","12","","","","","M","","","","","NA"
"2017-03-26 22:00","2017","03","26","22:00","2.0","","-7.7","","49","","15","","14","","","","","M","","","","","NA"
"2017-03-26 23:00","2017","03","26","23:00","2.3","","-7.4","","49","","16","","16","","","","","M","","","","","NA"
"2017-03-27 00:00","2017","03","27","00:00","3.4","","-8.5","","41","","19","","10","","","","","M","","","","","NA"
"2017-03-27 01:00","2017","03","27","01:00","4.0","","-7.4","","43","","19","","16","","","","","M","","","","","NA"
"2017-03-27 02:00","2017","03","27","02:00","3.9","","-5.5","","50","","22","","13","","","","","M","","","","","NA"
"2017-03-27 03:00","2017","03","27","03:00","3.3","","-3.8","","59","","21","","11","","","","","M","","","","","NA"
"2017-03-27 04:00","2017","03","27","04:00","3.1","","-4.6","","57","","20","","18","","","","","M","","","","","NA"
"2017-03-27 05:00","2017","03","27","05:00","1.3","","-4.1","","67","","19","","15","","","","","M","","","","","NA"
"2017-03-27 06:00","2017","03","27","06:00","1.4","","-3.7","","69","","19","","15","","","","","M","","","","","NA"
"2017-03-27 07:00","2017","03","27","07:00","1.2","","-3.6","","70","","19","","12","","","","","M","","","","","NA"
"2017-03-27 08:00","2017","03","27","08:00","3.0","","-2.7","","66","","21","","8","","","","","M","","","","","NA"
"2017-03-27 09:00","2017","03","27","09:00","4.4","","-2.8","","59","","0","","1","","","","","M","","","","","NA"
"2017-03-27 10:00","2017","03","27","10:00","6.9","","-2.4","","52","","14","","8","","","","","M","","","","","NA"
"2017-03-27 11:00","2017","03","27","11:00","9.9","","-1.6","","45","","12","","7","","","","","M","","","","","NA"
"2017-03-27 12:00","2017","03","27","12:00","11.2","","-2.5","","38","","14","","9","","","","","M","","","","","NA"
"2017-03-27 13:00","2017","03","27","13:00","10.5","","-3.6","","37","","25","","4","","","","","M","","","","","NA"
"2017-03-27 14:00","2017","03","27","14:00","10.5","","-3.9","","36","","15","","8","","","","","M","","","","","NA"
"2017-03-27 15:00","2017","03","27","15:00","10.7","","-4.2","","35","","27","","3","","","","","M","","","","","NA"
"2017-03-27 16:00","2017","03","27","16:00","11.2","","-4.5","","33","","5","","3","","","","","M","","","","","NA"
"2017-03-27 17:00","2017","03","27","17:00","11.0","","-4.9","","33","","20","","3","","","","","M","","","","","NA"
"2017-03-27 18:00","2017","03","27","18:00","10.2","","-4.4","","35","","10","","5","","","","","M","","","","","NA"
"2017-03-27 19:00","2017","03","27","19:00","7.4","","-4.4","","43","","10","","7","","","","","M","","","","","NA"
"2017-03-27 20:00","2017","03","27","20:00","5.2","","-4.7","","49","","9","","8","","","","","M","","","","","NA"
"2017-03-27 21:00","2017","03","27","21:00","3.5","","-4.3","","56","","9","","10","","","","","M","","","","","NA"
"2017-03-27 22:00","2017","03","27","22:00","1.4","","-4.2","","67","","19","","5","","","","","M","","","","","NA"
"2017-03-27 23:00","2017","03","27","23:00","-0.8","","-5.0","","73","","9","","5","","","","","M","","","-2","","NA"
"2017-03-28 00:00","2017","03","28","00:00","1.1","","-3.2","","73","","2","","13","","","","","M","","","","","NA"
"2017-03-28 01:00","2017","03","28","01:00","-1.2","","-4.3","","79","","21","","8","","","","","M","","","-4","","NA"
"2017-03-28 02:00","2017","03","28","02:00","-0.9","","-4.0","","79","","19","","9","","","","","M","","","-4","","NA"
"2017-03-28 03:00","2017","03","28","03:00","-1.0","","-5.0","","75","","20","","10","","","","","M","","","-5","","NA"
"2017-03-28 04:00","2017","03","28","04:00","-1.4","","-5.7","","72","","20","","12","","","","","M","","","-5","","NA"
"2017-03-28 05:00","2017","03","28","05:00","-2.2","","-5.9","","76","","19","","11","","","","","M","","","-6","","NA"
"2017-03-28 06:00","2017","03","28","06:00","-1.5","","-5.8","","72","","20","","11","","","","","M","","","-5","","NA"
"2017-03-28 07:00","2017","03","28","07:00","0.2","","-5.0","","68","","20","","11","","","","","M","","","","","NA"
"2017-03-28 08:00","2017","03","28","08:00","3.1","","-4.1","","59","","21","","4","","","","","M","","","","","NA"
"2017-03-28 09:00","2017","03","28","09:00","6.7","","-4.0","","46","","22","","17","","","","","M","","","","","NA"
"2017-03-28 10:00","2017","03","28","10:00","9.5","","-6.2","","32","","24","","20","","","","","M","","","","","NA"
"2017-03-28 11:00","2017","03","28","11:00","11.5","","-7.9","","25","","26","","19","","","","","M","","","","","NA"
"2017-03-28 12:00","2017","03","28","12:00","12.5","","-9.7","","20","","26","","14","","","","","M","","","","","NA"
"2017-03-28 13:00","2017","03","28","13:00","12.1","","-7.9","","24","","27","","24","","","","","M","","","","","NA"
"2017-03-28 14:00","2017","03","28","14:00","12.9","","-8.0","","23","","26","","21","","","","","M","","","","","NA"
"2017-03-28 15:00","2017","03","28","15:00","11.3","","-7.1","","27","","25","","21","","","","","M","","","","","NA"
"2017-03-28 16:00","2017","03","28","16:00","11.2","","-7.0","","27","","22","","26","","","","","M","","","","","NA"
"2017-03-28 17:00","2017","03","28","17:00","10.9","","-7.8","","26","","27","","20","","","","","M","","","","","NA"
"2017-03-28 18:00","2017","03","28","18:00","10.6","","-7.0","","28","","25","","18","","","","","M","","","","","NA"
"2017-03-28 19:00","2017","03","28","19:00","6.4","","-6.7","","38","","20","","19","","","","","M","","","","","NA"
"2017-03-28 20:00","2017","03","28","20:00","4.6","","-5.4","","48","","22","","17","","","","","M","","","","","NA"
"2017-03-28 21:00","2017","03","28","21:00","2.8","","-5.1","","56","","21","","15","","","","","M","","","","","NA"
"2017-03-28 22:00","2017","03","28","22:00","3.1","","-5.6","","53","","22","","13","","","","","M","","","","","NA"
"2017-03-28 23:00","2017","03","28","23:00","2.7","","-6.1","","52","","26","","17","","","","","M","","","","","NA"
"2017-03-29 00:00","2017","03","29","00:00","1.7","","-5.7","","58","","25","","13","","","","","M","","","","","NA"
"2017-03-29 01:00","2017","03","29","01:00","3.2","","-5.9","","51","","23","","12","","","","","M","","","","","NA"
"2017-03-29 02:00","2017","03","29","02:00","4.3","","-6.1","","47","","26","","24","","","","","M","","","","","NA"
"2017-03-29 03:00","2017","03","29","03:00","0.9","","-6.1","","59","","25","","16","","","","","M","","","","","NA"
"2017-03-29 04:00","2017","03","29","04:00","-1.0","","-6.5","","66","","23","","11","","","","","M","","","-5","","NA"
"2017-03-29 05:00","2017","03","29","05:00","-0.9","","-6.5","","66","","23","","7","","","","","M","","","-3","","NA"
"2017-03-29 06:00","2017","03","29","06:00","0.1","","-6.1","","63","","27","","12","","","","","M","","","","","NA"
"2017-03-29 07:00","2017","03","29","07:00","1.5","","-5.1","","62","","21","","8","","","","","M","","","","","NA"
"2017-03-29 08:00","2017","03","29","08:00","4.5","","-4.7","","51","","20","","7","","","","","M","","","","","NA"
"2017-03-29 09:00","2017","03","29","09:00","6.2","","-4.8","","45","","21","","12","","","","","M","","","","","NA"
"2017-03-29 10:00","2017","03","29","10:00","7.9","","-4.7","","40","","23","","11","","","","","M","","","","","NA"
"2017-03-29 11:00","2017","03","29","11:00","9.9","","-7.2","","29","","23","","8","","","","","M","","","","","NA"
"2017-03-29 12:00","2017","03","29","12:00","10.2","","-8.5","","26","","20","","13","","","","","M","","","","","NA"
"2017-03-29 13:00","2017","03","29","13:00","10.2","","-2.6","","41","","23","","31","","","","","M","","","","","NA"
"2017-03-29 14:00","2017","03","29","14:00","10.5","","-4.3","","35","","21","","28","","","","","M","","","","","NA"
"2017-03-29 15:00","2017","03","29","15:00","11.5","","-4.3","","33","","22","","24","","","","","M","","","","","NA"
"2017-03-29 16:00","2017","03","29","16:00","11.4","","-3.6","","35","","22","","25","","","","","M","","","","","NA"
"2017-03-29 17:00","2017","03","29","17:00","10.7","","-3.8","","36","","21","","25","","","","","M","","","","","NA"
"2017-03-29 18:00","2017","03","29","18:00","9.2","","-3.1","","42","","21","","20","","","","","M","","","","","NA"
"2017-03-29 19:00","2017","03","29","19:00","7.6","","-2.9","","48","","19","","12","","","","","M","","","","","NA"
"2017-03-29 20:00","2017","03","29","20:00","6.8","","-2.7","","51","","19","","17","","","","","M","","","","","NA"
"2017-03-29 21:00","2017","03","29","21:00","5.3","","-2.4","","58","","20","","15","","","","","M","","","","","NA"
"2017-03-29 22:00","2017","03","29","22:00","3.2","","-2.8","","65","","21","","10","","","","","M","","","","","NA"
"2017-03-29 23:00","2017","03","29","23:00","1.2","","-2.9","","74","","20","","5","","","","","M","","","","","NA"
"2017-03-30 00:00","2017","03","30","00:00","1.4","","-2.7","","74","","22","","6","","","","","M","","","","","NA"
"2017-03-30 01:00","2017","03","30","01:00","1.0","","-3.2","","73","","24","","6","","","","","M","","","","","NA"
"2017-03-30 02:00","2017","03","30","02:00","1.8","","-3.7","","67","","30","","5","","","","","M","","","","","NA"
"2017-03-30 03:00","2017","03","30","03:00","0.8","","-4.6","","67","","21","","7","","","","","M","","","","","NA"
"2017-03-30 04:00","2017","03","30","04:00","0.1","","-4.6","","70","","25","","2","","","","","M","","","","","NA"
"2017-03-30 05:00","2017","03","30","05:00","0.5","","-4.5","","69","","10","","3","","","","","M","","","","","NA"
"2017-03-30 06:00","2017","03","30","06:00","-0.7","","-4.6","","75","","14","","2","","","","","M","","","-1","","NA"
"2017-03-30 07:00","2017","03","30","07:00","0.3","","-4.6","","70","","27","","3","","","","","M","","","","","NA"
"2017-03-30 08:00","2017","03","30","08:00","3.3","","-2.0","","68","","23","","8","","","","","M","","","","","NA"
"2017-03-30 09:00","2017","03","30","09:00","7.5","","-3.1","","47","","27","","6","","","","","M","","","","","NA"
"2017-03-30 10:00","2017","03","30","10:00","9.9","","-3.6","","39","","35","","15","","","","","M","","","","","NA"
"2017-03-30 11:00","2017","03","30","11:00","12.2","","-5.0","","30","","2","","20","","","","","M","","","","","NA"
"2017-03-30 12:00","2017","03","30","12:00","12.7","","-4.9","","29","","35","","17","","","","","M","","","","","NA"
"2017-03-30 13:00","2017","03","30","13:00","13.6","","-4.0","","29","","36","","19","","","","","M","","","","","NA"
"2017-03-30 14:00","2017","03","30","14:00","13.5","","-4.0","","29","","2","","23","","","","","M","","","","","NA"
"2017-03-30 15:00","2017","03","30","15:00","13.6","","-4.2","","29","","1","","16","","","","","M","","","","","NA"
"2017-03-30 16:00","2017","03","30","16:00","13.2","","-4.7","","28","","36","","19","","","","","M","","","","","NA"
"2017-03-30 17:00","2017","03","30","17:00","11.2","","-1.4","","41","","3","","19","","","","","M","","","","","NA"
"2017-03-30 18:00","2017","03","30","18:00","5.6","","2.2","","78","","2","","33","","","","","M","","","","","NA"
"2017-03-30 19:00","2017","03","30","19:00","4.4","","1.8","","83","","2","","26","","","","","M","","","","","NA"
"2017-03-30 20:00","2017","03","30","20:00","3.8","","1.9","","88","","3","","21","","","","","M","","","","","NA"
"2017-03-30 21:00","2017","03","30","21:00","3.4","","1.9","","90","","1","","21","","","","","M","","","","","NA"
"2017-03-30 22:00","2017","03","30","22:00","3.3","","1.8","","90","","1","","24","","","","","M","","","","","NA"
"2017-03-30 23:00","2017","03","30","23:00","2.6","","1.2","","91","","2","","21","","","","","M","","","","","NA"
"2017-03-31 00:00","2017","03","31","00:00","1.8","","0.5","","91","","2","","19","","","","","M","","","","","NA"
"2017-03-31 01:00","2017","03","31","01:00","1.3","","0.1","","92","","1","","10","","","","","M","","","","","NA"
"2017-03-31 02:00","2017","03","31","02:00","1.3","","0.2","","92","","35","","14","","","","","M","","","","","NA"
"2017-03-31 03:00","2017","03","31","03:00","1.4","","0.2","","92","","34","","15","","","","","M","","","","","NA"
"2017-03-31 04:00","2017","03","31","04:00","1.4","","0.2","","92","","34","","13","","","","","M","","","","","NA"
"2017-03-31 05:00","2017","03","31","05:00","1.1","","-0.2","","92","","36","","7","","","","","M","","","","","NA"
"2017-03-31 06:00","2017","03","31","06:00","0.4","","-0.7","","92","","1","","4","","","","","M","","","","","NA"
"2017-03-31 07:00","2017","03","31","07:00","0.2","","-0.9","","93","","15","","2","","","","","M","","","","","NA"
"2017-03-31 08:00","2017","03","31","08:00","1.3","","0.3","","93","","19","","5","","","","","M","","","","","NA"
"2017-03-31 09:00","2017","03","31","09:00","2.5","","1.0","","90","","26","","11","","","","","M","","","","","NA"
"2017-03-31 10:00","2017","03","31","10:00","3.4","","1.1","","85","","22","","18","","","","","M","","","","","NA"
"2017-03-31 11:00","2017","03","31","11:00","5.0","","1.4","","77","","20","","22","","","","","M","","","","","NA"
"2017-03-31 12:00","2017","03","31","12:00","8.0","","1.8","","65","","19","","28","","","","","M","","","","","NA"
"2017-03-31 13:00","2017","03","31","13:00","10.4","","-0.2","","48","","20","","33","","","","","M","","","","","NA"
"2017-03-31 14:00","2017","03","31","14:00","12.0","","-2.2","","37","","21","","36","","","","","M","","","","","NA"
"2017-03-31 15:00","2017","03","31","15:00","12.4","","-1.0","","40","","20","","37","","","","","M","","","","","NA"
"2017-03-31 16:00","2017","03","31","16:00","12.1","","-2.6","","36","","21","","35","","","","","M","","","","","NA"
"2017-03-31 17:00","2017","03","31","17:00","12.4","","-2.3","","36","","20","","34","","","","","M","","","","","NA"
"2017-03-31 18:00","2017","03","31","18:00","12.5","","-1.0","","39","","19","","33","","","","","M","","","","","NA"
"2017-03-31 19:00","2017","03","31","19:00","9.6","","-1.8","","45","","19","","28","","","","","M","","","","","NA"
"2017-03-31 20:00","2017","03","31","20:00","7.2","","-3.0","","48","","20","","25","","","","","M","","","","","NA"
"2017-03-31 21:00","2017","03","31","21:00","4.0","","-3.3","","59","","20","","12","","","","","M","","","","","NA"
"2017-03-31 22:00","2017","03","31","22:00","3.5","","-3.4","","61","","20","","11","","","","","M","","","","","NA"
"2017-03-31 23:00","2017","03","31","23:00","2.9","","-3.7","","62","","20","","9","","","","","M","","","","","NA"
